交易日期,证券简称,证券代码,成交价格(元),成交金额(万元),成交量(手),买入营业部,卖出营业部,是否专场
2025-01-13,伟测科技,688372,62.06,1861.8,30,中泰证券股份有限公司东北分公司,国联证券股份有限公司无锡梁清路证券营业部,否
2025-01-13,伟测科技,688372,62.06,1241.2,20,方正证券股份有限公司安阳紫薇大道证券营业部,国联证券股份有限公司无锡梁清路证券营业部,否
2025-01-13,京仪装备,688652,53.52,1016.88,19,机构专用,申港证券股份有限公司湖北分公司,否
2025-01-13,药明康德,603259,51.6,412.8,8,南京证券股份有限公司南京柳洲南路证券营业部,东兴证券股份有限公司宁德闽东中路证券营业部,否
2025-01-13,天岳先进,688234,45.41,908.2,20,高盛（中国）证券有限责任公司上海浦东新区世纪大道证券营业部,海通证券股份有限公司沈阳大西路证券营业部,否
2025-01-13,天岳先进,688234,45.41,726.56,16,机构专用,海通证券股份有限公司沈阳大西路证券营业部,否
2025-01-13,天岳先进,688234,45.41,227.05,5,中信建投证券股份有限公司北京望京证券营业部,海通证券股份有限公司沈阳大西路证券营业部,否
2025-01-13,天岳先进,688234,45.41,204.35,4.5,中信证券股份有限公司总部(非营业场所),海通证券股份有限公司沈阳大西路证券营业部,否
2025-01-13,天岳先进,688234,45.41,202.53,4.46,机构专用,海通证券股份有限公司沈阳大西路证券营业部,否
2025-01-13,天岳先进,688234,45.41,202.53,4.46,机构专用,海通证券股份有限公司沈阳大西路证券营业部,否
2025-01-13,九号公司,689009,43.91,878.2,20,机构专用,中国国际金融股份有限公司上海分公司,否
2025-01-13,九号公司,689009,43.91,395.19,9,中信证券股份有限公司杭州婺江路证券营业部,中国国际金融股份有限公司上海分公司,否
2025-01-13,九号公司,689009,43.91,263.46,6,东北证券股份有限公司杭州教工路证券营业部,中国国际金融股份有限公司上海分公司,否
2025-01-13,九号公司,689009,43.91,219.55,5,中信证券股份有限公司总部(非营业场所),中国国际金融股份有限公司上海分公司,否
2025-01-13,九号公司,689009,43.91,219.55,5,机构专用,中国国际金融股份有限公司上海分公司,否
2025-01-13,九号公司,689009,43.91,201.99,4.6,中信证券股份有限公司上海分公司,中国国际金融股份有限公司上海分公司,否
2025-01-13,九号公司,689009,43.91,201.99,4.6,中国中金财富证券有限公司深圳分公司,中国国际金融股份有限公司上海分公司,否
2025-01-13,博迁新材,605376,26.25,288.75,11,机构专用,海通证券股份有限公司上海黄浦区合肥路证券营业部,否
2025-01-13,博迁新材,605376,26.25,262.5,10,中信证券股份有限公司总部(非营业场所),海通证券股份有限公司上海黄浦区合肥路证券营业部,否
2025-01-13,博迁新材,605376,26.25,262.5,10,机构专用,海通证券股份有限公司上海黄浦区合肥路证券营业部,否
2025-01-13,博迁新材,605376,26.25,202.13,7.7,中信证券股份有限公司总部(非营业场所),海通证券股份有限公司上海黄浦区合肥路证券营业部,否
2025-01-13,博迁新材,605376,26.25,200.03,7.62,中信证券股份有限公司上海分公司,海通证券股份有限公司上海黄浦区合肥路证券营业部,否
2025-01-13,博迁新材,605376,26.25,200.03,7.62,中信证券股份有限公司徐州建国西路证券营业部,海通证券股份有限公司上海黄浦区合肥路证券营业部,否
2025-01-13,博迁新材,605376,26.25,200.03,7.62,国投证券股份有限公司佛山北滘证券营业部,海通证券股份有限公司上海黄浦区合肥路证券营业部,否
2025-01-13,博迁新材,605376,26.25,200.03,7.62,海通证券股份有限公司哈尔滨果戈里大街证券营业部,海通证券股份有限公司上海黄浦区合肥路证券营业部,否
2025-01-13,浙江荣泰,603119,21.6,200.02,9.26,中信证券股份有限公司上海分公司,中信证券股份有限公司成都日月大道证券营业部,否
2025-01-13,新相微,688593,19.68,8501.76,432,申万宏源证券有限公司上海黄浦区新昌路证券营业部,中国中金财富证券有限公司北京万寿路证券营业部,否
2025-01-13,妙可蓝多,600882,19.5,914.36,46.89,国元证券股份有限公司诸暨东二路证券营业部,广发证券股份有限公司湖州高富路证券营业部,否
2025-01-13,安必平,688393,13.38,374.64,28,万联证券股份有限公司广州农林下路证券营业部,民生证券股份有限公司广州分公司,否
2025-01-13,中金黄金,600489,12.84,4141.94,322.58,申万宏源证券有限公司证券投资总部,中国国际金融股份有限公司北京建国门外大街证券营业部,否
2025-01-13,国家电投,508028,10.86,3256.5,300,中国国际金融股份有限公司北京建国门外大街证券营业部,中信证券股份有限公司总部(非营业场所),否
2025-01-13,天智航,688277,9,522,58,国泰君安证券股份有限公司武汉紫阳东路证券营业部,国泰君安证券股份有限公司武汉紫阳东路证券营业部,否
2025-01-13,欧林生物,688319,8.45,507,60,长江证券股份有限公司上海锦绣路证券营业部,中国银河证券股份有限公司萍乡韶山东路证券营业部,否
2025-01-13,汇成股份,688403,7.93,374.74,47.26,海通证券股份有限公司合肥黄山路证券营业部,海通证券股份有限公司合肥黄山路证券营业部,否
2025-01-13,九牧王,601566,6.74,2224.2,330,兴业证券股份有限公司厦门建业路证券营业部,兴业证券股份有限公司厦门穆厝路证券营业部,否
2025-01-13,南京交通,508069,6.34,2662.8,420,中信证券股份有限公司总部(非营业场所),中国国际金融股份有限公司北京建国门外大街证券营业部,否
2025-01-13,XD贵州燃,600903,6,204,34,机构专用,国泰君安证券股份有限公司深圳人民南路证券营业部,否
2025-01-13,XD贵州燃,600903,6,201,33.5,中信证券股份有限公司上海世博馆路证券营业部,国泰君安证券股份有限公司深圳人民南路证券营业部,否
2025-01-13,XD贵州燃,600903,6,200.4,33.4,中信证券股份有限公司徐州建国西路证券营业部,国泰君安证券股份有限公司深圳人民南路证券营业部,否
2025-01-13,XD贵州燃,600903,6,180,30,国投证券股份有限公司连云港郁州北路证券营业部,国泰君安证券股份有限公司深圳人民南路证券营业部,否
2025-01-13,浙文互联,600986,5.26,474.27,90.17,平安证券股份有限公司上海红宝石路证券营业部,长城证券股份有限公司三亚迎宾路证券营业部,否
2025-01-13,亚士创能,603378,5.09,191.38,37.6,东海证券股份有限公司上海长宁区水城南路证券营业部,华泰证券股份有限公司上海普陀区江宁路证券营业部,否
2025-01-13,亚士创能,603378,5.09,159.32,31.3,东海证券股份有限公司盐城解放南路证券营业部,华泰证券股份有限公司上海普陀区江宁路证券营业部,否
2025-01-13,亚士创能,603378,5.09,158.3,31.1,东海证券股份有限公司上海长宁区水城南路证券营业部,华泰证券股份有限公司上海普陀区江宁路证券营业部,否
2025-01-13,芯联集成,688469,4.46,1338,300,南京证券股份有限公司南通姚港路证券营业部,申港证券股份有限公司湖北分公司,否
2025-01-13,百川能源,600681,3.1,155,50,机构专用,华泰证券股份有限公司上海分公司,否
2025-01-13,建设机械,600984,3.04,184.38,60.65,华龙证券股份有限公司上海大渡河路证券营业部,银泰证券有限责任公司苏州星都街证券营业部,否
2025-01-13,建邺REIT,508097,3,3686.55,1230.9,申万宏源证券有限公司上海黄浦区福州路证券营业部,中国银河证券股份有限公司总部,否
2025-01-13,*ST博信,600083,1.07,32.1,30,财通证券股份有限公司杭州文二西路证券营业部,海通证券股份有限公司六安大别山路证券营业部,否
2025-01-13,医药ETF,512010,0.34,338,1000,华泰证券股份有限公司上海浦东新区世纪大道证券营业部,中国银河证券股份有限公司总部,否
2025-01-10,恒玄科技,688608,287.25,577.37,2.01,机构专用,中信建投证券股份有限公司上海市五莲路证券营业部,否
2025-01-10,澜起科技,688008,60.93,450.88,7.4,广发证券股份有限公司广州临江大道证券营业部,中国中金财富证券有限公司上海浦东新区世纪大道证券营业部,否
2025-01-10,京仪装备,688652,54.41,1033.79,19,机构专用,申港证券股份有限公司湖北分公司,否
2025-01-10,天岳先进,688234,43.75,796.25,18.2,中信证券股份有限公司徐州建国西路证券营业部,海通证券股份有限公司沈阳大西路证券营业部,否
2025-01-10,天岳先进,688234,43.75,350,8,国泰君安证券股份有限公司总部,海通证券股份有限公司沈阳大西路证券营业部,否
2025-01-10,天岳先进,688234,43.75,218.75,5,中国中金财富证券有限公司深圳分公司,海通证券股份有限公司沈阳大西路证券营业部,否
2025-01-10,泰凌微,688591,34,204,6,招商证券股份有限公司厦门湖滨东路证券营业部,招商证券股份有限公司上海梅花路证券营业部,否
2025-01-10,华懋科技,603306,29.63,5926,200,中国银河证券股份有限公司中山小榄升平东路证券营业部,中信证券股份有限公司东阳吴宁西路证券营业部,否
2025-01-10,华懋科技,603306,29.63,5926,200,中国银河证券股份有限公司中山小榄升平东路证券营业部,中信证券股份有限公司东阳吴宁西路证券营业部,否
2025-01-10,泰凌微,688591,26.41,336.41,12.74,国新证券股份有限公司深圳深南大道证券营业部,华福证券有限责任公司深圳分公司,否
2025-01-10,圣泉集团,605589,23.61,2384.61,101,中信建投证券股份有限公司总部,金元证券股份有限公司山东分公司,否
2025-01-10,成大生物,688739,19.6,491.96,25.1,中国银河证券股份有限公司大连人民路证券营业部,中国银河证券股份有限公司大连人民路证券营业部,否
2025-01-10,安必平,688393,13.78,358.28,26,万联证券股份有限公司广州农林下路证券营业部,民生证券股份有限公司广州分公司,否
2025-01-10,同益中,688722,11.68,752.78,64.45,中信证券华南股份有限公司东莞分公司,中信证券华南股份有限公司东莞元美东路证券营业部,否
2025-01-10,颀中科技,688352,8.84,422.1,47.75,中信建投证券股份有限公司苏州分公司,中信建投证券股份有限公司淮南朝阳西路证券营业部,否
2025-01-10,陆家嘴,600663,8.54,320.45,37.52,机构专用,机构专用,否
2025-01-10,上海电力,600021,8.54,202.4,23.7,华泰证券股份有限公司总部,中信证券股份有限公司上海分公司,否
2025-01-10,镇洋发展,603213,8.1,399.74,49.35,财通证券股份有限公司杭州富阳公望街证券营业部,国信证券股份有限公司杭州市心中路证券营业部,否
2025-01-10,明阳REIT,508015,8.02,4601.41,574.1,申万宏源证券有限公司上海黄浦区福州路证券营业部,中信证券股份有限公司总部(非营业场所),否
2025-01-10,汇金通,603577,8,3192,399,海通证券股份有限公司北京知春路证券营业部,国金证券股份有限公司南安江北大道证券营业部,否
2025-01-10,浙文互联,600986,5.28,528,100,平安证券股份有限公司上海红宝石路证券营业部,长城证券股份有限公司三亚迎宾路证券营业部,否
2025-01-10,农业银行,601288,4.71,971.39,206.24,华创证券有限责任公司杭州东信大道证券营业部,华创证券有限责任公司杭州东信大道证券营业部,否
2025-01-10,芯联集成,688469,4.46,1338,300,南京证券股份有限公司南通姚港路证券营业部,申港证券股份有限公司湖北分公司,否
2025-01-10,芯联集成,688469,4.06,203,50,中信证券股份有限公司总部(非营业场所),申港证券股份有限公司湖北分公司,否
2025-01-10,福建高速,600033,4,202,50.5,华泰证券股份有限公司总部,中信证券股份有限公司上海分公司,否
2025-01-10,秦港股份,601326,3.11,202.15,65,华泰证券股份有限公司总部,中信证券股份有限公司上海分公司,否
2025-01-09,恒玄科技,688608,297.22,1486.1,5,瑞银证券有限责任公司上海花园石桥路证券营业部,中信建投证券股份有限公司上海市五莲路证券营业部,否
2025-01-09,恒玄科技,688608,297.22,594.44,2,瑞银证券有限责任公司上海花园石桥路证券营业部,中信建投证券股份有限公司上海市五莲路证券营业部,否
2025-01-09,恒玄科技,688608,297.22,208.05,0.7,中信建投证券股份有限公司北京望京证券营业部,中信建投证券股份有限公司上海市五莲路证券营业部,否
2025-01-09,澜起科技,688008,60.93,1523.25,25,申万宏源证券有限公司证券投资总部,中国中金财富证券有限公司上海浦东新区世纪大道证券营业部,否
2025-01-09,澜起科技,688008,60.93,450.88,7.4,中国中金财富证券有限公司深圳分公司,中国中金财富证券有限公司上海浦东新区世纪大道证券营业部,否
2025-01-09,澜起科技,688008,60.93,450.88,7.4,广发证券股份有限公司佛山灯湖东路证券营业部,中国中金财富证券有限公司上海浦东新区世纪大道证券营业部,否
2025-01-09,澜起科技,688008,60.93,450.88,7.4,招商证券股份有限公司西安北大街证券营业部,中国中金财富证券有限公司上海浦东新区世纪大道证券营业部,否
2025-01-09,澜起科技,688008,60.93,341.21,5.6,国泰君安证券股份有限公司深圳红荔西路证券营业部,中国中金财富证券有限公司上海浦东新区世纪大道证券营业部,否
2025-01-09,澜起科技,688008,60.93,341.21,5.6,浙商证券股份有限公司绍兴分公司,中国中金财富证券有限公司上海浦东新区世纪大道证券营业部,否
2025-01-09,澜起科技,688008,60.93,341.21,5.6,浙商证券股份有限公司金华分公司,中国中金财富证券有限公司上海浦东新区世纪大道证券营业部,否
2025-01-09,澜起科技,688008,60.93,304.65,5,中信证券股份有限公司总部(非营业场所),中国中金财富证券有限公司上海浦东新区世纪大道证券营业部,否
2025-01-09,澜起科技,688008,60.93,304.65,5,汇丰前海证券有限责任公司深圳前海证券营业部,中国中金财富证券有限公司上海浦东新区世纪大道证券营业部,否
2025-01-09,澜起科技,688008,60.93,243.72,4,华泰证券股份有限公司深圳后海中心路证券营业部,中国中金财富证券有限公司上海浦东新区世纪大道证券营业部,否
2025-01-09,澜起科技,688008,60.93,219.35,3.6,广发证券股份有限公司西安浐灞大道证券营业部,中国中金财富证券有限公司上海浦东新区世纪大道证券营业部,否
2025-01-09,澜起科技,688008,60.93,200.46,3.29,中信证券股份有限公司徐州建国西路证券营业部,中国中金财富证券有限公司上海浦东新区世纪大道证券营业部,否
2025-01-09,澜起科技,688008,60.93,200,3.28,国投证券股份有限公司连云港郁州北路证券营业部,中国中金财富证券有限公司上海浦东新区世纪大道证券营业部,否
2025-01-09,行动教育,605098,34.21,478.94,14,中国银河证券股份有限公司金华证券营业部,东海证券股份有限公司上海长宁区长顺路证券营业部,否
2025-01-09,行动教育,605098,34.21,444.73,13,中国中金财富证券有限公司深圳分公司,东海证券股份有限公司上海长宁区长顺路证券营业部,否
2025-01-09,行动教育,605098,34.21,444.73,13,广发证券股份有限公司南京水佑岗证券营业部,东海证券股份有限公司上海长宁区长顺路证券营业部,否
2025-01-09,行动教育,605098,34.21,342.1,10,浙商证券股份有限公司金华分公司,东海证券股份有限公司上海长宁区长顺路证券营业部,否
2025-01-09,行动教育,605098,34.21,273.68,8,国金证券股份有限公司上海浦东新区芳甸路证券营业部,东海证券股份有限公司上海长宁区长顺路证券营业部,否
2025-01-09,杭州柯林,688611,32.35,760.23,23.5,华福证券有限责任公司浙江分公司,中国银河证券股份有限公司杭州海运国际大厦证券营业部,否
2025-01-09,中信证券,600030,26.89,942.23,35.04,国泰君安证券股份有限公司总部,国泰君安证券股份有限公司常州延陵中路证券营业部,否
2025-01-09,泰凌微,688591,26.31,499.89,19,国新证券股份有限公司深圳深南大道证券营业部,华福证券有限责任公司深圳分公司,否
2025-01-09,慧辰股份,688500,24,239.96,10,中泰证券股份有限公司上海南京西路证券营业部,机构专用,否
2025-01-09,润本股份,603193,23.6,271.4,11.5,海通证券股份有限公司上海黄浦区中山南路证券营业部,广发证券股份有限公司广州宸悦路证券营业部,否
2025-01-09,润本股份,603193,23.6,200.6,8.5,中信证券股份有限公司上海分公司,广发证券股份有限公司广州宸悦路证券营业部,否
2025-01-09,洪田股份,603800,22.12,597.24,27,华泰证券股份有限公司南京大光路证券营业部,中信证券华南股份有限公司广州珠江西路证券营业部,否
2025-01-09,洪田股份,603800,22.12,398.16,18,广发证券股份有限公司广州临江大道证券营业部,中信证券华南股份有限公司广州珠江西路证券营业部,否
2025-01-09,洪田股份,603800,22.12,287.56,13,中国银河证券股份有限公司金华证券营业部,中信证券华南股份有限公司广州珠江西路证券营业部,否
2025-01-09,洪田股份,603800,22.12,287.56,13,国都证券股份有限公司江苏分公司,中信证券华南股份有限公司广州珠江西路证券营业部,否
2025-01-09,洪田股份,603800,22.12,287.56,13,广发证券股份有限公司西安浐灞大道证券营业部,中信证券华南股份有限公司广州珠江西路证券营业部,否
2025-01-09,洪田股份,603800,22.12,287.56,13,浙商证券股份有限公司绍兴分公司,中信证券华南股份有限公司广州珠江西路证券营业部,否
2025-01-09,洪田股份,603800,22.12,287.56,13,浙商证券股份有限公司龙游荣昌大道证券营业部,中信证券华南股份有限公司广州珠江西路证券营业部,否
2025-01-09,洪田股份,603800,22.12,221.2,10,华泰证券股份有限公司南京分公司,中信证券华南股份有限公司广州珠江西路证券营业部,否
2025-01-09,洪田股份,603800,22.12,221.2,10,招商证券股份有限公司西安北大街证券营业部,中信证券华南股份有限公司广州珠江西路证券营业部,否
2025-01-09,洪田股份,603800,22.12,221.2,10,浙商证券股份有限公司绍兴分公司,中信证券华南股份有限公司广州珠江西路证券营业部,否
2025-01-09,洪田股份,603800,22.12,221.2,10,浙商证券股份有限公司金华分公司,中信证券华南股份有限公司广州珠江西路证券营业部,否
2025-01-09,洪田股份,603800,22.12,201.29,9.1,中信证券股份有限公司上海世博馆路证券营业部,中信证券华南股份有限公司广州珠江西路证券营业部,否
2025-01-09,安必平,688393,13.79,317.17,23,万联证券股份有限公司广州农林下路证券营业部,民生证券股份有限公司广州分公司,否
2025-01-09,益方生物,688382,12.69,203.04,16,机构专用,中信证券股份有限公司北京亚运村证券营业部,否
2025-01-09,益方生物,688382,12.69,203.04,16,机构专用,中信证券股份有限公司北京亚运村证券营业部,否
2025-01-09,天智航,688277,9.2,522.56,56.8,国泰君安证券股份有限公司武汉紫阳东路证券营业部,国泰君安证券股份有限公司武汉紫阳东路证券营业部,否
2025-01-09,颀中科技,688352,8.86,403.56,45.55,中信建投证券股份有限公司苏州分公司,中信建投证券股份有限公司淮南朝阳西路证券营业部,否
2025-01-09,陆家嘴,600663,8.69,1042.8,120,机构专用,机构专用,否
2025-01-09,镇洋发展,603213,8.22,598.42,72.8,国信证券股份有限公司杭州体育场路证券营业部,国信证券股份有限公司杭州市心中路证券营业部,否
2025-01-09,镇洋发展,603213,8.22,399.49,48.6,国信证券股份有限公司杭州大关路证券营业部,国信证券股份有限公司杭州市心中路证券营业部,否
2025-01-09,镇洋发展,603213,8.22,328.8,40,财通证券股份有限公司杭州庆春路证券营业部,国信证券股份有限公司杭州市心中路证券营业部,否
2025-01-09,金发科技,600143,8.2,17630,2150,国投证券股份有限公司深圳红荔西路证券营业部,广发证券股份有限公司广州黄埔大道证券营业部,否
2025-01-09,明阳REIT,508015,8.01,4600.84,574.1,中信证券股份有限公司总部(非营业场所),中国国际金融股份有限公司北京建国门外大街证券营业部,否
2025-01-09,南京交通,508069,6.11,4173.88,682.9,申万宏源证券有限公司上海黄浦区福州路证券营业部,中信证券股份有限公司总部(非营业场所),否
2025-01-09,亚士创能,603378,5.33,202.54,38,广发证券股份有限公司广州黄埔大道证券营业部,华泰证券股份有限公司上海普陀区江宁路证券营业部,否
2025-01-09,菲林格尔,603226,4.82,337.4,70,华泰证券股份有限公司北京学院南路证券营业部,中信建投证券股份有限公司济南和平路证券营业部,否
2025-01-09,芯联集成,688469,4.51,1353,300,南京证券股份有限公司南通姚港路证券营业部,申港证券股份有限公司湖北分公司,否
2025-01-09,三峡能源,600905,4.23,202.19,47.8,华泰证券股份有限公司总部,中信证券股份有限公司上海分公司,否
2025-01-09,电建清源,508026,4.21,522.29,124,中国国际金融股份有限公司北京建国门外大街证券营业部,中信证券股份有限公司总部(非营业场所),否
2025-01-09,芯联集成,688469,4.1,410.02,100.01,机构专用,申港证券股份有限公司湖北分公司,否
2025-01-09,芯联集成,688469,4.1,410.02,100.01,机构专用,申港证券股份有限公司湖北分公司,否
2025-01-09,芯联集成,688469,4.1,397.7,97,机构专用,申港证券股份有限公司湖北分公司,否
2025-01-09,芯联集成,688469,4.1,397.7,97,机构专用,申港证券股份有限公司湖北分公司,否
2025-01-09,芯联集成,688469,4.1,246,60,国泰君安证券股份有限公司总部,申港证券股份有限公司湖北分公司,否
2025-01-09,中金联东,508003,3.27,2998.59,917,中信证券股份有限公司总部(非营业场所),山西证券股份有限公司北京丽泽证券营业部,否
2025-01-09,首创奥莱,508005,3.23,4259.45,1317.9,申万宏源证券有限公司上海黄浦区福州路证券营业部,中信证券股份有限公司总部(非营业场所),否
2025-01-09,建邺REIT,508097,2.99,3685.31,1230.9,中国银河证券股份有限公司总部,中国国际金融股份有限公司北京建国门外大街证券营业部,否
2025-01-09,百联消费,508002,2.41,1113.52,463,中信建投证券股份有限公司总部,中信证券股份有限公司北京建外大街证券营业部,否
2025-01-09,医疗ETF,512170,0.31,308,1000,华泰证券股份有限公司上海浦东新区世纪大道证券营业部,中信证券股份有限公司上海分公司,否
2025-01-09,医疗ETF,512170,0.31,308,1000,华泰证券股份有限公司苏州干将西路证券营业部,中信证券股份有限公司上海分公司,否
2025-01-09,医疗ETF,512170,0.31,92.4,300,华泰证券股份有限公司深圳后海中心路证券营业部,中国国际金融股份有限公司北京建国门外大街证券营业部,否
2025-01-09,医疗ETF,512170,0.3,87.69,292.3,中国中金财富证券有限公司福州五四路证券营业部,中国中金财富证券有限公司福州五四路证券营业部,否
2025-01-08,恒玄科技,688608,294.23,205.96,0.7,中信证券股份有限公司上海分公司,中信建投证券股份有限公司上海市五莲路证券营业部,否
2025-01-08,恒玄科技,688608,294.23,205.96,0.7,中信证券股份有限公司总部(非营业场所),中信建投证券股份有限公司上海市五莲路证券营业部,否
2025-01-08,恒玄科技,688608,294.23,205.96,0.7,国泰君安证券股份有限公司总部,中信建投证券股份有限公司上海市五莲路证券营业部,否
2025-01-08,海光信息,688041,149.89,359.74,2.4,中信证券股份有限公司总部(非营业场所),中信证券（山东）有限责任公司临沂上海路证券营业部,否
2025-01-08,禾迈股份,688032,105.61,215.97,2.05,中信证券股份有限公司总部(非营业场所),中信证券（山东）有限责任公司临沂上海路证券营业部,否
2025-01-08,澜起科技,688008,61.81,309.05,5,汇丰前海证券有限责任公司深圳前海证券营业部,中国中金财富证券有限公司上海浦东新区世纪大道证券营业部,否
2025-01-08,澜起科技,688008,61.81,203.97,3.3,万联证券股份有限公司深圳分公司,中国中金财富证券有限公司上海浦东新区世纪大道证券营业部,否
2025-01-08,澜起科技,688008,61.81,203.97,3.3,国投证券股份有限公司佛山北滘证券营业部,中国中金财富证券有限公司上海浦东新区世纪大道证券营业部,否
2025-01-08,澜起科技,688008,61.81,203.97,3.3,长城证券股份有限公司总部,中国中金财富证券有限公司上海浦东新区世纪大道证券营业部,否
2025-01-08,鼎通科技,688668,43.75,437.5,10,机构专用,东莞证券股份有限公司东莞虎门分公司,否
2025-01-08,鼎通科技,688668,43.26,865.2,20,中信证券股份有限公司南京双龙大道证券营业部,东莞证券股份有限公司东莞虎门分公司,否
2025-01-08,鼎通科技,688668,43.26,865.2,20,高盛（中国）证券有限责任公司上海浦东新区世纪大道证券营业部,东莞证券股份有限公司东莞虎门分公司,否
2025-01-08,鼎通科技,688668,43.26,648.9,15,浙商证券股份有限公司绍兴分公司,东莞证券股份有限公司东莞虎门分公司,否
2025-01-08,鼎通科技,688668,43.26,475.86,11,中国银河证券股份有限公司南京洪武路证券营业部,东莞证券股份有限公司东莞虎门分公司,否
2025-01-08,鼎通科技,688668,43.26,475.86,11,华泰证券股份有限公司南京文澜路证券营业部,东莞证券股份有限公司东莞虎门分公司,否
2025-01-08,鼎通科技,688668,43.26,432.6,10,中信证券股份有限公司南京双龙大道证券营业部,东莞证券股份有限公司东莞虎门分公司,否
2025-01-08,鼎通科技,688668,43.26,432.6,10,中信证券股份有限公司苏州分公司,东莞证券股份有限公司东莞虎门分公司,否
2025-01-08,鼎通科技,688668,43.26,432.6,10,国都证券股份有限公司江苏分公司,东莞证券股份有限公司东莞虎门分公司,否
2025-01-08,鼎通科技,688668,43.26,432.6,10,广发证券股份有限公司广州临江大道证券营业部,东莞证券股份有限公司东莞虎门分公司,否
2025-01-08,鼎通科技,688668,43.26,432.6,10,广发证券股份有限公司西安浐灞大道证券营业部,东莞证券股份有限公司东莞虎门分公司,否
2025-01-08,鼎通科技,688668,43.26,432.6,10,招商证券股份有限公司西安北大街证券营业部,东莞证券股份有限公司东莞虎门分公司,否
2025-01-08,鼎通科技,688668,43.26,259.56,6,广发证券股份有限公司南京水佑岗证券营业部,东莞证券股份有限公司东莞虎门分公司,否
2025-01-08,鼎通科技,688668,43.26,259.56,6,招商证券股份有限公司西安北大街证券营业部,东莞证券股份有限公司东莞虎门分公司,否
2025-01-08,鼎通科技,688668,43.26,259.56,6,招商证券股份有限公司西安北大街证券营业部,东莞证券股份有限公司东莞虎门分公司,否
2025-01-08,鼎通科技,688668,43.26,258.26,5.97,中信证券股份有限公司徐州建国西路证券营业部,东莞证券股份有限公司东莞虎门分公司,否
2025-01-08,鼎通科技,688668,43.26,216.3,5,中信证券股份有限公司上海世博馆路证券营业部,东莞证券股份有限公司东莞虎门分公司,否
2025-01-08,鼎通科技,688668,43.26,216.3,5,中国中金财富证券有限公司深圳分公司,东莞证券股份有限公司东莞虎门分公司,否
2025-01-08,鼎通科技,688668,43.26,216.3,5,中国银河证券股份有限公司杭州建国北路证券营业部,东莞证券股份有限公司东莞虎门分公司,否
2025-01-08,鼎通科技,688668,43.26,216.3,5,中国银河证券股份有限公司浙江分公司,东莞证券股份有限公司东莞虎门分公司,否
2025-01-08,鼎通科技,688668,43.26,216.3,5,中国银河证券股份有限公司金华证券营业部,东莞证券股份有限公司东莞虎门分公司,否
2025-01-08,鼎通科技,688668,43.26,216.3,5,浙商证券股份有限公司金华分公司,东莞证券股份有限公司东莞虎门分公司,否
2025-01-08,鼎通科技,688668,43.26,200.29,4.63,机构专用,东莞证券股份有限公司东莞虎门分公司,否
2025-01-08,国光电气,688776,41.5,443.64,10.69,中国银河证券股份有限公司杭州建国北路证券营业部,中信证券股份有限公司成都人民南路证券营业部,否
2025-01-08,国光电气,688776,41.5,373.5,9,中信证券股份有限公司南京双龙大道证券营业部,中信证券股份有限公司成都人民南路证券营业部,否
2025-01-08,国光电气,688776,41.5,249,6,广发证券股份有限公司广州临江大道证券营业部,中信证券股份有限公司成都人民南路证券营业部,否
2025-01-08,国光电气,688776,41.5,207.5,5,广发证券股份有限公司西安浐灞大道证券营业部,中信证券股份有限公司成都人民南路证券营业部,否
2025-01-08,中国卫星,600118,25.76,206.85,8.03,海通证券股份有限公司上海嘉定区洪德路证券营业部,中信证券股份有限公司上海分公司,否
2025-01-08,埃夫特,688165,24,288,12,机构专用,中国中金财富证券有限公司北京建国门外大街证券营业部,否
2025-01-08,埃夫特,688165,24,204,8.5,国泰君安证券股份有限公司总部,中国中金财富证券有限公司北京建国门外大街证券营业部,否
2025-01-08,埃夫特,688165,24,201.6,8.4,中信证券股份有限公司徐州建国西路证券营业部,中国中金财富证券有限公司北京建国门外大街证券营业部,否
2025-01-08,润本股份,603193,23.11,2079.9,90,机构专用,广发证券股份有限公司广州宸悦路证券营业部,否
2025-01-08,润本股份,603193,23.11,1155.5,50,机构专用,广发证券股份有限公司广州宸悦路证券营业部,否
2025-01-08,润本股份,603193,23.11,231.1,10,机构专用,广发证券股份有限公司广州宸悦路证券营业部,否
2025-01-08,润本股份,603193,23.11,207.99,9,中信建投证券股份有限公司北京望京证券营业部,广发证券股份有限公司广州宸悦路证券营业部,否
2025-01-08,润本股份,603193,23.11,207.99,9,机构专用,广发证券股份有限公司广州宸悦路证券营业部,否
2025-01-08,润本股份,603193,23.11,207.99,9,机构专用,广发证券股份有限公司广州宸悦路证券营业部,否
2025-01-08,润本股份,603193,23.11,207.99,9,机构专用,广发证券股份有限公司广州宸悦路证券营业部,否
2025-01-08,世华科技,688093,18.59,221.18,11.9,华泰证券股份有限公司重庆江北嘴证券营业部,中信建投证券股份有限公司重庆青枫北路证券营业部,否
2025-01-08,国睿科技,600562,17,267.75,15.75,湘财证券股份有限公司上海江宁路证券营业部,中信建投证券股份有限公司上海万航渡路证券营业部,否
2025-01-08,益方生物,688382,12.69,406.08,32,机构专用,中信证券股份有限公司北京亚运村证券营业部,否
2025-01-08,益方生物,688382,12.69,203.04,16,机构专用,中信证券股份有限公司北京亚运村证券营业部,否
2025-01-08,益方生物,688382,12.69,203.04,16,机构专用,中信证券股份有限公司北京亚运村证券营业部,否
2025-01-08,益方生物,688382,12.69,203.04,16,机构专用,中信证券股份有限公司北京亚运村证券营业部,否
2025-01-08,重庆银行,601963,9.11,932.32,102.34,国泰君安证券股份有限公司重庆中山三路证券营业部,国泰君安证券股份有限公司重庆中山三路证券营业部,否
2025-01-08,汇成股份,688403,8.21,755.32,92,海通证券股份有限公司合肥黄山路证券营业部,海通证券股份有限公司合肥黄山路证券营业部,否
2025-01-08,明阳REIT,508015,8.01,4600.26,574.1,中国国际金融股份有限公司北京建国门外大街证券营业部,申万宏源证券有限公司上海黄浦区福州路证券营业部,否
2025-01-08,金发科技,600143,7.3,2920,400,国投证券股份有限公司深圳红荔西路证券营业部,广发证券股份有限公司广州黄埔大道证券营业部,否
2025-01-08,南京交通,508069,6.11,4173.2,682.9,中信证券股份有限公司总部(非营业场所),广发证券股份有限公司总部,否
2025-01-08,工商银行,601398,6.03,4221,700,光大证券股份有限公司重庆金昌路证券营业部,光大证券股份有限公司重庆金昌路证券营业部,否
2025-01-08,中国银行,601988,5.52,496.8,90,中信证券股份有限公司深圳分公司,国投证券股份有限公司总部,否
2025-01-08,XD农业银,601288,5.18,331.52,64,国泰君安证券股份有限公司总部,国泰君安证券股份有限公司成都双庆路证券营业部,否
2025-01-08,芯联集成,688469,4.57,1371,300,南京证券股份有限公司南通姚港路证券营业部,申港证券股份有限公司湖北分公司,否
2025-01-08,菲林格尔,603226,4.5,508.5,113,华泰证券股份有限公司北京学院南路证券营业部,中信建投证券股份有限公司济南和平路证券营业部,否
2025-01-08,电建清源,508026,4.21,522.16,124,中信证券股份有限公司总部(非营业场所),招商证券股份有限公司内设营业部（自营）,否
2025-01-08,芯联集成,688469,4.16,832,200,高盛（中国）证券有限责任公司上海浦东新区世纪大道证券营业部,申港证券股份有限公司湖北分公司,否
2025-01-08,芯联集成,688469,4.16,599.04,144,中信建投证券股份有限公司总部,申港证券股份有限公司湖北分公司,否
2025-01-08,芯联集成,688469,4.16,416,100,中信证券股份有限公司总部(非营业场所),申港证券股份有限公司湖北分公司,否
2025-01-08,芯联集成,688469,4.16,297.86,71.6,中信证券股份有限公司徐州建国西路证券营业部,申港证券股份有限公司湖北分公司,否
2025-01-08,芯联集成,688469,4.16,208,50,万联证券股份有限公司深圳分公司,申港证券股份有限公司湖北分公司,否
2025-01-08,芯联集成,688469,4.16,200.1,48.1,汇丰前海证券有限责任公司深圳前海证券营业部,申港证券股份有限公司湖北分公司,否
2025-01-08,芯联集成,688469,4.16,124.8,30,华泰证券股份有限公司广东分公司,申港证券股份有限公司湖北分公司,否
2025-01-08,芯联集成,688469,4.16,124.8,30,长城证券股份有限公司总部,申港证券股份有限公司湖北分公司,否
2025-01-08,首创奥莱,508005,3.28,4888.69,1490,中国国际金融股份有限公司北京建国门外大街证券营业部,中信证券股份有限公司总部(非营业场所),否
2025-01-08,中金联东,508003,3.28,1000.07,304.9,中信建投证券股份有限公司总部,山西证券股份有限公司北京丽泽证券营业部,否
2025-01-08,首创奥莱,508005,3.23,4258.13,1317.9,中信证券股份有限公司总部(非营业场所),广发证券股份有限公司总部,否
2025-01-08,建邺REIT,508097,2.99,3684.08,1230.9,中国国际金融股份有限公司北京建国门外大街证券营业部,申万宏源证券有限公司上海黄浦区福州路证券营业部,否
2025-01-08,券商ETF,512000,1.03,205.8,200,中国国际金融股份有限公司北京建国门外大街证券营业部,国新证券股份有限公司福州五一路证券营业部,否
2025-01-07,贵州茅台,600519,1440.2,1008.14,0.7,兴业证券股份有限公司厦门建业路证券营业部,国泰君安证券股份有限公司厦门国际金融中心证券营业部,否
2025-01-07,恒玄科技,688608,294.23,500.19,1.7,中信证券股份有限公司徐州建国西路证券营业部,中信建投证券股份有限公司上海市五莲路证券营业部,否
2025-01-07,恒玄科技,688608,237.46,237.46,1,中信建投证券股份有限公司上海市五莲路证券营业部,中信建投证券股份有限公司上海市五莲路证券营业部,否
2025-01-07,恒玄科技,688608,237.46,237.46,1,中信建投证券股份有限公司上海市五莲路证券营业部,中信建投证券股份有限公司上海市五莲路证券营业部,否
2025-01-07,龙芯中科,688047,125,847.5,6.78,华安证券股份有限公司上海浦东南路证券营业部,中信证券股份有限公司上海世博馆路证券营业部,否
2025-01-07,重庆啤酒,600132,59.81,203.35,3.4,华泰证券股份有限公司总部,中信证券股份有限公司上海分公司,否
2025-01-07,九号公司,689009,46.63,932.6,20,高盛（中国）证券有限责任公司上海浦东新区世纪大道证券营业部,中国国际金融股份有限公司上海分公司,否
2025-01-07,九号公司,689009,46.63,503.6,10.8,机构专用,中国国际金融股份有限公司上海分公司,否
2025-01-07,九号公司,689009,46.63,373.04,8,机构专用,中国国际金融股份有限公司上海分公司,否
2025-01-07,九号公司,689009,46.63,233.15,5,中信证券股份有限公司总部(非营业场所),中国国际金融股份有限公司上海分公司,否
2025-01-07,逸飞激光,688646,37.1,445.2,12,华泰证券股份有限公司成都人民南路证券营业部,海通证券股份有限公司上海普陀区铜川路证券营业部,否
2025-01-07,逸飞激光,688646,37.1,222.6,6,华泰证券股份有限公司成都人民南路证券营业部,海通证券股份有限公司上海黄浦区福州路证券营业部,否
2025-01-07,行动教育,605098,34.51,287.47,8.33,东方财富证券股份有限公司上海徐汇区云锦路证券营业部,东海证券股份有限公司上海长宁区长顺路证券营业部,否
2025-01-07,行动教育,605098,34.51,276.08,8,国金证券股份有限公司上海浦东新区芳甸路证券营业部,东海证券股份有限公司上海长宁区长顺路证券营业部,否
2025-01-07,慧辰股份,688500,27.5,316.25,11.5,长江证券股份有限公司北京百万庄大街证券营业部,光大证券股份有限公司北京月坛北街证券营业部,否
2025-01-07,慧辰股份,688500,27.5,200.75,7.3,华泰证券股份有限公司广州云城东路证券营业部,光大证券股份有限公司北京月坛北街证券营业部,否
2025-01-07,慧辰股份,688500,27.18,715.11,26.31,海通证券股份有限公司北京知春路证券营业部,光大证券股份有限公司北京月坛北街证券营业部,否
2025-01-07,能科科技,603859,24.39,712.19,29.2,中国中金财富证券有限公司厦门湖滨东路证券营业部,中国中金财富证券有限公司北京科学院南路证券营业部,否
2025-01-07,悦安新材,688786,21.77,435.4,20,浙商证券股份有限公司绍兴分公司,长城证券股份有限公司青岛台东一路证券营业部,否
2025-01-07,悦安新材,688786,21.77,217.7,10,华泰证券股份有限公司南京大光路证券营业部,东兴证券股份有限公司南昌赣江中大道证券营业部,否
2025-01-07,埃夫特,688165,20.96,209.6,10,华泰证券股份有限公司深圳后海中心路证券营业部,中国中金财富证券有限公司北京建国门外大街证券营业部,否
2025-01-07,埃夫特,688165,20.96,201.22,9.6,平安证券股份有限公司江苏分公司,中国中金财富证券有限公司北京建国门外大街证券营业部,否
2025-01-07,成大生物,688739,20.01,450.23,22.5,中国银河证券股份有限公司大连人民路证券营业部,中国银河证券股份有限公司大连人民路证券营业部,否
2025-01-07,中国卫通,601698,19.05,201.93,10.6,华泰证券股份有限公司总部,中信证券股份有限公司上海分公司,否
2025-01-07,三一重工,600031,15.36,2546.96,165.82,华泰证券股份有限公司南京民智路证券营业部,国信证券股份有限公司湖南分公司,否
2025-01-07,三一重工,600031,15.36,1228.8,80,机构专用,国信证券股份有限公司湖南分公司,否
2025-01-07,三一重工,600031,15.36,1046.94,68.16,机构专用,国信证券股份有限公司湖南分公司,否
2025-01-07,恒力石化,600346,15.02,14848.02,988.55,东吴证券股份有限公司苏州工业园区现代大道证券营业部,国投证券股份有限公司深圳深南东路证券营业部,否
2025-01-07,紫金矿业,601899,13.95,259.33,18.59,中信证券股份有限公司河北分公司,兴业证券股份有限公司河北分公司,否
2025-01-07,绿田机械,605259,13.33,4329.58,324.8,中国银河证券股份有限公司台州银座北街证券营业部,财通证券股份有限公司台州路桥双水路证券营业部,否
2025-01-07,时创能源,688429,12.55,4517.81,359.98,华泰证券股份有限公司常州花园街证券营业部,华泰证券股份有限公司常州花园街证券营业部,否
2025-01-07,中金黄金,600489,12.48,254.59,20.4,平安证券股份有限公司深圳金田路证券营业部,中国国际金融股份有限公司北京建国门外大街证券营业部,否
2025-01-07,孚能科技,688567,11.65,23496.04,2016.83,平安证券股份有限公司广东分公司,国新证券股份有限公司北京朝外大街证券营业部,否
2025-01-07,孚能科技,688567,11.65,4978.98,427.38,中国国际金融股份有限公司深圳分公司,国新证券股份有限公司北京朝外大街证券营业部,否
2025-01-07,南京银行,601009,10.53,219.13,20.81,中信证券股份有限公司上海分公司,国泰君安证券股份有限公司总部,否
2025-01-07,西藏珠峰,600338,10.43,5000,479.39,中国银河证券股份有限公司总部,财通证券股份有限公司杭州文二西路证券营业部,否
2025-01-07,西藏珠峰,600338,10.43,2000,191.75,申万宏源证券有限公司证券投资总部,财通证券股份有限公司杭州文二西路证券营业部,否
2025-01-07,梅花生物,600873,9.81,233.48,23.8,中信证券股份有限公司上海分公司,中国国际金融股份有限公司北京建国门外大街证券营业部,否
2025-01-07,甬交REIT,508036,9.24,7990.01,865,中国中金财富证券有限公司总部,中国中金财富证券有限公司总部,否
2025-01-07,重庆银行,601963,9.14,1000.01,109.41,国泰君安证券股份有限公司重庆中山三路证券营业部,国泰君安证券股份有限公司重庆中山三路证券营业部,否
2025-01-07,陆家嘴,600663,9.05,1111.17,122.78,机构专用,机构专用,否
2025-01-07,长江传媒,600757,9.04,201.59,22.3,华泰证券股份有限公司总部,中信证券股份有限公司上海分公司,否
2025-01-07,颀中科技,688352,8.99,200.02,22.25,华泰证券股份有限公司苏州苏州大道东证券营业部,中信建投证券股份有限公司淮南朝阳西路证券营业部,否
2025-01-07,颀中科技,688352,8.95,200.93,22.45,东吴证券股份有限公司苏州西北街证券营业部,中信建投证券股份有限公司淮南朝阳西路证券营业部,否
2025-01-07,南京交通,508069,6.11,4172.52,682.9,广发证券股份有限公司总部,申万宏源证券有限公司上海黄浦区福州路证券营业部,否
2025-01-07,浙文互联,600986,5.45,3815,700,平安证券股份有限公司上海红宝石路证券营业部,长城证券股份有限公司三亚迎宾路证券营业部,否
2025-01-07,苏农银行,603323,4.61,1060.3,230,平安证券股份有限公司苏州苏绣路证券营业部,平安证券股份有限公司苏州苏绣路证券营业部,否
2025-01-07,唐山港,601000,4.4,201.96,45.9,华泰证券股份有限公司总部,中信证券股份有限公司上海分公司,否
2025-01-07,电建清源,508026,4.21,522.04,124,招商证券股份有限公司内设营业部（自营）,中国国际金融股份有限公司北京建国门外大街证券营业部,否
2025-01-07,首创奥莱,508005,3.28,4887.2,1490,中信证券股份有限公司总部(非营业场所),招商证券股份有限公司内设营业部（自营）,否
2025-01-07,首创奥莱,508005,3.23,4256.82,1317.9,广发证券股份有限公司总部,申万宏源证券有限公司上海黄浦区福州路证券营业部,否
2025-01-07,嘉泽新能,601619,3.22,201.89,62.7,华泰证券股份有限公司总部,中信证券股份有限公司上海分公司,否
2025-01-07,阳光照明,600261,2.87,574,200,宏信证券有限责任公司成都二环路东二段证券营业部,中国中金财富证券有限公司成都滨江东路证券营业部,否
2025-01-07,沙特ETF,520830,1.02,808.17,790,瑞银证券有限责任公司上海花园石桥路证券营业部,华宝证券股份有限公司上海东大名路证券营业部,否
2025-01-06,万华化学,600309,70,1299.9,18.57,招商证券股份有限公司深圳前海大道证券营业部,招商证券股份有限公司深圳前海大道证券营业部,否
2025-01-06,九号公司,689009,46.1,922,20,高盛（中国）证券有限责任公司上海浦东新区世纪大道证券营业部,中国国际金融股份有限公司上海分公司,否
2025-01-06,九号公司,689009,46.1,691.5,15,瑞银证券有限责任公司上海花园石桥路证券营业部,中国国际金融股份有限公司上海分公司,否
2025-01-06,剑桥科技,603083,33.3,572.76,17.2,东方财富证券股份有限公司拉萨团结路第一证券营业部,中国银河证券股份有限公司杭州未来科技城舒心路证券营业部,否
2025-01-06,成大生物,688739,20.3,509.53,25.1,中国银河证券股份有限公司大连新开路证券营业部,中国银河证券股份有限公司大连人民路证券营业部,否
2025-01-06,成大生物,688739,20.3,249.69,12.3,中国银河证券股份有限公司大连人民路证券营业部,中国银河证券股份有限公司大连人民路证券营业部,否
2025-01-06,妙可蓝多,600882,18.94,1229.4,64.91,国元证券股份有限公司诸暨东二路证券营业部,联储证券股份有限公司绍兴胜利东路证券营业部,否
2025-01-06,三一重工,600031,15.42,3238.2,210,华泰证券股份有限公司南京民智路证券营业部,国信证券股份有限公司湖南分公司,否
2025-01-06,三一重工,600031,15.42,925.2,60,机构专用,国信证券股份有限公司湖南分公司,否
2025-01-06,上海汽配,603107,14.24,341.76,24,广发证券股份有限公司广州临江大道证券营业部,兴业证券股份有限公司上海自由贸易试验区分公司,否
2025-01-06,上海汽配,603107,14.24,200.78,14.1,华泰证券股份有限公司广东分公司,兴业证券股份有限公司上海自由贸易试验区分公司,否
2025-01-06,凌志软件,688588,10.64,425.6,40,机构专用,天风证券股份有限公司上海第二分公司,否
2025-01-06,盛洋科技,603703,10,300,30,中信证券股份有限公司上海分公司,国元证券股份有限公司绍兴二环北路证券营业部,否
2025-01-06,陆家嘴,600663,9.3,952.79,102.45,机构专用,机构专用,否
2025-01-06,天智航,688277,9.3,520.8,56,国泰君安证券股份有限公司武汉紫阳东路证券营业部,国泰君安证券股份有限公司武汉紫阳东路证券营业部,否
2025-01-06,汇成股份,688403,8.24,395.52,48,海通证券股份有限公司合肥黄山路证券营业部,海通证券股份有限公司合肥黄山路证券营业部,否
2025-01-06,安凯微,688620,7.34,1659.37,226.07,华龙证券股份有限公司上海大渡河路证券营业部,海通证券股份有限公司广州南沙分公司,否
2025-01-06,厦门象屿,600057,6.11,202.24,33.1,华泰证券股份有限公司总部,中信证券股份有限公司上海分公司,否
2025-01-06,武进不锈,603878,4.95,544.5,110,海通证券股份有限公司常州健身路证券营业部,海通证券股份有限公司新余分宜钤山东路证券营业部,否
2025-01-06,鑫科材料,600255,3.47,347,100,华泰证券股份有限公司总部,中信证券股份有限公司上海分公司,否
2025-01-06,首创奥莱,508005,3.28,4885.71,1490,招商证券股份有限公司内设营业部（自营）,中国国际金融股份有限公司北京建国门外大街证券营业部,否
2025-01-06,百川能源,600681,3.21,160.5,50,机构专用,华泰证券股份有限公司上海分公司,否
2025-01-06,百川能源,600681,3.21,160.5,50,机构专用,华泰证券股份有限公司上海分公司,否
2025-01-03,恒玄科技,688608,288.24,864.72,3,瑞银证券有限责任公司上海花园石桥路证券营业部,中信建投证券股份有限公司上海市五莲路证券营业部,否
2025-01-03,中国移动,600941,110.07,352.22,3.2,东方财富证券股份有限公司拉萨东环路第一证券营业部,中信证券股份有限公司九江长江大道证券营业部,否
2025-01-03,韦尔股份,603501,94,460.6,4.9,财通证券股份有限公司湖北分公司,西南证券股份有限公司重庆垫江证券营业部,否
2025-01-03,澜起科技,688008,60.93,1218.6,20,高盛（中国）证券有限责任公司上海浦东新区世纪大道证券营业部,中国中金财富证券有限公司上海浦东新区世纪大道证券营业部,否
2025-01-03,拓普集团,601689,46.1,793.38,17.21,招商证券股份有限公司北京景辉街证券营业部,招商证券股份有限公司北京景辉街证券营业部,否
2025-01-03,九号公司,689009,44.87,358.96,8,国泰君安证券股份有限公司总部,中国国际金融股份有限公司上海分公司,否
2025-01-03,通策医疗,600763,43,1199.09,27.89,招商证券股份有限公司深圳前海大道证券营业部,招商证券股份有限公司深圳前海大道证券营业部,否
2025-01-03,国光电气,688776,42,201.6,4.8,中信证券股份有限公司北京建外大街证券营业部,中信证券股份有限公司成都人民南路证券营业部,否
2025-01-03,天奈科技,688116,34.9,1669.28,47.83,招商证券股份有限公司北京景辉街证券营业部,招商证券股份有限公司北京景辉街证券营业部,否
2025-01-03,晨光股份,603899,28.87,202.09,7,华泰证券股份有限公司总部,中信证券股份有限公司上海分公司,否
2025-01-03,中信证券,600030,26.97,1680.5,62.31,国泰君安证券股份有限公司总部,华泰证券股份有限公司北京雍和宫证券营业部,否
2025-01-03,中信证券,600030,26.97,207.4,7.69,国泰君安证券股份有限公司总部,华泰证券股份有限公司北京雍和宫证券营业部,否
2025-01-03,东威科技,688700,26.26,200.1,7.62,长城证券股份有限公司总部,国投证券股份有限公司上海虹口区杨树浦路证券营业部,否
2025-01-03,中国卫星,600118,25.87,201.79,7.8,华泰证券股份有限公司总部,中信证券股份有限公司上海分公司,否
2025-01-03,成大生物,688739,20.1,274.16,13.64,招商证券股份有限公司沈阳兴工街证券营业部,招商证券股份有限公司沈阳兴工街证券营业部,否
2025-01-03,广誉远,600771,18,340.74,18.93,招商证券股份有限公司深圳前海大道证券营业部,招商证券股份有限公司深圳前海大道证券营业部,否
2025-01-03,七一二,603712,17.09,428.62,25.08,中国国际金融股份有限公司北京建国门外大街证券营业部,中信证券股份有限公司泉州温陵北路证券营业部,否
2025-01-03,兴业银行,601166,17.06,1535.4,90,光大证券股份有限公司重庆金昌路证券营业部,光大证券股份有限公司重庆金昌路证券营业部,否
2025-01-03,兴业银行,601166,17.05,3699.92,217,光大证券股份有限公司重庆金昌路证券营业部,光大证券股份有限公司重庆金昌路证券营业部,否
2025-01-03,昭衍新药,603127,16.34,202.62,12.4,华泰证券股份有限公司总部,中信证券股份有限公司上海分公司,否
2025-01-03,三一重工,600031,15.44,3860,250,华泰证券股份有限公司南京民智路证券营业部,国信证券股份有限公司湖南分公司,否
2025-01-03,三一重工,600031,15.44,1824.08,118.14,国泰君安证券股份有限公司总部,国信证券股份有限公司湖南分公司,否
2025-01-03,三一重工,600031,15.44,1263.92,81.86,国泰君安证券股份有限公司总部,国信证券股份有限公司湖南分公司,否
2025-01-03,三一重工,600031,15.44,834.84,54.07,机构专用,国信证券股份有限公司湖南分公司,否
2025-01-03,天士力,600535,14,200.62,14.33,华泰证券股份有限公司总部,中信证券股份有限公司上海分公司,否
2025-01-03,中金黄金,600489,12.33,246.6,20,平安证券股份有限公司深圳金田路证券营业部,中国国际金融股份有限公司北京建国门外大街证券营业部,否
2025-01-03,天智航,688277,9.5,522.5,55,国泰君安证券股份有限公司武汉紫阳东路证券营业部,国泰君安证券股份有限公司武汉紫阳东路证券营业部,否
2025-01-03,甬交REIT,508036,8.7,263.61,30.3,机构专用,渤海证券股份有限公司深圳分公司,否
2025-01-03,南都物业,603506,8.13,1455.27,179,东兴证券股份有限公司北京金宝街证券营业部,中信建投证券股份有限公司总部,否
2025-01-03,永吉股份,603058,7.84,1609.24,205.26,国泰君安证券股份有限公司深圳香蜜湖路证券营业部,海通证券股份有限公司贵阳长岭北路证券营业部,否
2025-01-03,永吉股份,603058,7.84,1357.89,173.2,国泰君安证券股份有限公司深圳香蜜湖路证券营业部,国泰君安证券股份有限公司上海浦东新区锦康路证券营业部,否
2025-01-03,江盐集团,601065,7.83,899.67,114.9,华泰证券股份有限公司上海长宁区凯旋路证券营业部,国盛证券有限责任公司抚州金溪秀谷西大道证券营业部,否
2025-01-03,镇洋发展,603213,7.83,548.1,70,海通证券股份有限公司杭州市心北路证券营业部,国信证券股份有限公司杭州市心中路证券营业部,否
2025-01-03,镇洋发展,603213,7.83,508.95,65,财通证券股份有限公司杭州庆春路证券营业部,国信证券股份有限公司杭州市心中路证券营业部,否
2025-01-03,镇洋发展,603213,7.83,469.8,60,财通证券股份有限公司杭州庆春路证券营业部,国信证券股份有限公司杭州市心中路证券营业部,否
2025-01-03,精达股份,600577,6.71,402.6,60,华泰证券股份有限公司总部,中信证券股份有限公司上海分公司,否
2025-01-03,500ETF,510500,5.52,1971.61,356.98,招商证券股份有限公司北京景辉街证券营业部,招商证券股份有限公司北京景辉街证券营业部,否
2025-01-03,四川成渝,601107,4.99,202.1,40.5,华泰证券股份有限公司总部,中信证券股份有限公司上海分公司,否
2025-01-03,300ETF,510300,3.87,326.27,84.33,招商证券股份有限公司北京景辉街证券营业部,招商证券股份有限公司北京景辉街证券营业部,否
2025-01-03,科创50,588000,0.99,198.6,200,申万宏源证券有限公司证券投资总部,中国中金财富证券有限公司总部,否
2025-01-03,恒生互联,513330,0.41,7298,17800,招商证券股份有限公司北京景辉街证券营业部,招商证券股份有限公司北京景辉街证券营业部,否
2025-01-03,医疗ETF,512170,0.32,111.14,352.83,华泰证券股份有限公司苏州干将西路证券营业部,中信证券股份有限公司总部(非营业场所),否
2025-01-03,医疗ETF,512170,0.32,63,200,华泰证券股份有限公司苏州干将西路证券营业部,中信证券股份有限公司总部(非营业场所),否
2025-01-02,贵州茅台,600519,1458.24,4083.07,2.8,申万宏源证券有限公司证券投资总部,华林证券股份有限公司河南分公司,否
2025-01-02,恒玄科技,688608,294.8,589.6,2,机构专用,中信建投证券股份有限公司上海市五莲路证券营业部,否
2025-01-02,柏楚电子,688188,189.18,4887.98,25.84,招商证券股份有限公司北京景辉街证券营业部,招商证券股份有限公司北京景辉街证券营业部,否
2025-01-02,韦尔股份,603501,95,494,5.2,财通证券股份有限公司湖北分公司,西南证券股份有限公司重庆垫江证券营业部,否
2025-01-02,特宝生物,688278,71.9,1797.5,25,中信证券股份有限公司北京北苑证券营业部,国金证券股份有限公司上海浦东新区芳甸路证券营业部,否
2025-01-02,药明康德,603259,53.06,2043.02,38.5,招商证券股份有限公司北京景辉街证券营业部,招商证券股份有限公司北京景辉街证券营业部,否
2025-01-02,中航沈飞,600760,48.32,3293.69,68.16,招商证券股份有限公司北京景辉街证券营业部,招商证券股份有限公司北京景辉街证券营业部,否
2025-01-02,中航沈飞,600760,48.32,1336.53,27.66,招商证券股份有限公司北京景辉街证券营业部,招商证券股份有限公司北京景辉街证券营业部,否
2025-01-02,九号公司,689009,44.28,2656.8,60,机构专用,中国国际金融股份有限公司上海分公司,否
2025-01-02,九号公司,689009,44.28,885.6,20,机构专用,中国国际金融股份有限公司上海分公司,否
2025-01-02,九号公司,689009,44.28,885.6,20,高盛（中国）证券有限责任公司上海浦东新区世纪大道证券营业部,中国国际金融股份有限公司上海分公司,否
2025-01-02,九号公司,689009,44.28,664.2,15,瑞银证券有限责任公司上海花园石桥路证券营业部,中国国际金融股份有限公司上海分公司,否
2025-01-02,航发动力,600893,40.29,3849.54,95.55,招商证券股份有限公司北京景辉街证券营业部,招商证券股份有限公司北京景辉街证券营业部,否
2025-01-02,中直股份,600038,37.11,1781.28,48,招商证券股份有限公司北京景辉街证券营业部,招商证券股份有限公司北京景辉街证券营业部,否
2025-01-02,国药股份,600511,32.74,1895.65,57.9,招商证券股份有限公司北京景辉街证券营业部,招商证券股份有限公司北京景辉街证券营业部,否
2025-01-02,宝信软件,600845,27.8,4170.08,150,招商证券股份有限公司北京景辉街证券营业部,招商证券股份有限公司北京景辉街证券营业部,否
2025-01-02,恒生电子,600570,26.42,1241.74,47,招商证券股份有限公司北京景辉街证券营业部,招商证券股份有限公司北京景辉街证券营业部,否
2025-01-02,国电南瑞,600406,24.22,4453.98,183.9,招商证券股份有限公司北京景辉街证券营业部,招商证券股份有限公司北京景辉街证券营业部,否
2025-01-02,震有科技,688418,23.6,792.96,33.6,方正证券股份有限公司温岭万昌中路证券营业部,国金证券股份有限公司上海静安区南京西路证券营业部,否
2025-01-02,人福医药,600079,22.22,1986.46,89.4,招商证券股份有限公司北京景辉街证券营业部,招商证券股份有限公司北京景辉街证券营业部,否
2025-01-02,埃夫特,688165,21.12,206.98,9.8,平安证券股份有限公司江苏分公司,中国中金财富证券有限公司北京建国门外大街证券营业部,否
2025-01-02,华鲁恒升,600426,21.1,2011.34,95.32,招商证券股份有限公司北京景辉街证券营业部,招商证券股份有限公司北京景辉街证券营业部,否
2025-01-02,天玛智控,688570,18.57,3337.81,179.74,招商证券股份有限公司北京景辉街证券营业部,招商证券股份有限公司北京景辉街证券营业部,否
2025-01-02,国网信通,600131,18.48,739.2,40,招商证券股份有限公司北京景辉街证券营业部,招商证券股份有限公司北京景辉街证券营业部,否
2025-01-02,豪森智能,688529,16.32,210.57,12.9,华泰证券股份有限公司重庆江北嘴证券营业部,国泰君安证券股份有限公司重庆南坪惠工路证券营业部,否
2025-01-02,三一重工,600031,15.53,3882.5,250,华泰证券股份有限公司南京民智路证券营业部,国信证券股份有限公司湖南分公司,否
2025-01-02,三一重工,600031,15.53,3882.5,250,国泰君安证券股份有限公司总部,国信证券股份有限公司湖南分公司,否
2025-01-02,隆基绿能,601012,15.43,1031.59,66.86,招商证券股份有限公司北京景辉街证券营业部,招商证券股份有限公司北京景辉街证券营业部,否
2025-01-02,淮北矿业,600985,13.61,952.7,70,招商证券股份有限公司北京景辉街证券营业部,招商证券股份有限公司北京景辉街证券营业部,否
2025-01-02,亚辉龙,688575,12.64,265.44,21,国联证券股份有限公司深圳壹方中心证券营业部,广发证券股份有限公司深圳深南大道证券营业部,否
2025-01-02,中金黄金,600489,12.3,349.94,28.45,平安证券股份有限公司深圳金田路证券营业部,中国国际金融股份有限公司北京建国门外大街证券营业部,否
2025-01-02,药康生物,688046,11.23,709.73,63.2,华泰证券股份有限公司深圳科苑路百度国际大厦证券营业部,招商证券股份有限公司青岛五四广场证券营业部,否
2025-01-02,药康生物,688046,11.23,709.73,63.2,华泰证券股份有限公司深圳科苑路百度国际大厦证券营业部,招商证券股份有限公司青岛五四广场证券营业部,否
2025-01-02,药康生物,688046,11.23,336.9,30,华泰证券股份有限公司深圳科苑路百度国际大厦证券营业部,招商证券股份有限公司青岛五四广场证券营业部,否
2025-01-02,欧林生物,688319,8.48,907.36,107,华安证券股份有限公司重庆分公司,中信建投证券股份有限公司重庆江北嘴证券营业部,否
2025-01-02,永吉股份,603058,7.94,3334.8,420,国泰君安证券股份有限公司贵阳中华中路证券营业部,海通证券股份有限公司贵阳长岭北路证券营业部,否
2025-01-02,晶科能源,688223,7.01,2589.5,369.4,招商证券股份有限公司北京景辉街证券营业部,招商证券股份有限公司北京景辉街证券营业部,否
2025-01-02,海油发展,600968,4.27,3672.2,860,招商证券股份有限公司北京景辉街证券营业部,招商证券股份有限公司北京景辉街证券营业部,否
2025-01-02,中原高速,600020,4.14,993.6,240,招商证券股份有限公司北京景辉街证券营业部,招商证券股份有限公司北京景辉街证券营业部,否
2025-01-02,300ETF,510300,3.91,5628.98,1440,招商证券股份有限公司北京景辉街证券营业部,招商证券股份有限公司北京景辉街证券营业部,否
2025-01-02,红利ETF,510880,3.28,5239.82,1597.99,招商证券股份有限公司北京景辉街证券营业部,招商证券股份有限公司北京景辉街证券营业部,否
2025-01-02,红利ETF,510880,3.28,1639.5,500,招商证券股份有限公司北京景辉街证券营业部,招商证券股份有限公司北京景辉街证券营业部,否
2025-01-02,50ETF,510050,2.67,746.76,280,招商证券股份有限公司北京景辉街证券营业部,招商证券股份有限公司北京景辉街证券营业部,否
2025-01-02,中国国企,517180,1.53,400.07,262,招商证券股份有限公司北京景辉街证券营业部,招商证券股份有限公司北京景辉街证券营业部,否
2025-01-02,中证A50E,563080,1.12,3805.56,3410,招商证券股份有限公司北京景辉街证券营业部,招商证券股份有限公司北京景辉街证券营业部,否
2025-01-02,科创50,588000,1.01,1735.48,1720,招商证券股份有限公司北京景辉街证券营业部,招商证券股份有限公司北京景辉街证券营业部,否
2025-01-02,A500龙头,563800,0.92,1938.3,2100,招商证券股份有限公司北京景辉街证券营业部,招商证券股份有限公司北京景辉街证券营业部,否
2025-01-02,综指ETF,510210,0.79,2448.16,3083.33,招商证券股份有限公司北京景辉街证券营业部,招商证券股份有限公司北京景辉街证券营业部,否
2025-01-02,HK创新药,513120,0.71,9419.45,13229.57,招商证券股份有限公司北京景辉街证券营业部,招商证券股份有限公司北京景辉街证券营业部,否
2025-01-02,恒指科技,513180,0.6,4876.2,8100,招商证券股份有限公司北京景辉街证券营业部,招商证券股份有限公司北京景辉街证券营业部,否
2024-12-31,中国移动,600941,114.66,584.77,5.1,东方财富证券股份有限公司拉萨东环路第一证券营业部,中信证券股份有限公司九江长江大道证券营业部,否
2024-12-31,华宝添益,511990,100.01,15001.2,150,中信证券股份有限公司深圳滨海大道证券营业部,中信证券股份有限公司深圳滨海大道证券营业部,否
2024-12-31,中科飞测,688361,86.85,1737,20,机构专用,国投证券股份有限公司北京西关二巷证券营业部,否
2024-12-31,奕瑞科技,688301,81.2,4798.92,59.1,中信建投证券股份有限公司南京王府大街证券营业部,申万宏源证券有限公司海南分公司,否
2024-12-31,九号公司,689009,44.28,1328.4,30,机构专用,中国国际金融股份有限公司上海分公司,否
2024-12-31,九号公司,689009,44.28,664.2,15,机构专用,中国国际金融股份有限公司上海分公司,否
2024-12-31,九号公司,689009,44.28,221.4,5,机构专用,中国国际金融股份有限公司上海分公司,否
2024-12-31,三孚新科,688359,39.08,586.2,15,华泰证券股份有限公司南京民智路证券营业部,中信证券华南股份有限公司广州黄埔开创大道证券营业部,否
2024-12-31,至纯科技,603690,23.75,2588.75,109,中信建投证券股份有限公司上海市徐家汇路证券营业部,中信建投证券股份有限公司上海市华灵路证券营业部,否
2024-12-31,茶花股份,603615,21.74,500.02,23,西部证券股份有限公司西安东大街证券营业部,广发证券股份有限公司江门开平东兴大道证券营业部,否
2024-12-31,晶合集成,688249,21.11,601.64,28.5,机构专用,中信证券华南股份有限公司佛山分公司,否
2024-12-31,中金黄金,600489,12.03,1196.99,99.5,平安证券股份有限公司深圳金田路证券营业部,中国国际金融股份有限公司北京建国门外大街证券营业部,否
2024-12-31,转债ETF,511380,11.66,9328.8,800,机构专用,山西证券股份有限公司北京丽泽证券营业部,否
2024-12-31,西藏珠峰,600338,11.46,2406.6,210,中信证券股份有限公司杭州玉皇山南基金小镇证券营业部,财通证券股份有限公司杭州文二西路证券营业部,否
2024-12-31,中金黄金,600489,11,449.9,40.9,华福证券有限责任公司华南分公司,国泰君安证券股份有限公司上海虹口区大连路证券营业部,否
2024-12-31,中国核电,601985,9.24,62832,6800,中信证券股份有限公司北京复外大街证券营业部,招商证券股份有限公司北京北三环东路证券营业部,否
2024-12-31,甬交REIT,508036,8.09,7418.31,917.2,中国中金财富证券有限公司总部,中国中金财富证券有限公司总部,否
2024-12-31,百川能源,600681,3.34,167,50,机构专用,华泰证券股份有限公司上海分公司,否
2024-12-31,百川能源,600681,3.34,167,50,机构专用,华泰证券股份有限公司上海分公司,否
2024-12-31,ST曙光,600303,2.79,85.4,30.61,国信证券股份有限公司烟台环山路证券营业部,联储证券股份有限公司烟台分公司,否
2024-12-31,洲际油气,600759,2.17,3255,1500,国投证券股份有限公司福州分公司,中信建投证券股份有限公司河北分公司,否
2024-12-31,洲际油气,600759,2.16,2160,1000,机构专用,中信建投证券股份有限公司河北分公司,否
2024-12-31,中概互联,513050,1.06,212,200,华泰证券股份有限公司合肥创新大道证券营业部,兴业证券股份有限公司重庆分公司,否
2024-12-30,贵州茅台,600519,1412,1412,1,华泰证券股份有限公司深圳深南大道证券营业部,华泰证券股份有限公司深圳深南大道证券营业部,否
2024-12-30,寒武纪,688256,683.5,526.84,0.77,东兴证券股份有限公司北京金宝街证券营业部,中信建投证券股份有限公司总部,否
2024-12-30,恒玄科技,688608,300.73,1383.36,4.6,中信证券股份有限公司总部(非营业场所),中信建投证券股份有限公司上海市五莲路证券营业部,否
2024-12-30,恒玄科技,688608,300.73,601.46,2,机构专用,中信建投证券股份有限公司上海市五莲路证券营业部,否
2024-12-30,恒玄科技,688608,300.73,300.73,1,中信证券股份有限公司总部(非营业场所),中信建投证券股份有限公司上海市五莲路证券营业部,否
2024-12-30,中国移动,600941,112.86,474.01,4.2,东方财富证券股份有限公司拉萨东环路第一证券营业部,中信证券股份有限公司九江长江大道证券营业部,否
2024-12-30,华宝添益,511990,100,22998.85,230,中信证券股份有限公司深圳滨海大道证券营业部,中信证券股份有限公司深圳滨海大道证券营业部,否
2024-12-30,药明康德,603259,55.4,221.6,4,天风证券股份有限公司深圳分公司,中国国际金融股份有限公司北京建国门外大街证券营业部,否
2024-12-30,新华保险,601336,51.99,202.24,3.89,华泰证券股份有限公司总部,中信证券股份有限公司上海分公司,否
2024-12-30,中国软件,600536,46.67,214.68,4.6,东兴证券股份有限公司成都都江堰市迎宾路证券营业部,华泰证券股份有限公司上海浦东新区东方路证券营业部,否
2024-12-30,海天味业,603288,46.35,298.96,6.45,海通证券股份有限公司上海嘉定区洪德路证券营业部,中信证券股份有限公司上海分公司,否
2024-12-30,恒烁股份,688416,41.8,242.1,5.79,世纪证券有限责任公司上海威海路证券营业部,华泰证券股份有限公司合肥习友路证券营业部,否
2024-12-30,汇通能源,600605,35.34,706.8,20,国海证券股份有限公司山东分公司,海通证券股份有限公司北京中关村南大街证券营业部,否
2024-12-30,天能股份,688819,26.42,317.33,12.01,方正证券股份有限公司长沙芙蓉中路证券营业部,招商证券股份有限公司北京建国路证券营业部,否
2024-12-30,宜宾纸业,600793,24.33,4014.45,165,中信建投证券股份有限公司北京东三环中路证券营业部,中信证券股份有限公司四川分公司,否
2024-12-30,宜宾纸业,600793,24.33,3284.55,135,长江证券股份有限公司上海都市路证券营业部,中信证券股份有限公司四川分公司,否
2024-12-30,宜宾纸业,600793,24.33,364.95,15,海通证券股份有限公司上海临港分公司,中信证券股份有限公司四川分公司,否
2024-12-30,中电电机,603988,23.39,467.8,20,长江证券股份有限公司济南经十路证券营业部,长江证券股份有限公司济南经十路证券营业部,否
2024-12-30,威迈斯,688612,22.93,276.31,12.05,国联证券股份有限公司无锡盛岸西路证券营业部,中信建投证券股份有限公司广州市中山三路证券营业部,否
2024-12-30,威迈斯,688612,22.93,253.44,11.05,国联证券股份有限公司无锡盛岸西路证券营业部,中信建投证券股份有限公司广州市中山三路证券营业部,否
2024-12-30,威迈斯,688612,22.93,253.38,11.05,国联证券股份有限公司无锡盛岸西路证券营业部,中信建投证券股份有限公司广州市中山三路证券营业部,否
2024-12-30,威迈斯,688612,22.93,230.45,10.05,国联证券股份有限公司无锡盛岸西路证券营业部,中信建投证券股份有限公司广州市中山三路证券营业部,否
2024-12-30,沐邦高科,603398,22.7,4540,200,光大证券股份有限公司杭州市心北路证券营业部,财通证券股份有限公司杭州新北街证券营业部,否
2024-12-30,润本股份,603193,22.28,401.04,18,华创证券有限责任公司北京西直门证券营业部,广发证券股份有限公司广州宸悦路证券营业部,否
2024-12-30,茶花股份,603615,21.34,533.5,25,西部证券股份有限公司西安东大街证券营业部,广发证券股份有限公司江门开平东兴大道证券营业部,否
2024-12-30,上汽集团,600104,20.83,6249,300,中国国际金融股份有限公司上海分公司,国泰君安证券股份有限公司上海松涛路证券营业部,否
2024-12-30,上汽集团,600104,20.83,6249,300,中国国际金融股份有限公司上海分公司,国泰君安证券股份有限公司上海松涛路证券营业部,否
2024-12-30,东航物流,601156,15.5,1240,80,国泰君安证券股份有限公司上海浦东新区锦康路证券营业部,中国国际金融股份有限公司上海分公司,否
2024-12-30,东航物流,601156,15.5,759.5,49,机构专用,中国国际金融股份有限公司上海分公司,否
2024-12-30,东航物流,601156,15.5,589,38,机构专用,中国国际金融股份有限公司上海分公司,否
2024-12-30,东航物流,601156,15.5,582.8,37.6,机构专用,中国国际金融股份有限公司上海分公司,否
2024-12-30,东航物流,601156,15.5,450.81,29.08,机构专用,中国国际金融股份有限公司上海分公司,否
2024-12-30,东航物流,601156,15.5,232.5,15,机构专用,中国国际金融股份有限公司上海分公司,否
2024-12-30,东航物流,601156,15.5,201.5,13,机构专用,中国国际金融股份有限公司上海分公司,否
2024-12-30,转债ETF,511380,11.66,2332.4,200,机构专用,山西证券股份有限公司北京丽泽证券营业部,否
2024-12-30,西藏珠峰,600338,11.6,3480,300,中信证券股份有限公司杭州玉皇山南基金小镇证券营业部,财通证券股份有限公司杭州文二西路证券营业部,否
2024-12-30,西藏珠峰,600338,11.2,5040,450,光大证券股份有限公司杭州市心北路证券营业部,财通证券股份有限公司杭州文二西路证券营业部,否
2024-12-30,欧林生物,688319,10.78,1078,100,长江证券股份有限公司上海锦绣路证券营业部,中国银河证券股份有限公司上海东宝兴路证券营业部,否
2024-12-30,航天信息,600271,9.47,201.71,21.3,华泰证券股份有限公司总部,中信证券股份有限公司上海分公司,否
2024-12-30,汇成股份,688403,9.28,343.36,37,海通证券股份有限公司合肥黄山路证券营业部,海通证券股份有限公司合肥黄山路证券营业部,否
2024-12-30,科捷智能,688455,9.14,3290.4,360,中信证券（山东）有限责任公司青岛秦岭路证券营业部,国泰君安证券股份有限公司青岛南京路证券营业部,否
2024-12-30,南都物业,603506,8.68,295.12,34,东兴证券股份有限公司北京金宝街证券营业部,中信建投证券股份有限公司总部,否
2024-12-30,江盐集团,601065,8.21,262.72,32,中信证券股份有限公司总部(非营业场所),中国中金财富证券有限公司厦门分公司,否
2024-12-30,晶科能源,688223,7.2,4968,690,方正证券股份有限公司总部,中信证券股份有限公司上海徐汇区漕溪北路证券营业部,否
2024-12-30,晶科能源,688223,7.2,1461.6,203,机构专用,中信证券股份有限公司上海徐汇区漕溪北路证券营业部,否
2024-12-30,宏达股份,600331,7.04,352,50,招商证券股份有限公司苏州华池街证券营业部,华福证券有限责任公司苏州三香路证券营业部,否
2024-12-30,常熟银行,601128,6.71,301.95,45,中信建投证券股份有限公司常熟锁澜南路证券营业部,中信建投证券股份有限公司常熟锁澜南路证券营业部,否
2024-12-30,洛阳钼业,603993,6.16,277.2,45,中国银河证券股份有限公司北京珠市口大街证券营业部,中国银河证券股份有限公司北京珠市口大街证券营业部,否
2024-12-30,新黄浦,600638,5.04,7464.24,1481,中泰证券股份有限公司上海周家嘴路证券营业部,兴业证券股份有限公司福州横屿路东泰禾证券营业部,否
2024-12-30,新黄浦,600638,5.04,2696.4,535,中信证券股份有限公司上海南京西路证券营业部,兴业证券股份有限公司福州横屿路东泰禾证券营业部,否
2024-12-30,新黄浦,600638,5.04,1496.88,297,长城证券股份有限公司厦门湖滨南路证券营业部,兴业证券股份有限公司福州横屿路东泰禾证券营业部,否
2024-12-30,长园集团,600525,5.01,2760.51,551,招商证券股份有限公司深圳龙岗龙城大道证券营业部,华福证券有限责任公司杭州江南大道证券营业部,否
2024-12-30,长园集团,600525,5.01,1277.55,255,联储证券股份有限公司上海分公司,华福证券有限责任公司杭州江南大道证券营业部,否
2024-12-30,ST百利,603959,3.85,126.67,32.9,国信证券股份有限公司烟台环山路证券营业部,东海证券股份有限公司威海东海路证券营业部,否
2024-12-30,鑫科材料,600255,3.8,300.2,79,华泰证券股份有限公司总部,中信证券股份有限公司上海分公司,否
2024-12-30,秦港股份,601326,3.46,38662.04,11174,招商证券股份有限公司北京海淀大街证券营业部,财达证券股份有限公司秦皇岛峨眉山中路证券营业部,否
2024-12-30,百川能源,600681,3.34,167,50,国信证券股份有限公司深圳泰九分公司,华泰证券股份有限公司上海分公司,否
2024-12-30,百川能源,600681,3.34,167,50,机构专用,华泰证券股份有限公司上海分公司,否
2024-12-30,中孚实业,600595,2.89,161.84,56,机构专用,中信证券（山东）有限责任公司河南分公司,否
2024-12-30,浙商银行,601916,2.88,31748.66,11023.84,机构专用,中泰证券股份有限公司济南解放路证券营业部,否
2024-12-30,浙商银行,601916,2.88,5550.97,1927.42,国金证券股份有限公司上海奉贤区金碧路证券营业部,中泰证券股份有限公司济南解放路证券营业部,否
2024-12-30,洲际油气,600759,2.28,1140,500,中信证券股份有限公司上海南京西路证券营业部,广发证券股份有限公司海口和平大道证券营业部,否
2024-12-30,洲际油气,600759,2.28,912,400,东兴证券股份有限公司成都都江堰市迎宾路证券营业部,广发证券股份有限公司海口和平大道证券营业部,否
2024-12-30,洲际油气,600759,2.28,684,300,方正证券股份有限公司上海长宁区延安西路证券营业部,广发证券股份有限公司海口和平大道证券营业部,否
2024-12-30,洲际油气,600759,2.28,228,100,国泰君安证券股份有限公司总部,广发证券股份有限公司海口和平大道证券营业部,否
2024-12-30,中概互联,513050,1.07,597.52,560,华泰证券股份有限公司合肥创新大道证券营业部,兴业证券股份有限公司重庆分公司,否
2024-12-27,澜起科技,688008,67.93,298.89,4.4,中信证券股份有限公司徐州建国西路证券营业部,中国中金财富证券有限公司上海浦东新区世纪大道证券营业部,否
2024-12-27,药明康德,603259,55.4,1163.4,21,天风证券股份有限公司深圳分公司,中国国际金融股份有限公司北京建国门外大街证券营业部,否
2024-12-27,药明康德,603259,55.4,387.8,7,天风证券股份有限公司深圳分公司,中国国际金融股份有限公司北京建国门外大街证券营业部,否
2024-12-27,富创精密,688409,54.96,1374,25,中信建投证券股份有限公司总部,国投证券股份有限公司北京西关二巷证券营业部,否
2024-12-27,九号公司,689009,42,840,20,广发证券股份有限公司广州临江大道证券营业部,中国国际金融股份有限公司上海分公司,否
2024-12-27,九号公司,689009,42,504,12,中信证券股份有限公司总部(非营业场所),中国国际金融股份有限公司上海分公司,否
2024-12-27,九号公司,689009,42,462,11,招商证券股份有限公司上海世纪大道证券营业部,中国国际金融股份有限公司上海分公司,否
2024-12-27,九号公司,689009,42,420,10,中信证券股份有限公司大连分公司,中国国际金融股份有限公司上海分公司,否
2024-12-27,九号公司,689009,42,420,10,中信证券股份有限公司杭州婺江路证券营业部,中国国际金融股份有限公司上海分公司,否
2024-12-27,九号公司,689009,42,378,9,招商证券股份有限公司上海世纪大道证券营业部,中国国际金融股份有限公司上海分公司,否
2024-12-27,九号公司,689009,42,336,8,招商证券股份有限公司上海世纪大道证券营业部,中国国际金融股份有限公司上海分公司,否
2024-12-27,九号公司,689009,42,302.4,7.2,中信建投证券股份有限公司总部,中国国际金融股份有限公司上海分公司,否
2024-12-27,九号公司,689009,42,268.8,6.4,华泰证券股份有限公司南京庐山路证券营业部,中国国际金融股份有限公司上海分公司,否
2024-12-27,九号公司,689009,42,268.8,6.4,浙商证券股份有限公司绍兴分公司,中国国际金融股份有限公司上海分公司,否
2024-12-27,九号公司,689009,42,252,6,中信建投证券股份有限公司北京远大路证券营业部,中国国际金融股份有限公司上海分公司,否
2024-12-27,九号公司,689009,42,252,6,中信证券华南股份有限公司广州临江大道证券营业部,中国国际金融股份有限公司上海分公司,否
2024-12-27,九号公司,689009,42,210,5,中信建投证券股份有限公司北京回龙观西大街证券营业部,中国国际金融股份有限公司上海分公司,否
2024-12-27,九号公司,689009,42,210,5,广发证券股份有限公司广州马场路广发证券大厦证券营业部,中国国际金融股份有限公司上海分公司,否
2024-12-27,三孚新科,688359,39.86,398.6,10,中信证券股份有限公司总部(非营业场所),中信证券华南股份有限公司广州黄埔开创大道证券营业部,否
2024-12-27,聚和材料,688503,38.6,2316,60,广发证券股份有限公司上海盈港东路证券营业部,国都证券股份有限公司尉氏政二路证券营业部,否
2024-12-27,甬矽电子,688362,34.88,968.62,27.77,机构专用,中信证券股份有限公司杭州延安路证券营业部,否
2024-12-27,苑东生物,688513,31,233.16,7.52,国泰君安证券股份有限公司重庆中山三路证券营业部,国泰君安证券股份有限公司重庆南坪惠工路证券营业部,否
2024-12-27,震有科技,688418,29.21,1314.45,45,华创证券有限责任公司台州东海大道证券营业部,海通证券股份有限公司深圳金田路证券营业部,否
2024-12-27,中国卫星,600118,29.1,203.7,7,中国国际金融股份有限公司北京建国门外大街证券营业部,中信建投证券股份有限公司福清福和路证券营业部,否
2024-12-27,晶合集成,688249,21.37,427.4,20,机构专用,中信证券华南股份有限公司佛山分公司,否
2024-12-27,上汽集团,600104,19.61,5883,300,中国国际金融股份有限公司上海分公司,国泰君安证券股份有限公司上海松涛路证券营业部,否
2024-12-27,上汽集团,600104,19.61,5883,300,中国国际金融股份有限公司上海分公司,国泰君安证券股份有限公司上海松涛路证券营业部,否
2024-12-27,兴业银行,601166,19.22,1057.1,55,中国国际金融股份有限公司深圳分公司,中国中金财富证券有限公司厦门分公司,否
2024-12-27,安徽合力,600761,18.19,618.46,34,国泰君安证券股份有限公司总部,国泰君安证券股份有限公司常德武陵大道证券营业部,否
2024-12-27,安徽合力,600761,18.19,483.49,26.58,国泰君安证券股份有限公司总部,国信证券股份有限公司深圳泰然九路证券营业部,否
2024-12-27,老百姓,603883,17.39,283.28,16.29,中国国际金融股份有限公司北京建国门外大街证券营业部,中信证券股份有限公司泉州温陵北路证券营业部,否
2024-12-27,确成股份,605183,15.22,7686.1,505,海通证券股份有限公司上海黄浦区中山南路证券营业部,华泰证券股份有限公司无锡解放西路证券营业部,否
2024-12-27,确成股份,605183,15.22,2283,150,招商证券股份有限公司上海陆家嘴东路证券营业部,华泰证券股份有限公司无锡解放西路证券营业部,否
2024-12-27,东航物流,601156,15.2,1520,100,机构专用,中国国际金融股份有限公司上海分公司,否
2024-12-27,东航物流,601156,15.2,364.8,24,广发证券股份有限公司南京水佑岗证券营业部,中国国际金融股份有限公司上海分公司,否
2024-12-27,东航物流,601156,15.2,243.2,16,中国银河证券股份有限公司金华证券营业部,中国国际金融股份有限公司上海分公司,否
2024-12-27,东航物流,601156,15.2,228,15,华泰证券股份有限公司南京庐山路证券营业部,中国国际金融股份有限公司上海分公司,否
2024-12-27,东航物流,601156,15.2,228,15,国都证券股份有限公司江苏分公司,中国国际金融股份有限公司上海分公司,否
2024-12-27,东航物流,601156,15.2,228,15,浙商证券股份有限公司绍兴分公司,中国国际金融股份有限公司上海分公司,否
2024-12-27,东航物流,601156,15.2,228,15,浙商证券股份有限公司绍兴分公司,中国国际金融股份有限公司上海分公司,否
2024-12-27,华旺科技,605377,13.8,737.83,53.47,国泰君安证券股份有限公司总部,国信证券股份有限公司深圳泰然九路证券营业部,否
2024-12-27,华旺科技,605377,13.8,393.3,28.5,国泰君安证券股份有限公司总部,国泰君安证券股份有限公司常德武陵大道证券营业部,否
2024-12-27,欧林生物,688319,10.78,754.6,70,长江证券股份有限公司上海锦绣路证券营业部,中国银河证券股份有限公司上海东宝兴路证券营业部,否
2024-12-27,丰华股份,600615,10.51,367.64,34.98,中信证券股份有限公司上海分公司,国元证券股份有限公司绍兴二环北路证券营业部,否
2024-12-27,江盐集团,601065,8.25,445.5,54,华创证券有限责任公司北京西直门证券营业部,中国中金财富证券有限公司厦门分公司,否
2024-12-27,江盐集团,601065,8.25,209.45,25.39,中信证券股份有限公司总部(非营业场所),中国中金财富证券有限公司厦门分公司,否
2024-12-27,晶科能源,688223,7.32,4904.4,670,方正证券股份有限公司总部,中信证券股份有限公司上海徐汇区漕溪北路证券营业部,否
2024-12-27,晶科能源,688223,7.32,1244.4,170,机构专用,中信证券股份有限公司上海徐汇区漕溪北路证券营业部,否
2024-12-27,交通银行,601328,6.95,3475,500,光大证券股份有限公司重庆金昌路证券营业部,光大证券股份有限公司重庆金昌路证券营业部,否
2024-12-27,贵州燃气,600903,6.5,201.5,31,机构专用,国泰君安证券股份有限公司深圳人民南路证券营业部,否
2024-12-27,齐鲁银行,601665,5.39,2298.84,426.5,信达证券股份有限公司山东第一分公司,东兴证券股份有限公司青岛深圳路证券营业部,否
2024-12-27,宝胜股份,600973,5.32,186.2,35,摩根大通证券（中国）有限公司上海银城中路证券营业部,东兴证券股份有限公司上海分公司,否
2024-12-27,盛泰集团,605138,5.06,5621.66,1111,中信证券股份有限公司嵊州兴盛街证券营业部,中信证券股份有限公司上海红宝石路证券营业部,否
2024-12-27,浙江东方,600120,4.94,148.2,30,中国国际金融股份有限公司北京建国门外大街证券营业部,中信证券股份有限公司泉州温陵北路证券营业部,否
2024-12-27,ST百利,603959,3.67,110.1,30,东海证券股份有限公司威海东海路证券营业部,联储证券股份有限公司烟台分公司,否
2024-12-27,实达集团,600734,3.45,7059.49,2046.23,中国中金财富证券有限公司潍坊胜利东街证券营业部,中国中金财富证券有限公司威海青岛北路证券营业部,否
2024-12-27,百川能源,600681,3.36,336,100,机构专用,华泰证券股份有限公司上海分公司,否
2024-12-27,中孚实业,600595,2.92,169.36,58,机构专用,中信证券（山东）有限责任公司河南分公司,否
2024-12-27,浙商银行,601916,2.86,14300,5000,机构专用,中泰证券股份有限公司济南解放路证券营业部,否
2024-12-27,浙商银行,601916,2.86,2860,1000,国金证券股份有限公司上海奉贤区金碧路证券营业部,中泰证券股份有限公司济南解放路证券营业部,否
2024-12-27,浙商银行,601916,2.86,1430,500,东方证券股份有限公司上海静安区万荣路证券营业部,中泰证券股份有限公司济南解放路证券营业部,否
2024-12-27,洲际油气,600759,2.39,1195,500,华泰证券股份有限公司天津东丽开发区二纬路证券营业部,广发证券股份有限公司海口和平大道证券营业部,否
2024-12-27,洲际油气,600759,2.38,2856,1200,机构专用,中信建投证券股份有限公司河北分公司,否
2024-12-27,洲际油气,600759,2.38,1904,800,中信证券股份有限公司深圳深南中路中信大厦证券营业部,广发证券股份有限公司海口和平大道证券营业部,否
2024-12-27,洲际油气,600759,2.38,1904,800,华泰证券股份有限公司广东分公司,广发证券股份有限公司海口和平大道证券营业部,否
2024-12-27,证券ETF,512880,1.21,363.9,300,中国国际金融股份有限公司北京建国门外大街证券营业部,华泰证券股份有限公司深圳后海中心路证券营业部,否
2024-12-27,酒ETF,512690,0.62,622,1000,华泰证券股份有限公司上海浦东新区世纪大道证券营业部,国泰君安证券股份有限公司总部,否
2024-12-27,港股科技,513010,0.58,406,700,华泰证券股份有限公司合肥创新大道证券营业部,兴业证券股份有限公司重庆分公司,否
2024-12-26,山西汾酒,600809,180,9900,55,申万宏源证券有限公司上海浦东新区成山路证券营业部,海通证券股份有限公司深圳滨河大道证券营业部,否
2024-12-26,山西汾酒,600809,180,1440,8,汇丰前海证券有限责任公司深圳前海证券营业部,海通证券股份有限公司深圳滨河大道证券营业部,否
2024-12-26,德业股份,605117,84,1044.12,12.43,汇丰前海证券有限责任公司深圳前海证券营业部,瑞银证券有限责任公司上海花园石桥路证券营业部,否
2024-12-26,特宝生物,688278,72.96,2188.8,30,机构专用,国金证券股份有限公司上海浦东新区芳甸路证券营业部,否
2024-12-26,澜起科技,688008,71.99,287.96,4,中信证券股份有限公司总部(非营业场所),中国中金财富证券有限公司上海浦东新区世纪大道证券营业部,否
2024-12-26,特宝生物,688278,71.62,13965.9,195,中信证券股份有限公司北京北苑证券营业部,国金证券股份有限公司上海浦东新区芳甸路证券营业部,否
2024-12-26,特宝生物,688278,71.62,10743,150,广发证券股份有限公司晋江崇德路证券营业部,国金证券股份有限公司上海浦东新区芳甸路证券营业部,否
2024-12-26,药明康德,603259,55.64,1391,25,天风证券股份有限公司深圳分公司,中国国际金融股份有限公司北京建国门外大街证券营业部,否
2024-12-26,富创精密,688409,55.15,1103,20,机构专用,国投证券股份有限公司北京西关二巷证券营业部,否
2024-12-26,云天励飞,688343,55.08,12151.53,220.62,机构专用,中信证券股份有限公司深圳分公司,否
2024-12-26,拓普集团,601689,52.26,261.3,5,海通证券股份有限公司上海嘉定区洪德路证券营业部,华泰证券股份有限公司总部,否
2024-12-26,时代电气,688187,47.57,44624.32,938.08,中信建投证券股份有限公司株洲天台路证券营业部,中国银河证券股份有限公司北京金融街证券营业部,否
2024-12-26,鼎通科技,688668,46.12,530.38,11.5,华泰证券股份有限公司南京大光路证券营业部,东莞证券股份有限公司东莞虎门分公司,否
2024-12-26,鼎通科技,688668,46.12,530.38,11.5,招商证券股份有限公司西安北大街证券营业部,东莞证券股份有限公司东莞虎门分公司,否
2024-12-26,鼎通科技,688668,46.12,507.32,11,华泰证券股份有限公司南京文澜路证券营业部,东莞证券股份有限公司东莞虎门分公司,否
2024-12-26,鼎通科技,688668,46.12,461.2,10,华泰证券股份有限公司南京文澜路证券营业部,东莞证券股份有限公司东莞虎门分公司,否
2024-12-26,鼎通科技,688668,46.12,322.84,7,华泰证券股份有限公司南京分公司,东莞证券股份有限公司东莞虎门分公司,否
2024-12-26,鼎通科技,688668,46.12,300.24,6.51,中信证券股份有限公司徐州建国西路证券营业部,东莞证券股份有限公司东莞虎门分公司,否
2024-12-26,鼎通科技,688668,46.12,253.66,5.5,中信建投证券股份有限公司北京望京证券营业部,东莞证券股份有限公司东莞虎门分公司,否
2024-12-26,鼎通科技,688668,46.12,207.54,4.5,中国银河证券股份有限公司晋城黄华街证券营业部,东莞证券股份有限公司东莞虎门分公司,否
2024-12-26,鼎通科技,688668,46.12,200.16,4.34,国投证券股份有限公司连云港郁州北路证券营业部,东莞证券股份有限公司东莞虎门分公司,否
2024-12-26,恒烁股份,688416,45.86,206.37,4.5,华泰证券股份有限公司南京长江路证券营业部,华泰证券股份有限公司合肥习友路证券营业部,否
2024-12-26,长电科技,600584,39.93,203.64,5.1,华泰证券股份有限公司总部,中信证券股份有限公司上海分公司,否
2024-12-26,新洁能,605111,36.53,200.92,5.5,华泰证券股份有限公司总部,中信证券股份有限公司上海分公司,否
2024-12-26,震有科技,688418,31,796.7,25.7,华创证券有限责任公司杭州东信大道证券营业部,海通证券股份有限公司深圳金田路证券营业部,否
2024-12-26,顾家家居,603816,27.95,2199.67,78.7,中信建投证券股份有限公司杭州庆春路证券营业部,海通证券股份有限公司北京中关村南大街证券营业部,否
2024-12-26,至纯科技,603690,23.52,4327.68,184,中信建投证券股份有限公司上海市徐家汇路证券营业部,中信建投证券股份有限公司上海市华灵路证券营业部,否
2024-12-26,金鸿顺,603922,23,1150,50,财通证券股份有限公司杭州庆春路证券营业部,信达证券股份有限公司杭州景昙路证券营业部,否
2024-12-26,金鸿顺,603922,23,690,30,财通证券股份有限公司杭州体育场路证券营业部,信达证券股份有限公司杭州景昙路证券营业部,否
2024-12-26,悦安新材,688786,22.73,227.3,10,华泰证券股份有限公司南京庐山路证券营业部,东兴证券股份有限公司南昌赣江中大道证券营业部,否
2024-12-26,悦安新材,688786,22.73,227.3,10,国都证券股份有限公司江苏分公司,长城证券股份有限公司青岛台东一路证券营业部,否
2024-12-26,悦安新材,688786,22.73,227.3,10,招商证券股份有限公司西安北大街证券营业部,东兴证券股份有限公司南昌赣江中大道证券营业部,否
2024-12-26,悦安新材,688786,22.73,227.3,10,招商证券股份有限公司西安北大街证券营业部,长城证券股份有限公司青岛台东一路证券营业部,否
2024-12-26,悦安新材,688786,22.73,204.57,9,浙商证券股份有限公司上海浦东杨高南路证券营业部,华泰证券股份有限公司深圳彩田路证券营业部,否
2024-12-26,湘油泵,603319,22.2,202.02,9.1,华泰证券股份有限公司总部,中信证券股份有限公司上海分公司,否
2024-12-26,润本股份,603193,21.89,547.25,25,浙商证券股份有限公司绍兴分公司,广发证券股份有限公司广州宸悦路证券营业部,否
2024-12-26,润本股份,603193,21.89,437.8,20,中国中金财富证券有限公司深圳分公司,广发证券股份有限公司广州宸悦路证券营业部,否
2024-12-26,润本股份,603193,21.89,437.8,20,广发证券股份有限公司广州临江大道证券营业部,广发证券股份有限公司广州宸悦路证券营业部,否
2024-12-26,润本股份,603193,21.89,306.46,14,中信建投证券股份有限公司总部,广发证券股份有限公司广州宸悦路证券营业部,否
2024-12-26,润本股份,603193,21.89,306.46,14,中国银河证券股份有限公司金华证券营业部,广发证券股份有限公司广州宸悦路证券营业部,否
2024-12-26,润本股份,603193,21.89,240.79,11,浙商证券股份有限公司台州环城东路证券营业部,广发证券股份有限公司广州宸悦路证券营业部,否
2024-12-26,润本股份,603193,21.89,218.9,10,华泰证券股份有限公司深圳后海中心路证券营业部,广发证券股份有限公司广州宸悦路证券营业部,否
2024-12-26,润本股份,603193,21.89,218.9,10,招商证券股份有限公司西安北大街证券营业部,广发证券股份有限公司广州宸悦路证券营业部,否
2024-12-26,润本股份,603193,21.89,207.96,9.5,机构专用,广发证券股份有限公司广州宸悦路证券营业部,否
2024-12-26,润本股份,603193,21.89,201.39,9.2,机构专用,广发证券股份有限公司广州宸悦路证券营业部,否
2024-12-26,润本股份,603193,21.89,201.39,9.2,机构专用,广发证券股份有限公司广州宸悦路证券营业部,否
2024-12-26,润本股份,603193,21.89,200.07,9.14,国投证券股份有限公司连云港郁州北路证券营业部,广发证券股份有限公司广州宸悦路证券营业部,否
2024-12-26,豪森智能,688529,16.32,222.8,13.65,华泰证券股份有限公司重庆江北嘴证券营业部,财通证券股份有限公司江苏分公司,否
2024-12-26,华脉科技,603042,15.08,351.21,23.29,机构专用,华福证券有限责任公司东莞东莞大道证券营业部,否
2024-12-26,凌志软件,688588,14.43,205.8,14.26,中信证券股份有限公司总部(非营业场所),国信证券股份有限公司济南顺河东街证券营业部,否
2024-12-26,富佳股份,603219,13.19,204.45,15.5,机构专用,中信证券股份有限公司余姚南雷路证券营业部,否
2024-12-26,诺禾致源,688315,13.08,252.96,19.34,华泰证券股份有限公司重庆江北嘴证券营业部,财通证券股份有限公司江苏分公司,否
2024-12-26,欧林生物,688319,10.8,1080,100,长江证券股份有限公司上海锦绣路证券营业部,中国银河证券股份有限公司上海东宝兴路证券营业部,否
2024-12-26,白云机场,600004,9.7,201.76,20.8,华泰证券股份有限公司总部,中信证券股份有限公司上海分公司,否
2024-12-26,岱美股份,603730,8.5,2095.1,246.48,国泰君安证券股份有限公司上海大渡河路证券营业部,广发证券股份有限公司上海浦东新区东方路证券营业部,否
2024-12-26,N甬交R,508036,8.09,1853.77,229.2,中国中金财富证券有限公司总部,中国中金财富证券有限公司总部,否
2024-12-26,晶科能源,688223,7.45,4991.5,670,方正证券股份有限公司总部,中信证券股份有限公司上海徐汇区漕溪北路证券营业部,否
2024-12-26,晶科能源,688223,7.45,2458.5,330,机构专用,中信证券股份有限公司上海徐汇区漕溪北路证券营业部,否
2024-12-26,力帆科技,601777,7,305.81,43.69,机构专用,英大证券有限责任公司河南分公司,否
2024-12-26,福达股份,603166,6.1,1220,200,国泰君安证券股份有限公司襄阳长虹路证券营业部,国泰君安证券股份有限公司襄阳长虹路证券营业部,否
2024-12-26,新黄浦,600638,5.02,5290.93,1053.97,中信证券股份有限公司上海南京西路证券营业部,兴业证券股份有限公司福州横屿路东泰禾证券营业部,否
2024-12-26,盘江股份,600395,5.01,201.9,40.3,华泰证券股份有限公司总部,中信证券股份有限公司上海分公司,否
2024-12-26,鑫科材料,600255,4.28,428,100,华泰证券股份有限公司总部,中信证券股份有限公司上海分公司,否
2024-12-26,实达集团,600734,3.4,6665.99,1960.59,中国中金财富证券有限公司威海青岛北路证券营业部,中国中金财富证券有限公司威海青岛北路证券营业部,否
2024-12-26,普洛斯,508056,3.28,5010.75,1530,机构专用,机构专用,否
2024-12-26,中孚实业,600595,2.9,168.2,58,中信证券股份有限公司总部(非营业场所),中信证券（山东）有限责任公司河南分公司,否
2024-12-26,广西广电,600936,2.84,2268.51,798.77,方正证券股份有限公司总部,华泰证券股份有限公司南宁民族大道证券营业部,否
2024-12-26,和邦生物,603077,2.08,596.25,286.66,中国国际金融股份有限公司北京建国门外大街证券营业部,中信建投证券股份有限公司芜湖中山南路证券营业部,否
2024-12-26,H股ETF,510900,0.87,347.2,400,华泰证券股份有限公司合肥创新大道证券营业部,兴业证券股份有限公司重庆分公司,否
2024-12-25,贵州茅台,600519,1530,217.41,0.14,海通证券股份有限公司上海黄浦区中山南路证券营业部,中国国际金融股份有限公司北京建国门外大街证券营业部,否
2024-12-25,中国移动,600941,110.09,341.28,3.1,东方财富证券股份有限公司拉萨东环路第一证券营业部,中信证券股份有限公司九江长江大道证券营业部,否
2024-12-25,中科飞测,688361,89.77,1346.55,15,万联证券股份有限公司上海浦东新区世纪大道证券营业部,国投证券股份有限公司北京西关二巷证券营业部,否
2024-12-25,德业股份,605117,84.63,20259.56,239.39,中信证券股份有限公司深圳滨海大道证券营业部,摩根大通证券（中国）有限公司上海银城中路证券营业部,否
2024-12-25,德业股份,605117,84.63,3503.4,41.4,机构专用,机构专用,否
2024-12-25,敏芯股份,688286,65.98,1528.76,23.17,中信证券股份有限公司总部(非营业场所),东吴证券股份有限公司苏州工业园区现代大道证券营业部,否
2024-12-25,药明康德,603259,56.45,1693.5,30,天风证券股份有限公司深圳分公司,中国国际金融股份有限公司北京建国门外大街证券营业部,否
2024-12-25,药明康德,603259,56.45,282.25,5,天风证券股份有限公司深圳分公司,中国国际金融股份有限公司北京建国门外大街证券营业部,否
2024-12-25,中国平安,601318,52.55,4046.35,77,机构专用,东方证券股份有限公司长沙劳动西路证券营业部,否
2024-12-25,聚和材料,688503,39.3,2672.4,68,广发证券股份有限公司上海盈港东路证券营业部,广发证券股份有限公司上海盈港东路证券营业部,否
2024-12-25,金鸿顺,603922,22.6,1130,50,财通证券股份有限公司杭州体育场路证券营业部,东北证券股份有限公司杭州教工路证券营业部,否
2024-12-25,润本股份,603193,21.66,802.22,37.04,机构专用,广发证券股份有限公司广州宸悦路证券营业部,否
2024-12-25,润本股份,603193,21.66,561.55,25.93,机构专用,广发证券股份有限公司广州宸悦路证券营业部,否
2024-12-25,润本股份,603193,21.66,481.33,22.22,机构专用,广发证券股份有限公司广州宸悦路证券营业部,否
2024-12-25,润本股份,603193,21.66,320.89,14.81,机构专用,广发证券股份有限公司广州宸悦路证券营业部,否
2024-12-25,润本股份,603193,21.66,200.36,9.25,中信证券股份有限公司徐州建国西路证券营业部,广发证券股份有限公司广州宸悦路证券营业部,否
2024-12-25,利元亨,688499,20,480,24,东方证券股份有限公司济南华信路证券营业部,国融证券股份有限公司深圳福田路证券营业部,否
2024-12-25,兴业银行,601166,19.16,61312,3200,兴业证券股份有限公司上杭紫金南路证券营业部,兴业证券股份有限公司龙岩人民西路证券营业部,否
2024-12-25,甬金股份,603995,18.8,1605.52,85.4,海通证券股份有限公司上海黄浦区中山南路证券营业部,中国国际金融股份有限公司北京建国门外大街证券营业部,否
2024-12-25,恒力石化,600346,15.48,14848.57,959.21,西南证券股份有限公司西北分公司,国投证券股份有限公司深圳深南东路证券营业部,否
2024-12-25,福立旺,688678,14.19,454.08,32,招商证券股份有限公司深圳龙岗龙城大道证券营业部,平安证券股份有限公司深圳金田路证券营业部,否
2024-12-25,凌志软件,688588,13.95,320.85,23,中信证券股份有限公司总部(非营业场所),中泰证券股份有限公司滨州渤海十八路证券营业部,否
2024-12-25,凌志软件,688588,13.95,223.2,16,中信证券股份有限公司总部(非营业场所),中信证券（山东）有限责任公司滨州府前街证券营业部,否
2024-12-25,西藏珠峰,600338,11,1332.1,121.1,光大证券股份有限公司杭州市心北路证券营业部,万和证券股份有限公司郑州紫荆山路证券营业部,否
2024-12-25,西藏珠峰,600338,11,1039.5,94.5,金元证券股份有限公司宁波分公司,万和证券股份有限公司郑州紫荆山路证券营业部,否
2024-12-25,重庆银行,601963,9.36,909.14,97.13,国泰君安证券股份有限公司重庆中山三路证券营业部,国泰君安证券股份有限公司重庆中山三路证券营业部,否
2024-12-25,长沙银行,601577,8.82,53996.04,6122,华泰证券股份有限公司湖南分公司,华泰证券股份有限公司长沙芙蓉中路证券营业部,否
2024-12-25,云维股份,600725,4.97,994,200,国新证券股份有限公司北京朝外大街证券营业部,中信建投证券股份有限公司北京商务中心区机构专用证券营业部,否
2024-12-25,云维股份,600725,4.97,994,200,渤海证券股份有限公司天津云际道分公司,中信建投证券股份有限公司北京商务中心区机构专用证券营业部,否
2024-12-25,中孚实业,600595,2.93,169.94,58,中信证券股份有限公司总部(非营业场所),中信证券（山东）有限责任公司河南分公司,否
2024-12-25,建邺REIT,508097,2.85,2523.52,887,广发证券股份有限公司总部,中信证券股份有限公司总部(非营业场所),否
2024-12-25,和邦生物,603077,2.09,519.3,248.47,中国国际金融股份有限公司北京建国门外大街证券营业部,中信建投证券股份有限公司芜湖中山南路证券营业部,否
2024-12-25,证券ETF,512880,1.2,660.55,550,中国中金财富证券有限公司总部,中国国际金融股份有限公司北京建国门外大街证券营业部,否
2024-12-25,香港红利,513630,1.18,376,320,华泰证券股份有限公司合肥创新大道证券营业部,兴业证券股份有限公司重庆分公司,否
2024-12-24,山西汾酒,600809,180.04,27006,150,机构专用,海通证券股份有限公司深圳滨河大道证券营业部,否
2024-12-24,山西汾酒,600809,180.04,1800.4,10,中信证券股份有限公司总部(非营业场所),海通证券股份有限公司深圳滨河大道证券营业部,否
2024-12-24,山西汾酒,600809,180.04,1080.24,6,申万宏源证券有限公司证券投资总部,海通证券股份有限公司深圳滨河大道证券营业部,否
2024-12-24,山西汾酒,600809,180.04,972.22,5.4,机构专用,海通证券股份有限公司深圳滨河大道证券营业部,否
2024-12-24,山西汾酒,600809,180.04,756.17,4.2,中信证券股份有限公司总部(非营业场所),海通证券股份有限公司深圳滨河大道证券营业部,否
2024-12-24,山西汾酒,600809,180.04,576.13,3.2,中国中金财富证券有限公司深圳分公司,海通证券股份有限公司深圳滨河大道证券营业部,否
2024-12-24,山西汾酒,600809,180.04,576.13,3.2,中国银河证券股份有限公司金华证券营业部,海通证券股份有限公司深圳滨河大道证券营业部,否
2024-12-24,山西汾酒,600809,180.04,576.13,3.2,华泰证券股份有限公司南京大光路证券营业部,海通证券股份有限公司深圳滨河大道证券营业部,否
2024-12-24,山西汾酒,600809,180.04,540.12,3,申万宏源证券有限公司证券投资总部,海通证券股份有限公司深圳滨河大道证券营业部,否
2024-12-24,山西汾酒,600809,180.04,450.1,2.5,广发证券股份有限公司佛山灯湖东路证券营业部,海通证券股份有限公司深圳滨河大道证券营业部,否
2024-12-24,山西汾酒,600809,180.04,450.1,2.5,广发证券股份有限公司广州临江大道证券营业部,海通证券股份有限公司深圳滨河大道证券营业部,否
2024-12-24,山西汾酒,600809,180.04,360.08,2,中信建投证券股份有限公司总部,海通证券股份有限公司深圳滨河大道证券营业部,否
2024-12-24,山西汾酒,600809,180.04,324.07,1.8,国都证券股份有限公司江苏分公司,海通证券股份有限公司深圳滨河大道证券营业部,否
2024-12-24,山西汾酒,600809,180.04,324.07,1.8,浙商证券股份有限公司台州环城东路证券营业部,海通证券股份有限公司深圳滨河大道证券营业部,否
2024-12-24,山西汾酒,600809,180.04,324.07,1.8,浙商证券股份有限公司绍兴分公司,海通证券股份有限公司深圳滨河大道证券营业部,否
2024-12-24,山西汾酒,600809,180.04,270.06,1.5,机构专用,海通证券股份有限公司深圳滨河大道证券营业部,否
2024-12-24,山西汾酒,600809,180.04,270.06,1.5,机构专用,海通证券股份有限公司深圳滨河大道证券营业部,否
2024-12-24,山西汾酒,600809,180.04,252.06,1.4,机构专用,海通证券股份有限公司深圳滨河大道证券营业部,否
2024-12-24,中国移动,600941,109.39,229.72,2.1,东方财富证券股份有限公司拉萨东环路第一证券营业部,中信证券股份有限公司九江长江大道证券营业部,否
2024-12-24,中科飞测,688361,92.92,929.2,10,方正证券股份有限公司总部,国投证券股份有限公司北京西关二巷证券营业部,否
2024-12-24,中科飞测,688361,92.92,464.6,5,机构专用,国投证券股份有限公司北京西关二巷证券营业部,否
2024-12-24,青岛啤酒,600600,79.24,217.12,2.74,国泰君安证券股份有限公司总部,海通证券股份有限公司上海嘉定区洪德路证券营业部,否
2024-12-24,敏芯股份,688286,69.08,2072.4,30,机构专用,东吴证券股份有限公司苏州工业园区现代大道证券营业部,否
2024-12-24,澜起科技,688008,64.96,1299.2,20,机构专用,中国中金财富证券有限公司上海浦东新区世纪大道证券营业部,否
2024-12-24,富创精密,688409,57.64,1152.8,20,机构专用,国投证券股份有限公司北京西关二巷证券营业部,否
2024-12-24,药明康德,603259,56.51,1695.3,30,天风证券股份有限公司深圳分公司,中国国际金融股份有限公司北京建国门外大街证券营业部,否
2024-12-24,中国平安,601318,47.79,262.85,5.5,华泰证券股份有限公司合肥习友路证券营业部,华泰证券股份有限公司合肥习友路证券营业部,否
2024-12-24,九号公司,689009,41.77,835.4,20,中信证券股份有限公司大连分公司,中国国际金融股份有限公司上海分公司,否
2024-12-24,九号公司,689009,41.77,835.4,20,广发证券股份有限公司广州临江大道证券营业部,中国国际金融股份有限公司上海分公司,否
2024-12-24,九号公司,689009,41.77,835.4,20,招商证券股份有限公司西安北大街证券营业部,中国国际金融股份有限公司上海分公司,否
2024-12-24,九号公司,689009,41.77,710.09,17,中信证券股份有限公司杭州婺江路证券营业部,中国国际金融股份有限公司上海分公司,否
2024-12-24,九号公司,689009,41.77,626.55,15,招商证券股份有限公司上海世纪大道证券营业部,中国国际金融股份有限公司上海分公司,否
2024-12-24,九号公司,689009,41.77,417.7,10,东北证券股份有限公司杭州教工路证券营业部,中国国际金融股份有限公司上海分公司,否
2024-12-24,九号公司,689009,41.77,417.7,10,中信证券华南股份有限公司东莞元美东路证券营业部,中国国际金融股份有限公司上海分公司,否
2024-12-24,九号公司,689009,41.77,417.7,10,广发证券股份有限公司广州中山三路中华广场证券营业部,中国国际金融股份有限公司上海分公司,否
2024-12-24,九号公司,689009,41.77,417.7,10,广发证券股份有限公司广州农林下路证券营业部,中国国际金融股份有限公司上海分公司,否
2024-12-24,九号公司,689009,41.77,417.7,10,招商证券股份有限公司上海世纪大道证券营业部,中国国际金融股份有限公司上海分公司,否
2024-12-24,九号公司,689009,41.77,417.7,10,招商证券股份有限公司上海世纪大道证券营业部,中国国际金融股份有限公司上海分公司,否
2024-12-24,九号公司,689009,41.77,359.22,8.6,招商证券股份有限公司西安北大街证券营业部,中国国际金融股份有限公司上海分公司,否
2024-12-24,九号公司,689009,41.77,334.16,8,中信建投证券股份有限公司北京回龙观西大街证券营业部,中国国际金融股份有限公司上海分公司,否
2024-12-24,九号公司,689009,41.77,238.09,5.7,广发证券股份有限公司南京水佑岗证券营业部,中国国际金融股份有限公司上海分公司,否
2024-12-24,九号公司,689009,41.77,238.09,5.7,浙商证券股份有限公司龙游荣昌大道证券营业部,中国国际金融股份有限公司上海分公司,否
2024-12-24,九号公司,689009,41.77,208.85,5,中信证券股份有限公司大连分公司,中国国际金融股份有限公司上海分公司,否
2024-12-24,九号公司,689009,41.77,208.85,5,华创证券有限责任公司北京西直门证券营业部,中国国际金融股份有限公司上海分公司,否
2024-12-24,聚和材料,688503,37.7,3016,80,广发证券股份有限公司上海盈港东路证券营业部,广发证券股份有限公司上海盈港东路证券营业部,否
2024-12-24,海尔智家,600690,29.15,583,20,中国国际金融股份有限公司北京建国门外大街证券营业部,平安证券股份有限公司深圳金田路证券营业部,否
2024-12-24,中船特气,688146,28.2,338.4,12,中国银河证券股份有限公司金华证券营业部,机构专用,否
2024-12-24,中船特气,688146,28.2,338.4,12,招商证券股份有限公司西安北大街证券营业部,机构专用,否
2024-12-24,中船特气,688146,28.2,225.6,8,招商证券股份有限公司西安北大街证券营业部,机构专用,否
2024-12-24,中船特气,688146,28.2,204.21,7.24,中信证券股份有限公司南京双龙大道证券营业部,机构专用,否
2024-12-24,中船特气,688146,28.2,200.22,7.1,国投证券股份有限公司连云港郁州北路证券营业部,机构专用,否
2024-12-24,神马电力,603530,23.3,4729.9,203,机构专用,国融证券股份有限公司枝江金狮路证券营业部,否
2024-12-24,神马电力,603530,23.3,2003.8,86,机构专用,国融证券股份有限公司枝江金狮路证券营业部,否
2024-12-24,神马电力,603530,23.3,1864,80,机构专用,国融证券股份有限公司枝江金狮路证券营业部,否
2024-12-24,神马电力,603530,23.3,1001.9,43,机构专用,国融证券股份有限公司枝江金狮路证券营业部,否
2024-12-24,神马电力,603530,23.3,466,20,兴业证券股份有限公司福州湖东路证券营业部,国融证券股份有限公司枝江金狮路证券营业部,否
2024-12-24,海螺水泥,600585,22.46,1670.13,74.36,浙商证券股份有限公司诸暨东一路证券营业部,财通证券股份有限公司杭州东湖南路证券营业部,否
2024-12-24,晶合集成,688249,21.46,1502.2,70,机构专用,中信证券华南股份有限公司佛山分公司,否
2024-12-24,晶合集成,688249,21.46,214.6,10,瑞银证券有限责任公司上海花园石桥路证券营业部,中信证券华南股份有限公司佛山分公司,否
2024-12-24,润本股份,603193,21.08,737.8,35,中信证券股份有限公司总部(非营业场所),广发证券股份有限公司广州宸悦路证券营业部,否
2024-12-24,润本股份,603193,21.08,210.8,10,中信建投证券股份有限公司北京望京证券营业部,广发证券股份有限公司广州宸悦路证券营业部,否
2024-12-24,润本股份,603193,21.08,210.8,10,国投证券股份有限公司佛山北滘证券营业部,广发证券股份有限公司广州宸悦路证券营业部,否
2024-12-24,高华科技,688539,20.28,202.8,10,中信建投证券股份有限公司北京东三环中路证券营业部,中信证券股份有限公司南京洪武北路证券营业部,否
2024-12-24,卧龙电驱,600580,16.46,200.15,12.16,机构专用,华安证券股份有限公司广东分公司,否
2024-12-24,上海汽配,603107,16,400,25,中国中金财富证券有限公司深圳分公司,兴业证券股份有限公司上海自由贸易试验区分公司,否
2024-12-24,上海汽配,603107,16,400,25,广发证券股份有限公司佛山灯湖东路证券营业部,兴业证券股份有限公司上海自由贸易试验区分公司,否
2024-12-24,上海汽配,603107,16,400,25,招商证券股份有限公司西安北大街证券营业部,兴业证券股份有限公司上海自由贸易试验区分公司,否
2024-12-24,上海汽配,603107,16,400,25,浙商证券股份有限公司台州环城东路证券营业部,兴业证券股份有限公司上海自由贸易试验区分公司,否
2024-12-24,上海汽配,603107,16,200,12.5,华鑫证券有限责任公司深圳财富大厦证券营业部,兴业证券股份有限公司上海自由贸易试验区分公司,否
2024-12-24,上海汽配,603107,16,200,12.5,国投证券股份有限公司佛山北滘证券营业部,兴业证券股份有限公司上海自由贸易试验区分公司,否
2024-12-24,三友医疗,688085,15.44,1291.63,83.66,华林证券股份有限公司上海分公司,华泰证券股份有限公司上海黄河路证券营业部,否
2024-12-24,三友医疗,688085,15.44,561.09,36.34,平安证券股份有限公司广东分公司,华泰证券股份有限公司上海黄河路证券营业部,否
2024-12-24,东航物流,601156,15.2,1520,100,机构专用,中国国际金融股份有限公司上海分公司,否
2024-12-24,东航物流,601156,15.2,577.6,38,中信证券股份有限公司上海浦东新区东方路证券营业部,中国国际金融股份有限公司上海分公司,否
2024-12-24,东航物流,601156,15.2,577.6,38,广发证券股份有限公司广州临江大道证券营业部,中国国际金融股份有限公司上海分公司,否
2024-12-24,东航物流,601156,15.2,364.8,24,中信证券股份有限公司苏州分公司,中国国际金融股份有限公司上海分公司,否
2024-12-24,维远股份,600955,13.82,386.96,28,中泰证券股份有限公司蓬莱钟楼北路证券营业部,华龙证券股份有限公司淄博鲁泰大道证券营业部,否
2024-12-24,明泰铝业,601677,12.44,622,50,中国国际金融股份有限公司北京建国门外大街证券营业部,平安证券股份有限公司深圳金田路证券营业部,否
2024-12-24,华新水泥,600801,11.44,1192.05,104.2,浙商证券股份有限公司诸暨东一路证券营业部,财通证券股份有限公司杭州东湖南路证券营业部,否
2024-12-24,汇成股份,688403,9.41,414.04,44,海通证券股份有限公司合肥黄山路证券营业部,海通证券股份有限公司合肥黄山路证券营业部,否
2024-12-24,重庆银行,601963,9.25,1000.39,108.15,国泰君安证券股份有限公司重庆中山三路证券营业部,国泰君安证券股份有限公司重庆中山三路证券营业部,否
2024-12-24,古越龙山,600059,9.02,451,50,中国国际金融股份有限公司北京建国门外大街证券营业部,平安证券股份有限公司深圳金田路证券营业部,否
2024-12-24,新安股份,600596,8.79,351.6,40,中国国际金融股份有限公司北京建国门外大街证券营业部,平安证券股份有限公司深圳金田路证券营业部,否
2024-12-24,镇洋发展,603213,8.31,540.15,65,国泰君安证券股份有限公司嘉兴秀洲大道证券营业部,国信证券股份有限公司杭州市心中路证券营业部,否
2024-12-24,镇洋发展,603213,8.31,457.05,55,海通证券股份有限公司杭州市心北路证券营业部,国信证券股份有限公司杭州市心中路证券营业部,否
2024-12-24,岱美股份,603730,8.18,5971.4,730,国泰君安证券股份有限公司上海大渡河路证券营业部,广发证券股份有限公司上海浦东新区东方路证券营业部,否
2024-12-24,深圳燃气,601139,6.97,281.38,40.37,中信证券股份有限公司上海分公司,海通证券股份有限公司上海嘉定区洪德路证券营业部,否
2024-12-24,常熟银行,601128,6.75,303.75,45,中信建投证券股份有限公司常熟锁澜南路证券营业部,中信建投证券股份有限公司常熟锁澜南路证券营业部,否
2024-12-24,宏盛华源,601096,3.95,592.5,150,浙商证券股份有限公司龙游荣昌大道证券营业部,中信建投证券股份有限公司镇江北府路证券营业部,否
2024-12-24,宏盛华源,601096,3.95,355.5,90,中国中金财富证券有限公司深圳分公司,中信建投证券股份有限公司镇江北府路证券营业部,否
2024-12-24,宏盛华源,601096,3.95,355.5,90,中国银河证券股份有限公司金华证券营业部,中信建投证券股份有限公司镇江北府路证券营业部,否
2024-12-24,宏盛华源,601096,3.95,355.5,90,广发证券股份有限公司广州临江大道证券营业部,中信建投证券股份有限公司镇江北府路证券营业部,否
2024-12-24,宏盛华源,601096,3.95,237,60,中信证券股份有限公司南京双龙大道证券营业部,中信建投证券股份有限公司镇江北府路证券营业部,否
2024-12-24,宏盛华源,601096,3.95,237,60,招商证券股份有限公司西安北大街证券营业部,中信建投证券股份有限公司镇江北府路证券营业部,否
2024-12-24,宏盛华源,601096,3.95,237,60,浙商证券股份有限公司金华分公司,中信建投证券股份有限公司镇江北府路证券营业部,否
2024-12-24,国中水务,600187,3.42,239.4,70,方正证券股份有限公司长沙芙蓉中路证券营业部,招商证券股份有限公司北京建国路证券营业部,否
2024-12-24,建邺REIT,508097,2.84,2522.63,887,中信证券股份有限公司总部(非营业场所),国信证券股份有限公司公司总部,否
2024-12-24,和邦生物,603077,2.13,848.93,398.56,中国国际金融股份有限公司北京建国门外大街证券营业部,中信建投证券股份有限公司芜湖中山南路证券营业部,否
2024-12-24,和邦生物,603077,2.13,213,100,中国国际金融股份有限公司北京建国门外大街证券营业部,华泰证券股份有限公司无锡永乐路证券营业部,否
2024-12-24,恒指科技,513180,0.62,14976,24000,瑞银证券有限责任公司上海花园石桥路证券营业部,国泰君安证券股份有限公司总部,否
2024-12-24,恒生科技,513130,0.61,14640,24000,瑞银证券有限责任公司上海花园石桥路证券营业部,国泰君安证券股份有限公司总部,否
2024-12-24,恒生科技,513130,0.61,170.52,280,华泰证券股份有限公司总部,国投证券股份有限公司总部,否
2024-12-24,恒指科技,513180,0.56,225.6,400,华泰证券股份有限公司合肥创新大道证券营业部,兴业证券股份有限公司重庆分公司,否
2024-12-24,恒生互联,513330,0.43,115.56,270,华泰证券股份有限公司总部,国投证券股份有限公司总部,否
2024-12-24,医药ETF,512010,0.37,629,1700,中国中金财富证券有限公司北京北三环东路证券营业部,广发证券股份有限公司福州儒江西路证券营业部,否
2024-12-23,贵州茅台,600519,1526.45,615.31,0.4,中信证券股份有限公司大连分公司,中信建投证券股份有限公司上海市营口路证券营业部,否
2024-12-23,贵州茅台,600519,1526.45,549.52,0.36,中信证券股份有限公司大连分公司,国泰君安证券股份有限公司上海江苏路证券营业部,否
2024-12-23,贵州茅台,600519,1526.45,530.59,0.35,中信证券股份有限公司大连分公司,华泰证券股份有限公司杭州解放东路证券营业部,否
2024-12-23,贵州茅台,600519,1526.45,228.97,0.15,中信证券股份有限公司大连分公司,中信建投证券股份有限公司上海市营口路证券营业部,否
2024-12-23,东鹏饮料,605499,241.99,848.13,3.5,中信证券股份有限公司大连分公司,中信建投证券股份有限公司上海市营口路证券营业部,否
2024-12-23,东鹏饮料,605499,241.99,825.48,3.41,中信证券股份有限公司大连分公司,华泰证券股份有限公司杭州解放东路证券营业部,否
2024-12-23,东鹏饮料,605499,241.99,798.57,3.3,中信证券股份有限公司大连分公司,中信建投证券股份有限公司上海市营口路证券营业部,否
2024-12-23,东鹏饮料,605499,241.99,617.32,2.55,中信证券股份有限公司大连分公司,中信建投证券股份有限公司上海市营口路证券营业部,否
2024-12-23,东鹏饮料,605499,241.99,248.52,1.03,中信证券股份有限公司大连分公司,国泰君安证券股份有限公司上海江苏路证券营业部,否
2024-12-23,山西汾酒,600809,180,12600,70,机构专用,海通证券股份有限公司深圳滨河大道证券营业部,否
2024-12-23,山西汾酒,600809,180,3780,21,机构专用,海通证券股份有限公司深圳滨河大道证券营业部,否
2024-12-23,山西汾酒,600809,180,2700,15,招商证券股份有限公司深圳招商证券大厦证券营业部,海通证券股份有限公司深圳滨河大道证券营业部,否
2024-12-23,山西汾酒,600809,180,2160,12,中国国际金融股份有限公司上海分公司,海通证券股份有限公司深圳滨河大道证券营业部,否
2024-12-23,山西汾酒,600809,180,1440,8,机构专用,海通证券股份有限公司深圳滨河大道证券营业部,否
2024-12-23,山西汾酒,600809,180,900,5,中信证券股份有限公司上海静安区山西北路证券营业部,海通证券股份有限公司深圳滨河大道证券营业部,否
2024-12-23,山西汾酒,600809,180,720,4,机构专用,海通证券股份有限公司深圳滨河大道证券营业部,否
2024-12-23,山西汾酒,600809,180,540,3,招商证券股份有限公司深圳招商证券大厦证券营业部,海通证券股份有限公司深圳滨河大道证券营业部,否
2024-12-23,山西汾酒,600809,180,540,3,机构专用,海通证券股份有限公司深圳滨河大道证券营业部,否
2024-12-23,山西汾酒,600809,180,360,2,机构专用,海通证券股份有限公司深圳滨河大道证券营业部,否
2024-12-23,山西汾酒,600809,180,360,2,机构专用,海通证券股份有限公司深圳滨河大道证券营业部,否
2024-12-23,赛力斯,601127,130.68,230.52,1.76,华泰证券股份有限公司深圳前海证券营业部,中信建投证券股份有限公司上海闵行区顾戴路证券营业部,否
2024-12-23,普冉股份,688766,114.35,575.92,5.04,中信证券股份有限公司大连分公司,国泰君安证券股份有限公司上海江苏路证券营业部,否
2024-12-23,华宝添益,511990,100,5000,50,中信证券股份有限公司深圳滨海大道证券营业部,中信证券股份有限公司深圳滨海大道证券营业部,否
2024-12-23,柯力传感,603662,68.7,201.98,2.94,华泰证券股份有限公司总部,中信证券股份有限公司上海分公司,否
2024-12-23,药明康德,603259,56.87,1137.4,20,天风证券股份有限公司深圳分公司,中国国际金融股份有限公司北京建国门外大街证券营业部,否
2024-12-23,九号公司,689009,41.9,1382.7,33,中信证券股份有限公司杭州婺江路证券营业部,中国国际金融股份有限公司上海分公司,否
2024-12-23,九号公司,689009,41.9,921.8,22,机构专用,中国国际金融股份有限公司上海分公司,否
2024-12-23,九号公司,689009,41.9,460.9,11,东北证券股份有限公司杭州教工路证券营业部,中国国际金融股份有限公司上海分公司,否
2024-12-23,九号公司,689009,41.9,419,10,中信证券股份有限公司总部(非营业场所),中国国际金融股份有限公司上海分公司,否
2024-12-23,中信证券,600030,29.92,448.8,15,国泰君安证券股份有限公司总部,华泰证券股份有限公司北京雍和宫证券营业部,否
2024-12-23,中科微至,688211,29.8,339.48,11.39,中信证券股份有限公司大连分公司,中信建投证券股份有限公司上海市营口路证券营业部,否
2024-12-23,中船特气,688146,28.5,883.5,31,中信证券股份有限公司徐州建国西路证券营业部,机构专用,否
2024-12-23,中船特气,688146,28.5,684,24,中信证券股份有限公司总部(非营业场所),机构专用,否
2024-12-23,中船特气,688146,28.5,456,16,浙商证券股份有限公司龙游荣昌大道证券营业部,机构专用,否
2024-12-23,中船特气,688146,28.5,370.5,13,中信建投证券股份有限公司总部,机构专用,否
2024-12-23,中船特气,688146,28.5,342,12,中国中金财富证券有限公司深圳分公司,机构专用,否
2024-12-23,中船特气,688146,28.5,342,12,招商证券股份有限公司西安北大街证券营业部,机构专用,否
2024-12-23,中船特气,688146,28.5,228,8,华泰证券股份有限公司南京分公司,机构专用,否
2024-12-23,中船特气,688146,28.5,228,8,广发证券股份有限公司广州临江大道证券营业部,机构专用,否
2024-12-23,中船特气,688146,28.5,228,8,招商证券股份有限公司西安北大街证券营业部,机构专用,否
2024-12-23,立昂微,605358,26.08,202.12,7.75,华泰证券股份有限公司总部,中信证券股份有限公司上海分公司,否
2024-12-23,上海医药,601607,21.58,201.99,9.36,华泰证券股份有限公司总部,中信证券股份有限公司上海分公司,否
2024-12-23,中国卫通,601698,21.48,201.91,9.4,华泰证券股份有限公司总部,中信证券股份有限公司上海分公司,否
2024-12-23,亚辉龙,688575,16.83,256.55,15.24,华泰证券股份有限公司重庆江北嘴证券营业部,财通证券股份有限公司江苏分公司,否
2024-12-23,宝丰能源,600989,15.64,202.07,12.92,华泰证券股份有限公司总部,中信证券股份有限公司上海分公司,否
2024-12-23,小商品城,600415,13.92,201.98,14.51,华泰证券股份有限公司总部,中信证券股份有限公司上海分公司,否
2024-12-23,淮北矿业,600985,13.88,201.95,14.55,华泰证券股份有限公司总部,中信证券股份有限公司上海分公司,否
2024-12-23,凤凰传媒,601928,11.02,202,18.33,华泰证券股份有限公司总部,中信证券股份有限公司上海分公司,否
2024-12-23,邦基科技,603151,10.18,366.48,36,财达证券股份有限公司深圳分公司,太平洋证券股份有限公司成都分公司,否
2024-12-23,重庆银行,601963,9.19,1000.06,108.82,国泰君安证券股份有限公司重庆中山三路证券营业部,国泰君安证券股份有限公司重庆中山三路证券营业部,否
2024-12-23,北汽蓝谷,600733,7.92,260.73,32.92,海通证券股份有限公司上海嘉定区洪德路证券营业部,中信证券股份有限公司上海分公司,否
2024-12-23,交通银行,601328,6.76,202.8,30,东吴证券股份有限公司吴江体育路证券营业部,东吴证券股份有限公司吴江体育路证券营业部,否
2024-12-23,贵州燃气,600903,6.73,329.77,49,粤开证券股份有限公司深圳分公司,国泰君安证券股份有限公司深圳人民南路证券营业部,否
2024-12-23,贵州燃气,600903,6.73,201.9,30,广发证券股份有限公司广州黄埔大道证券营业部,国泰君安证券股份有限公司深圳人民南路证券营业部,否
2024-12-23,贵州燃气,600903,6.73,200.22,29.75,机构专用,国泰君安证券股份有限公司深圳人民南路证券营业部,否
2024-12-23,广州发展,600098,6.46,202,31.27,华泰证券股份有限公司总部,中信证券股份有限公司上海分公司,否
2024-12-23,天风证券,601162,4.8,223.2,46.5,中信证券股份有限公司武汉关山大道证券营业部,西南证券股份有限公司重庆垫江证券营业部,否
2024-12-23,楚天高速,600035,4.65,202,43.44,华泰证券股份有限公司总部,中信证券股份有限公司上海分公司,否
2024-12-23,宏盛华源,601096,3.92,301.84,77,中信建投证券股份有限公司总部,中信建投证券股份有限公司镇江北府路证券营业部,否
2024-12-23,宏盛华源,601096,3.92,199.92,51,中信证券股份有限公司总部(非营业场所),中信建投证券股份有限公司镇江北府路证券营业部,否
2024-12-23,冠豪高新,600433,3.32,201.99,60.84,华泰证券股份有限公司总部,中信证券股份有限公司上海分公司,否
2024-12-23,建邺REIT,508097,2.84,2521.74,887,国信证券股份有限公司公司总部,广发证券股份有限公司总部,否
2024-12-23,和邦生物,603077,2.12,279.2,131.7,中国国际金融股份有限公司北京建国门外大街证券营业部,中信建投证券股份有限公司芜湖中山南路证券营业部,否
2024-12-23,港股通50,513550,0.9,313.25,350,中信证券股份有限公司大连分公司,国泰君安证券股份有限公司上海江苏路证券营业部,否
2024-12-23,恒生科技,513130,0.54,272,500,华泰证券股份有限公司合肥创新大道证券营业部,兴业证券股份有限公司重庆分公司,否
2024-12-20,石头科技,688169,198.74,6624.66,33.33,上海证券有限责任公司静安区南京西路证券营业部,机构专用,否
2024-12-20,石头科技,688169,198.74,6624.66,33.33,中信证券股份有限公司上海世博馆路证券营业部,机构专用,否
2024-12-20,石头科技,688169,198.74,6624.66,33.33,中信证券股份有限公司上海溧阳路证券营业部,机构专用,否
2024-12-20,安集科技,688019,148.03,455.93,3.08,国泰君安证券股份有限公司总部,中信建投证券股份有限公司北京海淀分公司,否
2024-12-20,赛力斯,601127,131.1,905.9,6.91,财信证券股份有限公司长沙茶子山东路证券营业部,国泰君安证券股份有限公司西安东关正街证券营业部,否
2024-12-20,赛力斯,601127,131.1,229.43,1.75,华泰证券股份有限公司深圳前海证券营业部,中信建投证券股份有限公司上海闵行区顾戴路证券营业部,否
2024-12-20,韦尔股份,603501,104.01,10192.98,98,机构专用,国泰君安证券股份有限公司总部,否
2024-12-20,华勤技术,603296,63.97,3198.5,50,中信证券股份有限公司总部(非营业场所),中信证券股份有限公司北京国贸证券营业部,否
2024-12-20,福耀玻璃,600660,59.51,4677.49,78.6,机构专用,国泰君安证券股份有限公司总部,否
2024-12-20,药明康德,603259,56.47,1129.4,20,天风证券股份有限公司深圳分公司,中国国际金融股份有限公司北京建国门外大街证券营业部,否
2024-12-20,中国平安,601318,52.62,4525.32,86,机构专用,国泰君安证券股份有限公司总部,否
2024-12-20,恒瑞医药,600276,46.25,2266.25,49,机构专用,国泰君安证券股份有限公司总部,否
2024-12-20,恒烁股份,688416,40.87,408.7,10,中信证券股份有限公司深圳福田金田路证券营业部,华泰证券股份有限公司合肥习友路证券营业部,否
2024-12-20,悦安新材,688786,22.97,344.55,15,东方财富证券股份有限公司昌都两江大道证券营业部,华泰证券股份有限公司深圳彩田路证券营业部,否
2024-12-20,工业富联,601138,22.02,2422.2,110,机构专用,国泰君安证券股份有限公司总部,否
2024-12-20,润本股份,603193,22,440,20,机构专用,广发证券股份有限公司广州宸悦路证券营业部,否
2024-12-20,易德龙,603380,21.88,525.12,24,中国银河证券股份有限公司南京洪武路证券营业部,南京证券股份有限公司南京溧水天生桥大道证券营业部,否
2024-12-20,易德龙,603380,21.88,525.12,24,中国银河证券股份有限公司金华证券营业部,南京证券股份有限公司南京溧水天生桥大道证券营业部,否
2024-12-20,易德龙,603380,21.88,503.24,23,招商证券股份有限公司西安北大街证券营业部,南京证券股份有限公司南京溧水天生桥大道证券营业部,否
2024-12-20,易德龙,603380,21.88,503.24,23,浙商证券股份有限公司绍兴分公司,南京证券股份有限公司南京溧水天生桥大道证券营业部,否
2024-12-20,易德龙,603380,21.88,393.84,18,浙商证券股份有限公司龙游荣昌大道证券营业部,南京证券股份有限公司南京溧水天生桥大道证券营业部,否
2024-12-20,易德龙,603380,21.88,284.44,13,国都证券股份有限公司江苏分公司,南京证券股份有限公司南京溧水天生桥大道证券营业部,否
2024-12-20,易德龙,603380,21.88,262.56,12,中信证券股份有限公司南京双龙大道证券营业部,南京证券股份有限公司南京溧水天生桥大道证券营业部,否
2024-12-20,易德龙,603380,21.88,262.56,12,华泰证券股份有限公司南京文澜路证券营业部,南京证券股份有限公司南京溧水天生桥大道证券营业部,否
2024-12-20,易德龙,603380,21.88,262.56,12,广发证券股份有限公司广州临江大道证券营业部,南京证券股份有限公司南京溧水天生桥大道证券营业部,否
2024-12-20,高华科技,688539,20.18,221.98,11,中信建投证券股份有限公司北京东三环中路证券营业部,中信证券股份有限公司南京洪武北路证券营业部,否
2024-12-20,兴业银行,601166,18.52,3518.8,190,机构专用,国泰君安证券股份有限公司总部,否
2024-12-20,璞泰来,603659,17.2,252.84,14.7,申万宏源证券有限公司北京劲松九区证券营业部,申万宏源证券有限公司证券投资总部,否
2024-12-20,豪森智能,688529,17,202.13,11.89,华泰证券股份有限公司重庆江北嘴证券营业部,财通证券股份有限公司江苏分公司,否
2024-12-20,纳微科技,688690,16.3,2960.08,181.6,摩根大通证券（中国）有限公司上海银城中路证券营业部,中信证券股份有限公司苏州分公司,否
2024-12-20,三友医疗,688085,16.23,589.15,36.3,华林证券股份有限公司上海分公司,华泰证券股份有限公司上海黄河路证券营业部,否
2024-12-20,维远股份,600955,13.82,995.04,72,中泰证券股份有限公司蓬莱钟楼北路证券营业部,华龙证券股份有限公司淄博鲁泰大道证券营业部,否
2024-12-20,诺禾致源,688315,13.48,205.84,15.27,华泰证券股份有限公司重庆江北嘴证券营业部,财通证券股份有限公司江苏分公司,否
2024-12-20,恒尚节能,603137,11.22,4105.02,365.87,申万宏源证券有限公司宜兴阳泉中路证券营业部,申万宏源证券有限公司宜兴阳泉中路证券营业部,否
2024-12-20,海南椰岛,600238,8.5,595,70,财达证券股份有限公司深圳分公司,太平洋证券股份有限公司成都分公司,否
2024-12-20,金发科技,600143,8.1,5500.85,679.12,中银国际证券股份有限公司北京宣外大街证券营业部,中国银河证券股份有限公司北京金融街证券营业部,否
2024-12-20,返利科技,600228,8.03,1204.5,150,机构专用,广发证券股份有限公司广州临江大道证券营业部,否
2024-12-20,金花股份,600080,8,640,80,长江证券股份有限公司上海分公司,山西证券股份有限公司西安唐延路证券营业部,否
2024-12-20,集友股份,603429,7.74,487.62,63,平安证券股份有限公司安徽分公司,广发证券股份有限公司安徽分公司（对外营业部）,否
2024-12-20,中国建筑,601668,5.91,5082.6,860,机构专用,国泰君安证券股份有限公司总部,否
2024-12-20,民生银行,600016,3.63,108.9,30,东吴证券股份有限公司吴江体育路证券营业部,东吴证券股份有限公司吴江体育路证券营业部,否
2024-12-20,大唐发电,601991,2.85,88.21,30.95,国泰君安证券股份有限公司总部,华泰证券股份有限公司深圳前海证券营业部,否
2024-12-20,中国能建,601868,2.32,164.02,70.7,国泰君安证券股份有限公司常州延陵中路证券营业部,国泰君安证券股份有限公司总部,否
2024-12-20,和邦生物,603077,2.2,417.98,189.99,中国国际金融股份有限公司北京建国门外大街证券营业部,中信建投证券股份有限公司芜湖中山南路证券营业部,否
2024-12-20,券商ETF,512000,1.15,312.54,271.77,华泰证券股份有限公司宜昌西陵一路证券营业部,中国国际金融股份有限公司北京建国门外大街证券营业部,否
2024-12-20,A500E,512050,0.96,573.6,600,华泰证券股份有限公司南京大光路证券营业部,中国国际金融股份有限公司北京建国门外大街证券营业部,否
2024-12-20,A500E,512050,0.96,200.76,210,华泰证券股份有限公司宜昌西陵一路证券营业部,中国国际金融股份有限公司北京建国门外大街证券营业部,否
2024-12-19,寒武纪,688256,636.02,1202.08,1.89,华泰证券股份有限公司北京雍和宫证券营业部,国泰君安证券股份有限公司总部,否
2024-12-19,赛力斯,601127,130.8,1504.2,11.5,财信证券股份有限公司长沙茶子山东路证券营业部,国泰君安证券股份有限公司西安东关正街证券营业部,否
2024-12-19,赛力斯,601127,130.8,228.9,1.75,华泰证券股份有限公司深圳前海证券营业部,中信建投证券股份有限公司上海闵行区顾戴路证券营业部,否
2024-12-19,华勤技术,603296,62.11,3105.5,50,中信证券股份有限公司总部(非营业场所),中信证券股份有限公司北京国贸证券营业部,否
2024-12-19,恒烁股份,688416,39.61,594.15,15,中信证券股份有限公司深圳福田金田路证券营业部,华泰证券股份有限公司合肥习友路证券营业部,否
2024-12-19,逸飞激光,688646,34.99,419.88,12,机构专用,海通证券股份有限公司上海普陀区铜川路证券营业部,否
2024-12-19,逸飞激光,688646,34.99,209.94,6,机构专用,海通证券股份有限公司上海黄浦区福州路证券营业部,否
2024-12-19,新洁能,605111,33.45,468.3,14,中信证券股份有限公司上海浦东新区东方路证券营业部,广发证券股份有限公司昆山前进西路证券营业部,否
2024-12-19,新洁能,605111,33.45,468.3,14,中国银河证券股份有限公司金华证券营业部,广发证券股份有限公司昆山前进西路证券营业部,否
2024-12-19,新洁能,605111,33.45,468.3,14,华泰证券股份有限公司南京文澜路证券营业部,广发证券股份有限公司昆山前进西路证券营业部,否
2024-12-19,新洁能,605111,33.45,468.3,14,浙商证券股份有限公司绍兴分公司,广发证券股份有限公司昆山前进西路证券营业部,否
2024-12-19,新洁能,605111,33.45,468.3,14,浙商证券股份有限公司龙游荣昌大道证券营业部,广发证券股份有限公司昆山前进西路证券营业部,否
2024-12-19,新洁能,605111,33.45,367.95,11,国都证券股份有限公司江苏分公司,广发证券股份有限公司昆山前进西路证券营业部,否
2024-12-19,新洁能,605111,33.45,367.95,11,招商证券股份有限公司西安北大街证券营业部,广发证券股份有限公司昆山前进西路证券营业部,否
2024-12-19,新洁能,605111,33.45,267.6,8,广发证券股份有限公司广州临江大道证券营业部,广发证券股份有限公司昆山前进西路证券营业部,否
2024-12-19,海尔生物,688139,31.3,9797.18,313.01,国投证券股份有限公司青岛辽阳东路证券营业部,中信证券股份有限公司上海世博馆路证券营业部,否
2024-12-19,海尔智家,600690,28.5,997.5,35,平安证券股份有限公司深圳金田路证券营业部,中国国际金融股份有限公司北京建国门外大街证券营业部,否
2024-12-19,至纯科技,603690,23.19,4081.44,176,中信建投证券股份有限公司上海市徐家汇路证券营业部,中信建投证券股份有限公司上海市华灵路证券营业部,否
2024-12-19,富吉瑞,688272,17.52,265.59,15.16,机构专用,国信证券股份有限公司上海分公司,否
2024-12-19,应流股份,603308,13.4,1277.02,95.3,中信证券股份有限公司上海分公司,华泰证券股份有限公司总部,否
2024-12-19,用友网络,600588,12.46,811.52,65.13,中信证券股份有限公司上海分公司,华泰证券股份有限公司总部,否
2024-12-19,明泰铝业,601677,12.2,658.8,54,平安证券股份有限公司深圳金田路证券营业部,中国国际金融股份有限公司北京建国门外大街证券营业部,否
2024-12-19,汇成股份,688403,9.24,415.8,45,海通证券股份有限公司合肥黄山路证券营业部,海通证券股份有限公司合肥黄山路证券营业部,否
2024-12-19,古越龙山,600059,9.11,911,100,平安证券股份有限公司深圳金田路证券营业部,中国国际金融股份有限公司北京建国门外大街证券营业部,否
2024-12-19,古越龙山,600059,9.11,665.03,73,平安证券股份有限公司深圳金田路证券营业部,中国国际金融股份有限公司北京建国门外大街证券营业部,否
2024-12-19,长沙银行,601577,8.25,18941.26,2295.91,机构专用,长江证券股份有限公司湖南分公司,否
2024-12-19,返利科技,600228,7.18,1077,150,机构专用,广发证券股份有限公司广州临江大道证券营业部,否
2024-12-19,力帆科技,601777,7.09,2129.91,300.41,方正证券股份有限公司总部,方正证券股份有限公司重庆万象城证券营业部,否
2024-12-19,赛福天,603028,6.11,794.3,130,广发证券股份有限公司无锡太湖东大道证券营业部,广发证券股份有限公司无锡太湖东大道证券营业部,否
2024-12-19,赛福天,603028,6.11,189.41,31,国信证券股份有限公司无锡观山路证券营业部,广发证券股份有限公司无锡太湖东大道证券营业部,否
2024-12-19,和邦生物,603077,2.21,88.4,40,中国国际金融股份有限公司北京建国门外大街证券营业部,中信建投证券股份有限公司芜湖中山南路证券营业部,否
2024-12-19,港股红利,513530,1.29,257.6,200,华泰证券股份有限公司合肥创新大道证券营业部,兴业证券股份有限公司重庆分公司,否
2024-12-19,证券ETF,512880,1.2,772.71,645,中国国际金融股份有限公司北京建国门外大街证券营业部,华泰证券股份有限公司苏州干将西路证券营业部,否
2024-12-19,证券ETF,512880,1.2,479.2,400,中国国际金融股份有限公司北京建国门外大街证券营业部,华泰证券股份有限公司上海浦东新区世纪大道证券营业部,否
2024-12-19,芯片ETF,512760,1.13,513.23,456.2,华泰证券股份有限公司上海浦东新区世纪大道证券营业部,广发证券股份有限公司上海浦东新区东方路证券营业部,否
2024-12-19,军工ETF,512660,1.05,679.4,647.05,华泰证券股份有限公司上海浦东新区世纪大道证券营业部,广发证券股份有限公司上海浦东新区东方路证券营业部,否
2024-12-19,光伏ETF,515790,0.78,302.25,387,华泰证券股份有限公司上海浦东新区世纪大道证券营业部,广发证券股份有限公司上海浦东新区东方路证券营业部,否
2024-12-19,恒生科技,513130,0.6,5297.6,8800,瑞银证券有限责任公司上海花园石桥路证券营业部,华宝证券股份有限公司上海东大名路证券营业部,否
2024-12-19,医药ETF,512010,0.37,627.3,1700,国新证券股份有限公司福州五一路证券营业部,中国国际金融股份有限公司北京建国门外大街证券营业部,否
2024-12-19,医药ETF,512010,0.37,295.2,800,华泰证券股份有限公司上海浦东新区世纪大道证券营业部,中信证券股份有限公司上海分公司,否
2024-12-19,医药ETF,512010,0.37,290.18,786.4,华泰证券股份有限公司上海浦东新区世纪大道证券营业部,广发证券股份有限公司上海浦东新区东方路证券营业部,否
2024-12-19,医药ETF,512010,0.37,147.6,400,华泰证券股份有限公司苏州干将西路证券营业部,中信证券股份有限公司上海分公司,否
2024-12-19,医疗ETF,512170,0.34,169,500,华泰证券股份有限公司上海浦东新区世纪大道证券营业部,中国国际金融股份有限公司北京建国门外大街证券营业部,否
2024-12-19,医疗ETF,512170,0.34,169,500,华泰证券股份有限公司苏州干将西路证券营业部,中国国际金融股份有限公司北京建国门外大街证券营业部,否
2024-12-19,医疗ETF,512170,0.34,169,500,国信证券股份有限公司深圳泰然九路证券营业部,中国国际金融股份有限公司北京建国门外大街证券营业部,否
2024-12-18,安集科技,688019,140.89,2536.02,18,机构专用,招商证券股份有限公司北京北三环东路证券营业部,否
2024-12-18,兆易创新,603986,103.05,309.15,3,东方证券股份有限公司上海嘉定区金沙路证券营业部,华安证券股份有限公司广东分公司,否
2024-12-18,兆易创新,603986,103.05,309.15,3,兴业证券股份有限公司哈尔滨友谊路证券营业部,华安证券股份有限公司广东分公司,否
2024-12-18,澜起科技,688008,61.92,4953.6,80,机构专用,中国中金财富证券有限公司上海浦东新区世纪大道证券营业部,否
2024-12-18,澜起科技,688008,61.92,619.2,10,国泰君安证券股份有限公司总部,中国中金财富证券有限公司上海浦东新区世纪大道证券营业部,否
2024-12-18,澜起科技,688008,61.92,216.72,3.5,机构专用,中国中金财富证券有限公司上海浦东新区世纪大道证券营业部,否
2024-12-18,澜起科技,688008,61.92,204.34,3.3,机构专用,中国中金财富证券有限公司上海浦东新区世纪大道证券营业部,否
2024-12-18,药明康德,603259,56.1,213.18,3.8,国泰君安证券股份有限公司总部,华泰证券股份有限公司北京雍和宫证券营业部,否
2024-12-18,航发动力,600893,35.79,2948.74,82.39,西部证券股份有限公司西安长安中路证券营业部,西部证券股份有限公司西安长安中路证券营业部,否
2024-12-18,海尔生物,688139,31.7,634,20,机构专用,中信证券股份有限公司上海世博馆路证券营业部,否
2024-12-18,海尔生物,688139,31.7,200.34,6.32,东北证券股份有限公司深圳分公司,中信证券股份有限公司上海世博馆路证券营业部,否
2024-12-18,海尔生物,688139,31.7,200.34,6.32,东方财富证券股份有限公司拉萨团结路第一证券营业部,中信证券股份有限公司上海世博馆路证券营业部,否
2024-12-18,中信证券,600030,27.21,3180.85,116.9,申万宏源证券有限公司北京分公司,华鑫证券有限责任公司广州分公司,否
2024-12-18,大全能源,688303,25.13,970.46,38.62,东方证券股份有限公司上海杨浦区控江路证券营业部,机构专用,否
2024-12-18,中国海油,600938,25,911.25,36.45,东北证券股份有限公司济南经十东路证券营业部,中泰证券股份有限公司济南泺源大街证券营业部,否
2024-12-18,悦安新材,688786,22.87,388.79,17,中信证券股份有限公司北京北苑证券营业部,东兴证券股份有限公司南昌赣江中大道证券营业部,否
2024-12-18,悦安新材,688786,22.87,228.7,10,中信证券股份有限公司徐州建国西路证券营业部,长城证券股份有限公司青岛台东一路证券营业部,否
2024-12-18,晶合集成,688249,21.4,1070,50,机构专用,中信证券华南股份有限公司佛山分公司,否
2024-12-18,润达医疗,603108,18.04,667.48,37,光大证券股份有限公司北京小营路证券营业部,中信证券股份有限公司上海分公司,否
2024-12-18,纳微科技,688690,16.8,840,50,中信建投证券股份有限公司西安雁展路证券营业部,中信证券股份有限公司苏州分公司,否
2024-12-18,纳微科技,688690,16.8,420,25,中信证券股份有限公司总部(非营业场所),中信证券股份有限公司苏州分公司,否
2024-12-18,中金黄金,600489,12.38,746.51,60.3,平安证券股份有限公司深圳金田路证券营业部,中国国际金融股份有限公司北京建国门外大街证券营业部,否
2024-12-18,上海临港,600848,10.15,2210.67,217.8,国投证券股份有限公司福州分公司,招商证券股份有限公司深圳招商证券大厦证券营业部,否
2024-12-18,江苏索普,600746,7.4,2819.4,381,中信证券股份有限公司镇江分公司,中信证券股份有限公司南京洪武北路证券营业部,否
2024-12-18,返利科技,600228,7.27,2181,300,机构专用,广发证券股份有限公司广州临江大道证券营业部,否
2024-12-18,科美诊断,688468,7.17,358.5,50,中信证券股份有限公司总部(非营业场所),中信证券股份有限公司北京紫竹院路证券营业部,否
2024-12-18,力帆科技,601777,7.05,2115,300,中信建投证券股份有限公司总部,方正证券股份有限公司重庆万象城证券营业部,否
2024-12-18,中国电信,601728,7.01,350.5,50,国泰君安证券股份有限公司总部,华泰证券股份有限公司上海浦东新区世纪大道证券营业部,否
2024-12-18,四川路桥,600039,6.96,889.35,127.78,中信建投证券股份有限公司成都市南一环路证券营业部,中信建投证券股份有限公司成都市南一环路证券营业部,否
2024-12-18,中国联通,600050,5.32,266,50,国泰君安证券股份有限公司总部,华泰证券股份有限公司上海浦东新区世纪大道证券营业部,否
2024-12-18,中国银行,601988,4.75,3562.5,750,申万宏源证券有限公司北京分公司,华鑫证券有限责任公司广州分公司,否
2024-12-18,光大银行,601818,3.77,393.78,104.45,国泰君安证券股份有限公司总部,华泰证券股份有限公司上海浦东新区世纪大道证券营业部,否
2024-12-18,光大银行,601818,3.77,259.83,68.92,国泰君安证券股份有限公司总部,华泰证券股份有限公司上海浦东新区世纪大道证券营业部,否
2024-12-18,铁建重工,688425,3.75,4751.03,1266.94,华泰证券股份有限公司南京郑和中路证券营业部,华泰证券股份有限公司南京郑和中路证券营业部,否
2024-12-18,和邦生物,603077,2.21,221,100,中国国际金融股份有限公司北京建国门外大街证券营业部,国投证券股份有限公司连云港郁州北路证券营业部,否
2024-12-18,海航控股,600221,2.01,4283.01,2130.85,中信证券华南股份有限公司海南分公司,中国中金财富证券有限公司北京建国门外大街证券营业部,否
2024-12-18,纳指100,513110,1.88,2821.5,1500,瑞银证券有限责任公司上海花园石桥路证券营业部,华宝证券股份有限公司上海东大名路证券营业部,否
2024-12-18,包钢股份,600010,1.76,76.79,43.63,东方证券股份有限公司上海嘉定区金沙路证券营业部,第一创业证券股份有限公司上海分公司,否
2024-12-18,证券ETF,512880,1.2,240.4,200,中国中金财富证券有限公司总部,中国国际金融股份有限公司北京建国门外大街证券营业部,否
2024-12-18,半导体,512480,1,439.56,440,中国中金财富证券有限公司总部,申万宏源证券有限公司证券投资总部,否
2024-12-18,科创100C,588800,0.9,1244.05,1390,国泰君安证券股份有限公司总部,广发证券股份有限公司上海浦东新区东方路证券营业部,否
2024-12-18,酒ETF,512690,0.63,1191.87,1879.92,国泰君安证券股份有限公司总部,广发证券股份有限公司上海浦东新区东方路证券营业部,否
2024-12-18,酒ETF,512690,0.63,139.48,220,中国国际金融股份有限公司北京建国门外大街证券营业部,国联证券股份有限公司总部,否
2024-12-18,恒生科技,513130,0.6,10552.5,17500,瑞银证券有限责任公司上海花园石桥路证券营业部,华宝证券股份有限公司上海东大名路证券营业部,否
2024-12-17,贵州茅台,600519,1558,2461.64,1.58,招商证券股份有限公司深圳益田路免税商务大厦证券营业部,中信证券股份有限公司深圳福田金田路证券营业部,否
2024-12-17,贵州茅台,600519,1558,1651.48,1.06,中国银河证券股份有限公司深圳水贝证券营业部,华泰证券股份有限公司深圳益田路荣超商务中心证券营业部,否
2024-12-17,石头科技,688169,206.37,412.74,2,中信建投证券股份有限公司总部,机构专用,否
2024-12-17,石头科技,688169,206.37,206.37,1,机构专用,机构专用,否
2024-12-17,赛力斯,601127,130.21,802.09,6.16,招商证券股份有限公司深圳益田路免税商务大厦证券营业部,中信建投证券股份有限公司上海闵行区顾戴路证券营业部,否
2024-12-17,海光信息,688041,121.81,286.25,2.35,国泰君安证券股份有限公司总部,华泰证券股份有限公司北京雍和宫证券营业部,否
2024-12-17,兆易创新,603986,87,461.1,5.3,中信证券（山东）有限责任公司荣成成山大道证券营业部,中信证券股份有限公司上海世博馆路证券营业部,否
2024-12-17,万华化学,600309,74,2819.4,38.1,招商证券股份有限公司深圳前海大道证券营业部,招商证券股份有限公司深圳前海大道证券营业部,否
2024-12-17,万华化学,600309,73,2322.13,31.81,招商证券股份有限公司深圳前海大道证券营业部,招商证券股份有限公司深圳前海大道证券营业部,否
2024-12-17,禾川科技,688320,46,460,10,海通证券股份有限公司上海徐汇区建国西路证券营业部,海通证券股份有限公司上海徐汇区建国西路证券营业部,否
2024-12-17,航发动力,600893,35.92,9339.2,260,西部证券股份有限公司西安长安中路证券营业部,西部证券股份有限公司西安长安中路证券营业部,否
2024-12-17,道通科技,688208,31.5,5355,170,中信证券股份有限公司深圳深南大道证券营业部,中信证券股份有限公司深圳分公司,否
2024-12-17,中信证券,600030,30.23,302.3,10,国泰君安证券股份有限公司总部,华泰证券股份有限公司北京雍和宫证券营业部,否
2024-12-17,品高股份,688227,27.81,900.49,32.38,广发证券股份有限公司上海控江路证券营业部,民生证券股份有限公司苏州分公司,否
2024-12-17,湘油泵,603319,26.5,380.54,14.36,中国中金财富证券有限公司福州五四路证券营业部,中国国际金融股份有限公司北京建国门外大街证券营业部,否
2024-12-17,金石资源,603505,24.67,349.33,14.16,中国国际金融股份有限公司北京建国门外大街证券营业部,平安证券股份有限公司深圳金田路证券营业部,否
2024-12-17,东芯股份,688110,23.72,315.71,13.31,中国国际金融股份有限公司北京建国门外大街证券营业部,平安证券股份有限公司深圳金田路证券营业部,否
2024-12-17,润本股份,603193,22.51,450.2,20,机构专用,广发证券股份有限公司广州宸悦路证券营业部,否
2024-12-17,润本股份,603193,22.51,399.93,17.77,机构专用,广发证券股份有限公司广州宸悦路证券营业部,否
2024-12-17,润本股份,603193,22.51,399.93,17.77,机构专用,广发证券股份有限公司广州宸悦路证券营业部,否
2024-12-17,润本股份,603193,22.51,399.93,17.77,机构专用,广发证券股份有限公司广州宸悦路证券营业部,否
2024-12-17,江西铜业,600362,21,201.6,9.6,华泰证券股份有限公司总部,中信证券股份有限公司上海分公司,否
2024-12-17,航天晨光,600501,19.04,241.81,12.7,中国国际金融股份有限公司北京建国门外大街证券营业部,平安证券股份有限公司深圳金田路证券营业部,否
2024-12-17,纳微科技,688690,16.8,756,45,中信建投证券股份有限公司西安雁展路证券营业部,中信证券股份有限公司苏州分公司,否
2024-12-17,纳微科技,688690,16.8,201.6,12,广发证券股份有限公司广州黄埔大道证券营业部,中信证券股份有限公司苏州分公司,否
2024-12-17,隆基绿能,601012,16.68,433.68,26,国泰君安证券股份有限公司总部,华泰证券股份有限公司北京雍和宫证券营业部,否
2024-12-17,上海汽配,603107,15.94,589.78,37,中国银河证券股份有限公司金华证券营业部,兴业证券股份有限公司上海自由贸易试验区分公司,否
2024-12-17,上海汽配,603107,15.94,366.62,23,招商证券股份有限公司西安北大街证券营业部,兴业证券股份有限公司上海自由贸易试验区分公司,否
2024-12-17,上海汽配,603107,15.94,200.05,12.55,华泰证券股份有限公司广东分公司,兴业证券股份有限公司上海自由贸易试验区分公司,否
2024-12-17,东航物流,601156,15,750,50,机构专用,中国国际金融股份有限公司上海分公司,否
2024-12-17,东航物流,601156,15,750,50,机构专用,中国国际金融股份有限公司上海分公司,否
2024-12-17,中金黄金,600489,12.39,257.46,20.78,中国国际金融股份有限公司北京建国门外大街证券营业部,平安证券股份有限公司深圳金田路证券营业部,否
2024-12-17,明泰铝业,601677,12.21,268.99,22.03,中国国际金融股份有限公司北京建国门外大街证券营业部,平安证券股份有限公司深圳金田路证券营业部,否
2024-12-17,中船科技,600072,11.91,1427.81,119.88,国投证券股份有限公司青岛东海西路证券营业部,华福证券有限责任公司苏州分公司,否
2024-12-17,京能光伏,508096,10.47,151.76,14.5,中国中金财富证券有限公司总部,中国中金财富证券有限公司总部,否
2024-12-17,中体产业,600158,10.14,201.79,19.9,华泰证券股份有限公司总部,中信证券股份有限公司上海分公司,否
2024-12-17,重庆银行,601963,9.41,1250.12,132.85,国泰君安证券股份有限公司重庆中山三路证券营业部,国泰君安证券股份有限公司重庆中山三路证券营业部,否
2024-12-17,保利发展,600048,9.41,1036.7,110.17,中信证券股份有限公司上海分公司,国泰君安证券股份有限公司总部,否
2024-12-17,古越龙山,600059,9.19,223.32,24.3,中国国际金融股份有限公司北京建国门外大街证券营业部,平安证券股份有限公司深圳金田路证券营业部,否
2024-12-17,明阳REIT,508015,8.44,106.34,12.6,中国中金财富证券有限公司总部,中国中金财富证券有限公司总部,否
2024-12-17,通用股份,601500,5.41,201.79,37.3,华泰证券股份有限公司总部,中信证券股份有限公司上海分公司,否
2024-12-17,精进电动,688280,5.18,155.4,30,机构专用,华泰证券股份有限公司南京中山东路华泰证券大厦证券营业部,否
2024-12-17,特变REIT,508089,5.17,219.25,42.4,中国中金财富证券有限公司总部,中国中金财富证券有限公司总部,否
2024-12-17,电建清源,508026,4,425.81,106.4,中国中金财富证券有限公司总部,中国中金财富证券有限公司总部,否
2024-12-17,南山铝业,600219,3.59,33227.43,9255.55,财通证券股份有限公司深圳分公司,光大证券股份有限公司青岛香港西路证券营业部,否
2024-12-16,贵州茅台,600519,1527.2,3008.58,1.97,华泰证券股份有限公司深圳益田路荣超商务中心证券营业部,招商证券股份有限公司深圳益田路免税商务大厦证券营业部,否
2024-12-16,贵州茅台,600519,1527.2,1710.46,1.12,华泰证券股份有限公司深圳益田路荣超商务中心证券营业部,中国银河证券股份有限公司深圳水贝证券营业部,否
2024-12-16,赛力斯,601127,130.7,1038.42,7.95,国泰君安证券股份有限公司西安东关正街证券营业部,中信建投证券股份有限公司上海闵行区顾戴路证券营业部,否
2024-12-16,赛力斯,601127,130.7,585.8,4.48,招商证券股份有限公司深圳益田路免税商务大厦证券营业部,中信建投证券股份有限公司上海闵行区顾戴路证券营业部,否
2024-12-16,澜起科技,688008,61.22,489.76,8,中信证券股份有限公司南京洪武北路证券营业部,中国中金财富证券有限公司上海浦东新区世纪大道证券营业部,否
2024-12-16,澜起科技,688008,61.22,489.76,8,中国银河证券股份有限公司金华证券营业部,中国中金财富证券有限公司上海浦东新区世纪大道证券营业部,否
2024-12-16,澜起科技,688008,61.22,489.76,8,浙商证券股份有限公司台州环城东路证券营业部,中国中金财富证券有限公司上海浦东新区世纪大道证券营业部,否
2024-12-16,澜起科技,688008,61.22,367.32,6,广发证券股份有限公司南京水佑岗证券营业部,中国中金财富证券有限公司上海浦东新区世纪大道证券营业部,否
2024-12-16,长白山,603099,60.67,200.21,3.3,华泰证券股份有限公司总部,中信证券股份有限公司上海分公司,否
2024-12-16,纳睿雷达,688522,56.64,2022.05,35.7,机构专用,华金证券股份有限公司珠海分公司,否
2024-12-16,禾川科技,688320,52,520,10,海通证券股份有限公司上海徐汇区建国西路证券营业部,海通证券股份有限公司上海徐汇区建国西路证券营业部,否
2024-12-16,江淮汽车,600418,36.89,202.9,5.5,华泰证券股份有限公司总部,中信证券股份有限公司上海分公司,否
2024-12-16,中金公司,601995,35.66,203.26,5.7,华泰证券股份有限公司总部,中信证券股份有限公司上海分公司,否
2024-12-16,行动教育,605098,34.51,990.44,28.7,国金证券股份有限公司上海浦东新区芳甸路证券营业部,东海证券股份有限公司上海长宁区长顺路证券营业部,否
2024-12-16,行动教育,605098,34.51,655.69,19,东方财富证券股份有限公司上海徐汇区云锦路证券营业部,东海证券股份有限公司上海长宁区长顺路证券营业部,否
2024-12-16,行动教育,605098,34.51,634.98,18.4,国金证券股份有限公司上海静安区南京西路证券营业部,东海证券股份有限公司上海长宁区长顺路证券营业部,否
2024-12-16,行动教育,605098,34.51,431.38,12.5,申万宏源证券有限公司上海闵行区碧江路证券营业部,东海证券股份有限公司上海长宁区长顺路证券营业部,否
2024-12-16,苑东生物,688513,32.96,218.55,6.63,华泰证券股份有限公司重庆江北嘴证券营业部,财通证券股份有限公司江苏分公司,否
2024-12-16,东芯股份,688110,24.79,210.72,8.5,中国国际金融股份有限公司北京建国门外大街证券营业部,平安证券股份有限公司深圳金田路证券营业部,否
2024-12-16,沐邦高科,603398,24.7,2810.86,113.8,中信证券股份有限公司杭州玉皇山南基金小镇证券营业部,华福证券有限责任公司杭州塘苗路证券营业部,否
2024-12-16,泰坦科技,688133,22,600.6,27.3,机构专用,东北证券股份有限公司上海北艾路证券营业部,否
2024-12-16,老白干酒,600559,22,202.4,9.2,华泰证券股份有限公司总部,中信证券股份有限公司上海分公司,否
2024-12-16,伟明环保,603568,21.24,212.4,10,华泰证券股份有限公司总部,申万宏源证券有限公司证券投资总部,否
2024-12-16,无锡振华,605319,21.08,2318.8,110,机构专用,国联证券股份有限公司无锡金融一街证券营业部,否
2024-12-16,无锡振华,605319,21.08,2108,100,华泰证券股份有限公司上海分公司,国联证券股份有限公司无锡金融一街证券营业部,否
2024-12-16,无锡振华,605319,21.08,1054,50,东兴证券股份有限公司上海陆家嘴证券营业部,国联证券股份有限公司无锡金融一街证券营业部,否
2024-12-16,航天晨光,600501,19.99,205.9,10.3,中国国际金融股份有限公司北京建国门外大街证券营业部,平安证券股份有限公司深圳金田路证券营业部,否
2024-12-16,航天晨光,600501,19.99,201.9,10.1,华泰证券股份有限公司总部,中信证券股份有限公司上海分公司,否
2024-12-16,润达医疗,603108,18.89,755.6,40,光大证券股份有限公司北京小营路证券营业部,中信证券股份有限公司上海分公司,否
2024-12-16,兴业银行,601166,18.15,5626.5,310,中国国际金融股份有限公司深圳分公司,中国中金财富证券有限公司厦门分公司,否
2024-12-16,纳微科技,688690,17,629,37,中信建投证券股份有限公司西安雁展路证券营业部,中信证券股份有限公司苏州分公司,否
2024-12-16,纳微科技,688690,17,459,27,华泰证券股份有限公司南京文澜路证券营业部,中信证券股份有限公司苏州分公司,否
2024-12-16,纳微科技,688690,17,442,26,中国银河证券股份有限公司南京洪武路证券营业部,中信证券股份有限公司苏州分公司,否
2024-12-16,纳微科技,688690,17,340,20,国都证券股份有限公司江苏分公司,中信证券股份有限公司苏州分公司,否
2024-12-16,纳微科技,688690,17,200.6,11.8,华泰证券股份有限公司广东分公司,中信证券股份有限公司苏州分公司,否
2024-12-16,东睦股份,600114,16.51,201.42,12.2,华泰证券股份有限公司总部,中信证券股份有限公司上海分公司,否
2024-12-16,万业企业,600641,15.61,201.37,12.9,华泰证券股份有限公司总部,中信证券股份有限公司上海分公司,否
2024-12-16,恒力石化,600346,15.31,14848.25,969.84,西南证券股份有限公司西北分公司,国投证券股份有限公司深圳深南东路证券营业部,否
2024-12-16,索通发展,603612,13.66,202.17,14.8,华泰证券股份有限公司总部,中信证券股份有限公司上海分公司,否
2024-12-16,阿拉丁,688179,13.24,259.5,19.6,招商证券股份有限公司上海肇嘉浜路证券营业部,招商证券股份有限公司上海肇嘉浜路证券营业部,否
2024-12-16,中金黄金,600489,12.46,498.4,40,平安证券股份有限公司深圳金田路证券营业部,中国国际金融股份有限公司北京建国门外大街证券营业部,否
2024-12-16,中金黄金,600489,12.46,249.2,20,平安证券股份有限公司深圳金田路证券营业部,中国国际金融股份有限公司北京建国门外大街证券营业部,否
2024-12-16,中金黄金,600489,12.46,205.59,16.5,中国国际金融股份有限公司北京建国门外大街证券营业部,平安证券股份有限公司深圳金田路证券营业部,否
2024-12-16,明泰铝业,601677,12.24,208.08,17,中国国际金融股份有限公司北京建国门外大街证券营业部,平安证券股份有限公司深圳金田路证券营业部,否
2024-12-16,南京银行,601009,10.51,201.79,19.2,华泰证券股份有限公司总部,中信证券股份有限公司上海分公司,否
2024-12-16,鼎胜新材,603876,9.57,201.93,21.1,华泰证券股份有限公司总部,中信证券股份有限公司上海分公司,否
2024-12-16,古越龙山,600059,9.41,207.02,22,中国国际金融股份有限公司北京建国门外大街证券营业部,平安证券股份有限公司深圳金田路证券营业部,否
2024-12-16,重庆银行,601963,9.35,1701.7,182,国泰君安证券股份有限公司重庆中山三路证券营业部,国泰君安证券股份有限公司重庆中山三路证券营业部,否
2024-12-16,汇成股份,688403,9.1,327.6,36,海通证券股份有限公司合肥黄山路证券营业部,海通证券股份有限公司合肥黄山路证券营业部,否
2024-12-16,北汽蓝谷,600733,8.29,202.28,24.4,华泰证券股份有限公司总部,中信证券股份有限公司上海分公司,否
2024-12-16,建设银行,601939,7.47,3689.81,493.95,申万宏源证券有限公司北京分公司,华鑫证券有限责任公司广州分公司,否
2024-12-16,苏州高新,600736,6.64,201.86,30.4,华泰证券股份有限公司总部,中信证券股份有限公司上海分公司,否
2024-12-16,新黄浦,600638,5.9,7422.2,1258,中泰证券股份有限公司上海周家嘴路证券营业部,兴业证券股份有限公司福州横屿路东泰禾证券营业部,否
2024-12-16,工商银行,601398,5.75,3884.7,675.6,申万宏源证券有限公司北京分公司,华鑫证券有限责任公司广州分公司,否
2024-12-16,精进电动,688280,5.56,333.6,60,机构专用,华泰证券股份有限公司南京中山东路华泰证券大厦证券营业部,否
2024-12-16,百川能源,600681,3.59,359,100,国信证券股份有限公司深圳泰九分公司,华泰证券股份有限公司上海分公司,否
2024-12-16,百川能源,600681,3.59,359,100,机构专用,华泰证券股份有限公司上海分公司,否
2024-12-16,康美药业,600518,2.67,202.12,75.7,华泰证券股份有限公司总部,中信证券股份有限公司上海分公司,否
2024-12-13,贵州茅台,600519,1519,4389.91,2.89,招商证券股份有限公司深圳益田路免税商务大厦证券营业部,华泰证券股份有限公司深圳益田路荣超商务中心证券营业部,否
2024-12-13,贵州茅台,600519,1519,318.99,0.21,国泰君安证券股份有限公司深圳海岸城海德三道证券营业部,华泰证券股份有限公司深圳益田路荣超商务中心证券营业部,否
2024-12-13,寒武纪,688256,568,261.28,0.46,机构专用,中信证券股份有限公司上海分公司,否
2024-12-13,寒武纪,688256,568,261.28,0.46,机构专用,中信证券股份有限公司上海分公司,否
2024-12-13,惠泰医疗,688617,364.96,507.29,1.39,中信证券股份有限公司上海分公司,机构专用,否
2024-12-13,片仔癀,600436,223.5,299.49,1.34,中信证券股份有限公司总部(非营业场所),机构专用,否
2024-12-13,纳芯微,688052,170.21,851.05,5,中信证券股份有限公司苏州分公司,华泰证券股份有限公司苏州新市路证券营业部,否
2024-12-13,XD赛力斯,601127,130.16,25503.55,195.94,机构专用,国泰君安证券股份有限公司总部,否
2024-12-13,XD赛力斯,601127,130.16,1460.4,11.22,机构专用,中信证券股份有限公司上海分公司,否
2024-12-13,XD赛力斯,601127,130.16,1366.68,10.5,国泰君安证券股份有限公司西安东关正街证券营业部,中信建投证券股份有限公司上海闵行区顾戴路证券营业部,否
2024-12-13,XD赛力斯,601127,130.16,1266.46,9.73,机构专用,中信证券股份有限公司深圳滨海大道证券营业部,否
2024-12-13,XD赛力斯,601127,130.16,1177.95,9.05,机构专用,中信证券股份有限公司深圳滨海大道证券营业部,否
2024-12-13,XD赛力斯,601127,130.16,700.26,5.38,机构专用,瑞银证券有限责任公司上海花园石桥路证券营业部,否
2024-12-13,中国移动,600941,103.39,630.68,6.1,东方财富证券股份有限公司拉萨东环路第一证券营业部,中信证券股份有限公司九江长江大道证券营业部,否
2024-12-13,爱博医疗,688050,87.58,9633.8,110,华泰证券股份有限公司上海浦东新区东方路证券营业部,中原证券股份有限公司滑县文明路证券营业部,否
2024-12-13,中芯国际,688981,82.99,5372.77,64.74,中信证券股份有限公司深圳滨海大道证券营业部,机构专用,否
2024-12-13,澜起科技,688008,68.02,731.9,10.76,机构专用,瑞银证券有限责任公司上海花园石桥路证券营业部,否
2024-12-13,华勤技术,603296,61.81,1563.48,25.29,中信证券股份有限公司总部(非营业场所),中信证券股份有限公司北京国贸证券营业部,否
2024-12-13,澜起科技,688008,61.22,6122,100,中国国际金融股份有限公司上海分公司,中国中金财富证券有限公司上海浦东新区世纪大道证券营业部,否
2024-12-13,热景生物,688068,48,240,5,华泰证券股份有限公司广州云城东路证券营业部,中国银河证券股份有限公司浙江分公司,否
2024-12-13,剑桥科技,603083,42.72,236.24,5.53,中国国际金融股份有限公司北京建国门外大街证券营业部,中信建投证券股份有限公司福清福和路证券营业部,否
2024-12-13,南芯科技,688484,38.34,2453.76,64,机构专用,中国中金财富证券有限公司深圳分公司,否
2024-12-13,重庆百货,600729,30.79,661.37,21.48,机构专用,国泰君安证券股份有限公司总部,否
2024-12-13,重庆百货,600729,30.79,475.71,15.45,机构专用,中信证券股份有限公司上海分公司,否
2024-12-13,中信证券,600030,30.42,912.6,30,国泰君安证券股份有限公司总部,华泰证券股份有限公司北京雍和宫证券营业部,否
2024-12-13,长江电力,600900,28.74,2040.54,71,国泰君安证券股份有限公司总部,机构专用,否
2024-12-13,长江电力,600900,28.72,509.78,17.75,中信证券股份有限公司上海分公司,机构专用,否
2024-12-13,中国动力,600482,24.89,1084.71,43.58,机构专用,中信证券股份有限公司总部(非营业场所),否
2024-12-13,首创证券,601136,23.89,1671.11,69.95,机构专用,国泰君安证券股份有限公司总部,否
2024-12-13,巨化股份,600160,22.13,2047.47,92.52,机构专用,国泰君安证券股份有限公司总部,否
2024-12-13,巨化股份,600160,22.13,975.05,44.06,机构专用,中信证券股份有限公司总部(非营业场所),否
2024-12-13,瀚蓝环境,600323,22,2955.97,134.36,中信建投证券股份有限公司佛山南海大道证券营业部,国信证券股份有限公司佛山南海大道证券营业部,否
2024-12-13,无锡振华,605319,21.56,2802.8,130,华泰证券股份有限公司上海分公司,国联证券股份有限公司无锡金融一街证券营业部,否
2024-12-13,无锡振华,605319,21.56,2371.6,110,机构专用,国联证券股份有限公司无锡金融一街证券营业部,否
2024-12-13,豪森智能,688529,19.93,205.48,10.31,华泰证券股份有限公司重庆江北嘴证券营业部,财通证券股份有限公司江苏分公司,否
2024-12-13,东方环宇,603706,19.46,564.73,29.02,机构专用,国泰君安证券股份有限公司总部,否
2024-12-13,亚辉龙,688575,17.99,243.04,13.51,华泰证券股份有限公司重庆江北嘴证券营业部,财通证券股份有限公司江苏分公司,否
2024-12-13,纳微科技,688690,17.9,662.3,37,中信建投证券股份有限公司西安雁展路证券营业部,中信证券股份有限公司苏州分公司,否
2024-12-13,纳微科技,688690,17.9,239.86,13.4,国泰君安证券股份有限公司重庆中山三路证券营业部,中信证券股份有限公司苏州分公司,否
2024-12-13,上海汽配,603107,17.36,347.2,20,国投证券股份有限公司福州分公司,兴业证券股份有限公司上海自由贸易试验区分公司,否
2024-12-13,东睦股份,600114,17,850,50,中信证券股份有限公司宁波分公司,中信证券股份有限公司宁波分公司,否
2024-12-13,东睦股份,600114,17,425,25,中信证券股份有限公司宁波分公司,中信证券股份有限公司宁波分公司,否
2024-12-13,东睦股份,600114,17,425,25,中信证券股份有限公司宁波分公司,海通证券股份有限公司宁波分公司,否
2024-12-13,赤峰黄金,600988,16.88,1384.16,82,中信证券股份有限公司上海分公司,长江证券股份有限公司济南经十路证券营业部,否
2024-12-13,西部矿业,601168,16.42,385.38,23.47,机构专用,国泰君安证券股份有限公司总部,否
2024-12-13,宝丰能源,600989,15.8,810.54,51.3,中信证券股份有限公司总部(非营业场所),中国国际金融股份有限公司北京建国门外大街证券营业部,否
2024-12-13,东航物流,601156,15.38,999.7,65,机构专用,中国国际金融股份有限公司上海分公司,否
2024-12-13,东航物流,601156,15.38,922.8,60,机构专用,中国国际金融股份有限公司上海分公司,否
2024-12-13,东航物流,601156,15.38,922.8,60,机构专用,中国国际金融股份有限公司上海分公司,否
2024-12-13,东航物流,601156,15.38,307.6,20,机构专用,中国国际金融股份有限公司上海分公司,否
2024-12-13,东航物流,601156,15.38,307.6,20,机构专用,中国国际金融股份有限公司上海分公司,否
2024-12-13,上海亚虹,603159,15.35,669.26,43.6,高盛（中国）证券有限责任公司上海浦东新区世纪大道证券营业部,中原证券股份有限公司林州红旗渠大道证券营业部,否
2024-12-13,中远海控,601919,14.27,2007.08,140.65,机构专用,国泰君安证券股份有限公司总部,否
2024-12-13,阿特斯,688472,13.55,2392.39,176.56,机构专用,中信证券股份有限公司深圳滨海大道证券营业部,否
2024-12-13,阿特斯,688472,13.55,581.16,42.89,机构专用,中信证券股份有限公司总部(非营业场所),否
2024-12-13,特变电工,600089,12.82,589.46,45.98,国泰君安证券股份有限公司总部,机构专用,否
2024-12-13,深高速,600548,12.1,299.6,24.76,机构专用,国泰君安证券股份有限公司总部,否
2024-12-13,奥福环保,688021,11.6,522,45,华泰证券股份有限公司苏州何山路证券营业部,兴业证券股份有限公司上海世博馆路证券营业部,否
2024-12-13,恒尚节能,603137,11.48,4200.15,365.87,中信证券股份有限公司杭州延安路证券营业部,申万宏源证券有限公司宜兴阳泉中路证券营业部,否
2024-12-13,梅花生物,600873,10.79,205.01,19,中信证券股份有限公司总部(非营业场所),中国国际金融股份有限公司北京建国门外大街证券营业部,否
2024-12-13,汇成股份,688403,9.42,1695.6,180,第一创业证券股份有限公司合肥分公司,华鑫证券有限责任公司合肥梅山路证券营业部,否
2024-12-13,中谷物流,603565,9.34,530.33,56.78,机构专用,国泰君安证券股份有限公司总部,否
2024-12-13,铁建REIT,508008,8.77,2381.26,271.4,中国中金财富证券有限公司总部,中国中金财富证券有限公司总部,否
2024-12-13,昊华能源,601101,8.68,386.69,44.55,机构专用,国泰君安证券股份有限公司总部,否
2024-12-13,中国中车,601766,8.03,862.42,107.4,机构专用,国泰君安证券股份有限公司总部,否
2024-12-13,沪农商行,601825,7.93,945.97,119.29,机构专用,国泰君安证券股份有限公司总部,否
2024-12-13,山东高速,508007,7.48,972.79,130,机构专用,中泰证券股份有限公司总部,否
2024-12-13,力帆科技,601777,7.47,290.28,38.86,华泰证券股份有限公司上海长宁区凯旋路证券营业部,中国中金财富证券有限公司佛山南海桂城灯湖东路证券营业部,否
2024-12-13,中持股份,603903,7.31,2485.4,340,中信证券股份有限公司杭州延安路证券营业部,中国银河证券股份有限公司北京团结湖证券营业部,否
2024-12-13,交通银行,601328,7.31,997.3,136.43,中信证券股份有限公司上海分公司,机构专用,否
2024-12-13,洛阳钼业,603993,7.22,1732.8,240,机构专用,国泰君安证券股份有限公司总部,否
2024-12-13,广汇能源,600256,6.99,1464.41,209.5,机构专用,国泰君安证券股份有限公司总部,否
2024-12-13,赛福天,603028,6.85,200.02,29.2,东海证券股份有限公司溧阳南大街证券营业部,广发证券股份有限公司无锡太湖东大道证券营业部,否
2024-12-13,中国电信,601728,6.79,201.66,29.7,华泰证券股份有限公司总部,中信证券股份有限公司上海分公司,否
2024-12-13,工商银行,601398,6.4,1014.27,158.48,国泰君安证券股份有限公司总部,机构专用,否
2024-12-13,京沪高铁,601816,6.16,3841.19,623.57,机构专用,国泰君安证券股份有限公司总部,否
2024-12-13,京沪高铁,601816,6.16,990.4,160.78,机构专用,中信证券股份有限公司总部(非营业场所),否
2024-12-13,京沪高铁,601816,6.16,693.31,112.55,机构专用,中信证券股份有限公司上海分公司,否
2024-12-13,京沪高铁,601816,6.16,335.54,54.47,机构专用,瑞银证券有限责任公司上海花园石桥路证券营业部,否
2024-12-13,京沪高铁,601816,6.16,297.16,48.24,机构专用,中信证券股份有限公司上海分公司,否
2024-12-13,南京交通,508069,5.79,1599.2,276.2,中国中金财富证券有限公司总部,中国中金财富证券有限公司总部,否
2024-12-13,苏交REIT,508066,5.77,595.52,103.3,中国中金财富证券有限公司总部,中国中金财富证券有限公司总部,否
2024-12-13,芯联集成,688469,5.76,2233.5,387.76,机构专用,中信证券股份有限公司深圳滨海大道证券营业部,否
2024-12-13,芯联集成,688469,5.76,811.47,140.88,机构专用,瑞银证券有限责任公司上海花园石桥路证券营业部,否
2024-12-13,中国电建,601669,5.48,494.62,90.26,国泰君安证券股份有限公司总部,机构专用,否
2024-12-13,农业银行,601288,5,1509.1,301.82,国泰君安证券股份有限公司总部,机构专用,否
2024-12-13,南山铝业,600219,3.99,201.89,50.6,华泰证券股份有限公司总部,中信证券股份有限公司上海分公司,否
2024-12-13,百川能源,600681,3.52,352,100,机构专用,华泰证券股份有限公司上海分公司,否
2024-12-13,城投宽庭,508031,3.51,12516.83,3569.1,中国中金财富证券有限公司总部,中国中金财富证券有限公司总部,否
2024-12-13,和邦生物,603077,2.29,137.4,60,中国国际金融股份有限公司北京建国门外大街证券营业部,国投证券股份有限公司连云港郁州北路证券营业部,否
2024-12-12,贵州茅台,600519,1565.8,4431.21,2.83,中国银河证券股份有限公司深圳水贝证券营业部,招商证券股份有限公司深圳益田路免税商务大厦证券营业部,否
2024-12-12,东鹏饮料,605499,246.37,202.02,0.82,华泰证券股份有限公司总部,中信证券股份有限公司上海分公司,否
2024-12-12,茂莱光学,688502,238.06,476.12,2,机构专用,国投证券股份有限公司南京华创路证券营业部,否
2024-12-12,茂莱光学,688502,238.06,476.12,2,西部证券股份有限公司西安东大街证券营业部,国投证券股份有限公司南京华创路证券营业部,否
2024-12-12,石头科技,688169,205.27,2052.7,10,瑞银证券有限责任公司上海花园石桥路证券营业部,机构专用,否
2024-12-12,石头科技,688169,205.27,821.08,4,国泰君安证券股份有限公司总部,机构专用,否
2024-12-12,石头科技,688169,205.27,369.49,1.8,中国中金财富证券有限公司深圳分公司,机构专用,否
2024-12-12,石头科技,688169,205.27,348.96,1.7,中信证券股份有限公司徐州建国西路证券营业部,机构专用,否
2024-12-12,石头科技,688169,205.27,246.32,1.2,中国银河证券股份有限公司金华证券营业部,机构专用,否
2024-12-12,石头科技,688169,205.27,246.32,1.2,华泰证券股份有限公司南京分公司,机构专用,否
2024-12-12,石头科技,688169,205.27,246.32,1.2,招商证券股份有限公司西安北大街证券营业部,机构专用,否
2024-12-12,安集科技,688019,147.67,2953.4,20,机构专用,招商证券股份有限公司北京北三环东路证券营业部,否
2024-12-12,赛力斯,601127,136.91,749.76,5.48,国泰君安证券股份有限公司西安东关正街证券营业部,中信建投证券股份有限公司上海闵行区顾戴路证券营业部,否
2024-12-12,赛力斯,601127,136.91,745.72,5.45,国泰君安证券股份有限公司深圳海岸城海德三道证券营业部,中信建投证券股份有限公司上海闵行区顾戴路证券营业部,否
2024-12-12,赛力斯,601127,136.91,205.37,1.5,华泰证券股份有限公司总部,中信证券股份有限公司上海分公司,否
2024-12-12,赛力斯,601127,136.91,205.37,1.5,华泰证券股份有限公司深圳前海证券营业部,中信建投证券股份有限公司上海闵行区顾戴路证券营业部,否
2024-12-12,中国移动,600941,102.5,635.5,6.2,东方财富证券股份有限公司拉萨东环路第一证券营业部,中信证券股份有限公司九江长江大道证券营业部,否
2024-12-12,中科曙光,603019,66.35,194140.1,2926,兴业证券股份有限公司天津滨海新区第一大街证券营业部,中信建投证券股份有限公司北京海淀分公司,否
2024-12-12,华勤技术,603296,61.28,3064,50,中信证券股份有限公司总部(非营业场所),中信证券股份有限公司北京国贸证券营业部,否
2024-12-12,国光电气,688776,55.87,614.57,11,机构专用,中信证券股份有限公司成都人民南路证券营业部,否
2024-12-12,呈和科技,688625,40.04,400.4,10,机构专用,广发证券股份有限公司广州天河路证券营业部,否
2024-12-12,恒烁股份,688416,38.06,272.89,7.17,中信证券股份有限公司深圳福田金田路证券营业部,华泰证券股份有限公司合肥习友路证券营业部,否
2024-12-12,逸飞激光,688646,36.75,441,12,财通证券股份有限公司江苏分公司,海通证券股份有限公司上海普陀区铜川路证券营业部,否
2024-12-12,逸飞激光,688646,36.75,220.5,6,万联证券股份有限公司上海浦东新区世纪大道证券营业部,海通证券股份有限公司上海黄浦区福州路证券营业部,否
2024-12-12,荣昌生物,688331,35.89,649.19,18.09,中信证券股份有限公司深圳深南中路中信大厦证券营业部,国泰君安证券股份有限公司总部,否
2024-12-12,华曙高科,688433,26.3,526,20,机构专用,国投证券股份有限公司北京西关二巷证券营业部,否
2024-12-12,金鸿顺,603922,25.2,5644.55,223.99,联储证券股份有限公司上海分公司,渤海证券股份有限公司天津东一环路证券营业部,否
2024-12-12,易德龙,603380,21.97,417.43,19,广发证券股份有限公司南京水佑岗证券营业部,南京证券股份有限公司南京溧水天生桥大道证券营业部,否
2024-12-12,圣泉集团,605589,21.68,216.8,10,中信证券（山东）有限责任公司青岛西海岸新区庐山路证券营业部,中信证券（山东）有限责任公司龙口南山路证券营业部,否
2024-12-12,概伦电子,688206,21,378,18,机构专用,申港证券股份有限公司湖北分公司,否
2024-12-12,羚锐制药,600285,19.98,339.66,17,国元证券股份有限公司宣城分公司,国元证券股份有限公司宁国人民路证券营业部,否
2024-12-12,富吉瑞,688272,19.09,229.91,12.04,机构专用,国信证券股份有限公司上海分公司,否
2024-12-12,纳微科技,688690,18.3,298.29,16.3,国泰君安证券股份有限公司重庆中山三路证券营业部,中信证券股份有限公司苏州分公司,否
2024-12-12,纳微科技,688690,18.3,210.45,11.5,中信建投证券股份有限公司荆州北京西路证券营业部,中信证券股份有限公司苏州分公司,否
2024-12-12,上海汽配,603107,17.07,341.4,20,国投证券股份有限公司福州分公司,兴业证券股份有限公司上海自由贸易试验区分公司,否
2024-12-12,艾华集团,603989,15.33,202.36,13.2,华泰证券股份有限公司总部,中信证券股份有限公司上海分公司,否
2024-12-12,万丰股份,603172,13.71,2971.78,216.76,浙商证券股份有限公司绍兴分公司,东兴证券股份有限公司杭州绍兴路证券营业部,否
2024-12-12,万丰股份,603172,13.71,685.5,50,中信证券股份有限公司绍兴群贤路证券营业部,东兴证券股份有限公司杭州绍兴路证券营业部,否
2024-12-12,富佳股份,603219,13.12,203.36,15.5,机构专用,中信证券股份有限公司余姚南雷路证券营业部,否
2024-12-12,中青旅,600138,11.19,202.54,18.1,华泰证券股份有限公司总部,中信证券股份有限公司上海分公司,否
2024-12-12,氯碱化工,600618,10.92,202.02,18.5,华泰证券股份有限公司总部,中信证券股份有限公司上海分公司,否
2024-12-12,广钢气体,688548,10.5,472.5,45,机构专用,申港证券股份有限公司湖北分公司,否
2024-12-12,上海临港,600848,10.49,2098,200,浙商证券股份有限公司上海长乐路证券营业部,招商证券股份有限公司深圳招商证券大厦证券营业部,否
2024-12-12,爱普股份,603020,8.71,1877.24,215.53,招商证券股份有限公司深圳招商证券大厦证券营业部,中国国际金融股份有限公司北京建国门外大街证券营业部,否
2024-12-12,豫园股份,600655,6.95,202.25,29.1,华泰证券股份有限公司总部,中信证券股份有限公司上海分公司,否
2024-12-12,赛福天,603028,6.85,309.48,45.18,东海证券股份有限公司上海长宁区水城南路证券营业部,广发证券股份有限公司无锡太湖东大道证券营业部,否
2024-12-12,京沪高铁,601816,6.37,242957.91,38140.96,机构专用,机构专用,否
2024-12-12,新黄浦,600638,6.3,1984.5,315,中泰证券股份有限公司上海周家嘴路证券营业部,兴业证券股份有限公司福州横屿路东泰禾证券营业部,否
2024-12-12,新黄浦,600638,6.17,4485.59,727,长城证券股份有限公司厦门湖滨南路证券营业部,兴业证券股份有限公司福州横屿路东泰禾证券营业部,否
2024-12-12,博瑞传播,600880,5.35,202.23,37.8,华泰证券股份有限公司总部,中信证券股份有限公司上海分公司,否
2024-12-12,南山铝业,600219,3.76,26905.05,7155.6,财通证券股份有限公司深圳分公司,光大证券股份有限公司青岛香港西路证券营业部,否
2024-12-12,南山铝业,600219,3.76,7896,2100,中信证券股份有限公司上海世博馆路证券营业部,光大证券股份有限公司青岛香港西路证券营业部,否
2024-12-12,百川能源,600681,3.63,363,100,国信证券股份有限公司深圳泰九分公司,华泰证券股份有限公司上海分公司,否
2024-12-12,百川能源,600681,3.63,363,100,机构专用,华泰证券股份有限公司上海分公司,否
2024-12-12,栖霞建设,600533,3.27,6867,2100,机构专用,华泰证券股份有限公司南京江宁苏源大道证券营业部,否
2024-12-12,西宁特钢,600117,2.8,97.21,34.72,中原证券股份有限公司新乡分公司,华泰证券股份有限公司西宁新宁路证券营业部,否
2024-12-12,和邦生物,603077,2.32,116,50,中国国际金融股份有限公司北京建国门外大街证券营业部,国投证券股份有限公司连云港郁州北路证券营业部,否
2024-12-12,证券ETF,512880,1.26,1259,1000,中国国际金融股份有限公司北京建国门外大街证券营业部,国信证券股份有限公司深圳泰然九路证券营业部,否
2024-12-12,券商ETF,512000,1.2,601,500,华泰证券股份有限公司总部,申万宏源证券有限公司证券投资总部,否
2024-12-12,H股ETF,510900,0.97,482.5,500,中国国际金融股份有限公司北京建国门外大街证券营业部,兴业证券股份有限公司重庆分公司,否
2024-12-12,医药ETF,512010,0.39,770,2000,华泰证券股份有限公司总部,申万宏源证券有限公司证券投资总部,否
2024-12-12,医疗ETF,512170,0.36,644.4,1800,华泰证券股份有限公司上海浦东新区世纪大道证券营业部,中信证券股份有限公司上海分公司,否
2024-12-12,医疗ETF,512170,0.36,250.6,700,国信证券股份有限公司深圳泰然九路证券营业部,中信证券股份有限公司上海分公司,否
2024-12-11,贵州茅台,600519,1535.6,4437.88,2.89,华泰证券股份有限公司深圳益田路荣超商务中心证券营业部,中国银河证券股份有限公司深圳水贝证券营业部,否
2024-12-11,茂莱光学,688502,239.55,479.1,2,万联证券股份有限公司上海浦东新区世纪大道证券营业部,国投证券股份有限公司南京华创路证券营业部,否
2024-12-11,茂莱光学,688502,239.55,479.1,2,方正证券股份有限公司总部,国投证券股份有限公司南京华创路证券营业部,否
2024-12-11,茂莱光学,688502,239.55,479.1,2,机构专用,国投证券股份有限公司南京华创路证券营业部,否
2024-12-11,安集科技,688019,145.68,2913.6,20,中信建投证券股份有限公司总部,招商证券股份有限公司北京北三环东路证券营业部,否
2024-12-11,赛力斯,601127,133.72,2168.94,16.22,国泰君安证券股份有限公司西安东关正街证券营业部,中信建投证券股份有限公司上海闵行区顾戴路证券营业部,否
2024-12-11,禾信仪器,688622,83,1660,20,机构专用,中山证券有限责任公司厦门湖滨南路证券营业部,否
2024-12-11,华勤技术,603296,61.02,3051,50,中信证券股份有限公司总部(非营业场所),中信证券股份有限公司北京国贸证券营业部,否
2024-12-11,宏华数科,688789,60.38,501.15,8.3,中信证券股份有限公司南京双龙大道证券营业部,湘财证券股份有限公司杭州文二西路证券营业部,否
2024-12-11,宏华数科,688789,60.38,501.15,8.3,中国中金财富证券有限公司深圳分公司,湘财证券股份有限公司杭州文二西路证券营业部,否
2024-12-11,宏华数科,688789,60.38,501.15,8.3,国都证券股份有限公司江苏分公司,湘财证券股份有限公司杭州文二西路证券营业部,否
2024-12-11,宏华数科,688789,60.38,380.39,6.3,浙商证券股份有限公司台州环城东路证券营业部,湘财证券股份有限公司杭州文二西路证券营业部,否
2024-12-11,国光电气,688776,55.45,299.98,5.41,中信证券股份有限公司总部(非营业场所),中信证券股份有限公司成都人民南路证券营业部,否
2024-12-11,国光电气,688776,55.45,221.8,4,中信建投证券股份有限公司北京望京证券营业部,中信证券股份有限公司成都人民南路证券营业部,否
2024-12-11,禾川科技,688320,50,500,10,海通证券股份有限公司上海徐汇区建国西路证券营业部,海通证券股份有限公司上海徐汇区建国西路证券营业部,否
2024-12-11,淳中科技,603516,48.56,726.46,14.96,机构专用,华泰证券股份有限公司安徽分公司,否
2024-12-11,华特气体,688268,48.25,468.99,9.72,国都证券股份有限公司江苏分公司,金圆统一证券有限公司厦门分公司,否
2024-12-11,华特气体,688268,48.25,434.25,9,中国银河证券股份有限公司金华证券营业部,金圆统一证券有限公司厦门分公司,否
2024-12-11,华特气体,688268,48.25,281.3,5.83,华泰证券股份有限公司南京文澜路证券营业部,金圆统一证券有限公司厦门分公司,否
2024-12-11,华特气体,688268,48.25,241.25,5,中信建投证券股份有限公司北京望京证券营业部,金圆统一证券有限公司厦门分公司,否
2024-12-11,华特气体,688268,48.25,241.25,5,粤开证券股份有限公司深圳分公司,金圆统一证券有限公司厦门分公司,否
2024-12-11,金诚信,603979,42.54,25949.4,610,机构专用,机构专用,否
2024-12-11,臻镭科技,688270,41.81,1588.78,38,机构专用,国投证券股份有限公司北京西关二巷证券营业部,否
2024-12-11,臻镭科技,688270,41.81,209.05,5,中信证券股份有限公司徐州建国西路证券营业部,国投证券股份有限公司北京西关二巷证券营业部,否
2024-12-11,南芯科技,688484,41.29,889.39,21.54,中信证券股份有限公司总部(非营业场所),机构专用,否
2024-12-11,南芯科技,688484,41.29,363.35,8.8,中信证券股份有限公司总部(非营业场所),机构专用,否
2024-12-11,恒烁股份,688416,38.79,271.53,7,华泰证券股份有限公司南京长江路证券营业部,华泰证券股份有限公司合肥习友路证券营业部,否
2024-12-11,映翰通,688080,32.99,3504.86,106.24,机构专用,海通证券股份有限公司北京中关村南大街证券营业部,否
2024-12-11,奇安信,688561,31.67,3918,123.71,中信建投证券股份有限公司北京顺义证券营业部,中信建投证券股份有限公司北京大屯路证券营业部,否
2024-12-11,中信证券,600030,31.34,940.2,30,国泰君安证券股份有限公司总部,华泰证券股份有限公司北京雍和宫证券营业部,否
2024-12-11,天能股份,688819,27.46,329.52,12,招商证券股份有限公司北京景辉街证券营业部,中国银河证券股份有限公司北京中关村大街证券营业部,否
2024-12-11,天能股份,688819,27.45,329.7,12.01,方正证券股份有限公司长沙芙蓉中路证券营业部,招商证券股份有限公司北京建国路证券营业部,否
2024-12-11,松炀资源,603863,21.45,1107.89,51.65,联储证券股份有限公司上海分公司,长城证券股份有限公司深圳分公司,否
2024-12-11,江化微,603078,18.9,1814.06,95.98,中国中金财富证券有限公司江阴朝阳路证券营业部,中国国际金融股份有限公司北京建国门外大街证券营业部,否
2024-12-11,江化微,603078,18.9,1281.23,67.79,中国中金财富证券有限公司江阴朝阳路证券营业部,平安证券股份有限公司深圳金田路证券营业部,否
2024-12-11,江化微,603078,18.9,455.11,24.08,中国中金财富证券有限公司江阴朝阳路证券营业部,中信证券股份有限公司泉州温陵北路证券营业部,否
2024-12-11,纳微科技,688690,18.74,206.14,11,华泰证券股份有限公司广州云城东路证券营业部,中信证券股份有限公司苏州分公司,否
2024-12-11,纳微科技,688690,18.74,206.14,11,长城证券股份有限公司总部,中信证券股份有限公司苏州分公司,否
2024-12-11,纳微科技,688690,18.74,200.52,10.7,华泰证券股份有限公司北京雍和宫证券营业部,中信证券股份有限公司苏州分公司,否
2024-12-11,上海汽配,603107,17.14,514.2,30,国投证券股份有限公司福州分公司,兴业证券股份有限公司上海自由贸易试验区分公司,否
2024-12-11,上海汽配,603107,15.75,299.25,19,中信证券股份有限公司徐州建国西路证券营业部,兴业证券股份有限公司上海自由贸易试验区分公司,否
2024-12-11,上海汽配,603107,15.75,236.25,15,华鑫证券有限责任公司深圳财富大厦证券营业部,兴业证券股份有限公司上海自由贸易试验区分公司,否
2024-12-11,上海汽配,603107,15.75,200.03,12.7,中信建投证券股份有限公司北京望京证券营业部,兴业证券股份有限公司上海自由贸易试验区分公司,否
2024-12-11,岩石股份,600696,15.16,2232.96,147.29,机构专用,中信证券股份有限公司上海浦东新区东方路证券营业部,否
2024-12-11,东航物流,601156,14.86,1188.8,80,机构专用,中国国际金融股份有限公司上海分公司,否
2024-12-11,东航物流,601156,14.86,475.52,32,浙商证券股份有限公司绍兴分公司,中国国际金融股份有限公司上海分公司,否
2024-12-11,东航物流,601156,14.86,312.06,21,机构专用,中国国际金融股份有限公司上海分公司,否
2024-12-11,东航物流,601156,14.86,252.62,17,中信证券股份有限公司苏州分公司,中国国际金融股份有限公司上海分公司,否
2024-12-11,东航物流,601156,14.86,252.62,17,广发证券股份有限公司南京水佑岗证券营业部,中国国际金融股份有限公司上海分公司,否
2024-12-11,东航物流,601156,14.86,252.62,17,招商证券股份有限公司西安北大街证券营业部,中国国际金融股份有限公司上海分公司,否
2024-12-11,东航物流,601156,14.86,252.62,17,浙商证券股份有限公司天津永安道证券营业部,中国国际金融股份有限公司上海分公司,否
2024-12-11,东航物流,601156,14.86,208.04,14,长城证券股份有限公司总部,中国国际金融股份有限公司上海分公司,否
2024-12-11,索通发展,603612,14.19,1419,100,申万宏源证券有限公司证券投资总部,长江证券股份有限公司济南经十路证券营业部,否
2024-12-11,维远股份,600955,14.02,1752.5,125,海通证券股份有限公司济南泉城路证券营业部,华龙证券股份有限公司淄博鲁泰大道证券营业部,否
2024-12-11,益方生物,688382,12.76,1327.04,104,机构专用,中信证券股份有限公司北京亚运村证券营业部,否
2024-12-11,益方生物,688382,12.76,319,25,中信建投证券股份有限公司北京望京证券营业部,中信证券股份有限公司北京亚运村证券营业部,否
2024-12-11,益方生物,688382,12.76,204.16,16,机构专用,中信证券股份有限公司北京亚运村证券营业部,否
2024-12-11,宣泰医药,688247,12.53,1253,100,机构专用,国泰君安证券股份有限公司上海江苏路证券营业部,否
2024-12-11,四方科技,603339,12.21,319.05,26.13,招商证券股份有限公司北京景辉街证券营业部,中国银河证券股份有限公司北京中关村大街证券营业部,否
2024-12-11,广钢气体,688548,10.5,1050,100,机构专用,申港证券股份有限公司湖北分公司,否
2024-12-11,上海临港,600848,10.49,2307.8,220,国投证券股份有限公司福州分公司,招商证券股份有限公司深圳招商证券大厦证券营业部,否
2024-12-11,汇成股份,688403,9.47,501.91,53,海通证券股份有限公司合肥黄山路证券营业部,海通证券股份有限公司合肥黄山路证券营业部,否
2024-12-11,镇洋发展,603213,8.88,444,50,财通证券股份有限公司杭州庆春路证券营业部,国信证券股份有限公司杭州市心中路证券营业部,否
2024-12-11,镇洋发展,603213,8.88,310.8,35,国泰君安证券股份有限公司嘉兴秀洲大道证券营业部,国信证券股份有限公司杭州市心中路证券营业部,否
2024-12-11,恒顺醋业,600305,8.53,1545.91,181.23,招商证券股份有限公司深圳招商证券大厦证券营业部,中国国际金融股份有限公司北京建国门外大街证券营业部,否
2024-12-11,汇嘉时代,603101,8.5,1105,130,上海证券有限责任公司宝山友谊路证券营业部,南京证券股份有限公司杭州新塘路证券营业部,否
2024-12-11,江盐集团,601065,8.47,508.2,60,机构专用,中国中金财富证券有限公司厦门分公司,否
2024-12-11,均普智能,688306,8,240,30,中信建投证券股份有限公司北京望京证券营业部,海通证券股份有限公司上海普陀区铜川路证券营业部,否
2024-12-11,山东高速,508007,7.47,2904.27,389,中信证券股份有限公司总部(非营业场所),国信证券股份有限公司公司总部,否
2024-12-11,京沪高铁,601816,6.32,379655.11,60072.01,机构专用,机构专用,否
2024-12-11,旗滨集团,601636,6.31,2524,400,方正证券股份有限公司总部,华泰证券股份有限公司漳州水仙大街证券营业部,否
2024-12-11,丽尚国潮,600738,5.51,2204,400,机构专用,联储证券股份有限公司上海分公司,否
2024-12-11,正元地信,688509,4.87,876.6,180,方正证券股份有限公司总部,中国中金财富证券有限公司北京北三环东路证券营业部,否
2024-12-11,龙元建设,600491,3.91,3910,1000,中国银河证券股份有限公司杭州海运国际大厦证券营业部,兴业证券股份有限公司宜兴解放东路证券营业部,否
2024-12-11,百川能源,600681,3.56,356,100,机构专用,华泰证券股份有限公司上海分公司,否
2024-12-11,百川能源,600681,3.56,356,100,机构专用,华泰证券股份有限公司上海分公司,否
2024-12-11,厦门安居,508058,3.45,965.16,280,申万宏源证券有限公司上海黄浦区福州路证券营业部,国信证券股份有限公司公司总部,否
2024-12-11,京保REIT,508068,3.42,958.72,280,申万宏源证券有限公司上海黄浦区福州路证券营业部,国信证券股份有限公司公司总部,否
2024-12-11,酒ETF,512690,0.65,130.6,200,广发证券股份有限公司上海浦东新区东方路证券营业部,国泰君安证券股份有限公司总部,否
2024-12-11,创新药,515120,0.56,224,400,中国国际金融股份有限公司北京建国门外大街证券营业部,华泰证券股份有限公司北京雍和宫证券营业部,否
2024-12-10,贵州茅台,600519,1546.59,5150.14,3.33,中国银河证券股份有限公司深圳水贝证券营业部,华泰证券股份有限公司深圳益田路荣超商务中心证券营业部,否
2024-12-10,茂莱光学,688502,240.26,360.39,1.5,兴业证券股份有限公司哈尔滨友谊路证券营业部,国投证券股份有限公司南京华创路证券营业部,否
2024-12-10,茂莱光学,688502,240.26,360.39,1.5,机构专用,国投证券股份有限公司南京华创路证券营业部,否
2024-12-10,茂莱光学,688502,240.26,360.39,1.5,机构专用,国投证券股份有限公司南京华创路证券营业部,否
2024-12-10,安集科技,688019,146.41,5856.4,40,机构专用,招商证券股份有限公司北京北三环东路证券营业部,否
2024-12-10,赛力斯,601127,134.5,2125.1,15.8,国泰君安证券股份有限公司西安东关正街证券营业部,中信建投证券股份有限公司上海闵行区顾戴路证券营业部,否
2024-12-10,禾信仪器,688622,69.33,1386.6,20,机构专用,中山证券有限责任公司厦门湖滨南路证券营业部,否
2024-12-10,禾信仪器,688622,69.33,1386.6,20,机构专用,中山证券有限责任公司厦门湖滨南路证券营业部,否
2024-12-10,宏华数科,688789,60.83,1216.6,20,中信证券股份有限公司浙江分公司,湘财证券股份有限公司杭州文二西路证券营业部,否
2024-12-10,宏华数科,688789,60.83,912.45,15,中国中金财富证券有限公司杭州江河汇证券营业部,湘财证券股份有限公司杭州文二西路证券营业部,否
2024-12-10,宏华数科,688789,60.83,608.3,10,瑞银证券有限责任公司上海花园石桥路证券营业部,湘财证券股份有限公司杭州文二西路证券营业部,否
2024-12-10,宏华数科,688789,60.83,304.15,5,机构专用,湘财证券股份有限公司杭州文二西路证券营业部,否
2024-12-10,宏华数科,688789,60.83,304.15,5,机构专用,湘财证券股份有限公司杭州文二西路证券营业部,否
2024-12-10,宏华数科,688789,60.83,282.86,4.65,中信证券股份有限公司总部(非营业场所),湘财证券股份有限公司杭州文二西路证券营业部,否
2024-12-10,宏华数科,688789,60.83,212.91,3.5,机构专用,湘财证券股份有限公司杭州文二西路证券营业部,否
2024-12-10,宏华数科,688789,60.83,200.74,3.3,长江证券股份有限公司合肥长江西路证券营业部,湘财证券股份有限公司杭州文二西路证券营业部,否
2024-12-10,恒瑞医药,600276,48.13,202.15,4.2,华泰证券股份有限公司总部,中信证券股份有限公司上海分公司,否
2024-12-10,禾川科技,688320,46.88,937.6,20,国海证券股份有限公司山东分公司,中信证券股份有限公司上海红宝石路证券营业部,否
2024-12-10,金诚信,603979,41.07,25052.7,610,机构专用,机构专用,否
2024-12-10,臻镭科技,688270,41.03,287.21,7,中信证券股份有限公司总部(非营业场所),国投证券股份有限公司北京西关二巷证券营业部,否
2024-12-10,臻镭科技,688270,41.03,246.18,6,中信建投证券股份有限公司北京望京证券营业部,国投证券股份有限公司北京西关二巷证券营业部,否
2024-12-10,呈和科技,688625,39.7,397,10,长江证券股份有限公司上海都市路证券营业部,广发证券股份有限公司广州天河路证券营业部,否
2024-12-10,南芯科技,688484,39.63,701.45,17.7,中信证券股份有限公司总部(非营业场所),机构专用,否
2024-12-10,南芯科技,688484,39.63,285.34,7.2,中信证券股份有限公司总部(非营业场所),机构专用,否
2024-12-10,南芯科技,688484,39.63,202.11,5.1,中信证券股份有限公司总部(非营业场所),机构专用,否
2024-12-10,映翰通,688080,32.41,259.28,8,光大证券股份有限公司深圳海德三道证券营业部,海通证券股份有限公司北京中关村南大街证券营业部,否
2024-12-10,映翰通,688080,32.41,259.28,8,机构专用,海通证券股份有限公司北京中关村南大街证券营业部,否
2024-12-10,映翰通,688080,32.41,200.94,6.2,国信证券股份有限公司深圳泰然九路证券营业部,海通证券股份有限公司北京中关村南大街证券营业部,否
2024-12-10,映翰通,688080,32.41,200.94,6.2,机构专用,海通证券股份有限公司北京中关村南大街证券营业部,否
2024-12-10,映翰通,688080,32.41,200.29,6.18,机构专用,海通证券股份有限公司北京中关村南大街证券营业部,否
2024-12-10,映翰通,688080,32.41,200.29,6.18,机构专用,海通证券股份有限公司北京中关村南大街证券营业部,否
2024-12-10,爱科赛博,688719,31.86,254.88,8,机构专用,国投证券股份有限公司深圳安信金融大厦证券营业部,否
2024-12-10,海尔生物,688139,31.44,408.72,13,摩根大通证券（中国）有限公司上海银城中路证券营业部,中信证券股份有限公司上海世博馆路证券营业部,否
2024-12-10,新天然气,603393,30.79,203.21,6.6,华泰证券股份有限公司总部,中信证券股份有限公司上海分公司,否
2024-12-10,金石资源,603505,26.08,364.86,13.99,中国国际金融股份有限公司北京建国门外大街证券营业部,平安证券股份有限公司深圳金田路证券营业部,否
2024-12-10,洪田股份,603800,22.96,2914.77,126.95,国泰君安证券股份有限公司北京知春路证券营业部,国联证券股份有限公司南通工农路证券营业部,否
2024-12-10,莱特光电,688150,22.78,539.89,23.7,中信证券股份有限公司总部(非营业场所),中信证券股份有限公司北京金融大街证券营业部,否
2024-12-10,莱特光电,688150,22.78,426.84,18.74,中信证券股份有限公司总部(非营业场所),中信证券股份有限公司北京金融大街证券营业部,否
2024-12-10,航天晨光,600501,21.14,445.42,21.07,中国国际金融股份有限公司北京建国门外大街证券营业部,平安证券股份有限公司深圳金田路证券营业部,否
2024-12-10,羚锐制药,600285,19.88,347.9,17.5,国元证券股份有限公司宣城分公司,国元证券股份有限公司宁国人民路证券营业部,否
2024-12-10,奥来德,688378,19.66,318.49,16.2,申万宏源证券有限公司吉林分公司,申万宏源证券有限公司吉林分公司,否
2024-12-10,纳微科技,688690,19.1,200.55,10.5,华泰证券股份有限公司广州云城东路证券营业部,中信证券股份有限公司苏州分公司,否
2024-12-10,蓝特光学,688127,18.92,618.68,32.7,华泰证券股份有限公司嘉兴纺工路证券营业部,光大证券股份有限公司宿迁发展大道证券营业部,否
2024-12-10,汇宇制药,688553,16.19,1699.95,105,信达证券股份有限公司温州瓯江路证券营业部,国盛证券有限责任公司南昌金融大街证券营业部,否
2024-12-10,均胜电子,600699,15.85,233.15,14.71,国泰君安证券股份有限公司重庆中山三路证券营业部,浙商证券股份有限公司湖南分公司,否
2024-12-10,淮北矿业,600985,14.88,580.32,39,中国国际金融股份有限公司北京建国门外大街证券营业部,中国国际金融股份有限公司北京建国门外大街证券营业部,否
2024-12-10,电科芯片,600877,13.92,13575.85,975.28,中信证券股份有限公司总部(非营业场所),中信证券股份有限公司重庆解放碑证券营业部,否
2024-12-10,维远股份,600955,13.66,1707.5,125,国信证券股份有限公司广州分公司,华龙证券股份有限公司淄博鲁泰大道证券营业部,否
2024-12-10,三安光电,600703,12.85,257,20,海通证券股份有限公司上海嘉定区洪德路证券营业部,国泰君安证券股份有限公司总部,否
2024-12-10,中金黄金,600489,12.74,418.25,32.83,中国国际金融股份有限公司北京建国门外大街证券营业部,平安证券股份有限公司深圳金田路证券营业部,否
2024-12-10,明泰铝业,601677,12.51,537.93,43,中国国际金融股份有限公司北京建国门外大街证券营业部,平安证券股份有限公司深圳金田路证券营业部,否
2024-12-10,良品铺子,603719,11.82,1182,100,中信证券股份有限公司南京双龙大道证券营业部,广发证券股份有限公司武汉纺织路证券营业部,否
2024-12-10,良品铺子,603719,11.82,354.6,30,招商证券股份有限公司西安北大街证券营业部,广发证券股份有限公司武汉纺织路证券营业部,否
2024-12-10,良品铺子,603719,11.82,334.74,28.32,平安证券股份有限公司江苏分公司,广发证券股份有限公司武汉纺织路证券营业部,否
2024-12-10,良品铺子,603719,11.82,295.5,25,国金证券股份有限公司北京长椿街证券营业部,广发证券股份有限公司武汉纺织路证券营业部,否
2024-12-10,良品铺子,603719,11.82,295.5,25,摩根大通证券（中国）有限公司上海银城中路证券营业部,广发证券股份有限公司武汉纺织路证券营业部,否
2024-12-10,良品铺子,603719,11.82,295.5,25,机构专用,广发证券股份有限公司武汉纺织路证券营业部,否
2024-12-10,良品铺子,603719,11.82,271.86,23,中信建投证券股份有限公司北京望京证券营业部,广发证券股份有限公司武汉纺织路证券营业部,否
2024-12-10,良品铺子,603719,11.82,248.22,21,中信建投证券股份有限公司总部,广发证券股份有限公司武汉纺织路证券营业部,否
2024-12-10,良品铺子,603719,11.82,236.4,20,广发证券股份有限公司南京水佑岗证券营业部,广发证券股份有限公司武汉纺织路证券营业部,否
2024-12-10,良品铺子,603719,11.82,200.94,17,中信证券股份有限公司北京京城大厦证券营业部,广发证券股份有限公司武汉纺织路证券营业部,否
2024-12-10,良品铺子,603719,11.82,200.94,17,国投证券股份有限公司连云港郁州北路证券营业部,广发证券股份有限公司武汉纺织路证券营业部,否
2024-12-10,良品铺子,603719,11.82,200.94,17,机构专用,广发证券股份有限公司武汉纺织路证券营业部,否
2024-12-10,良品铺子,603719,11.82,200.11,16.93,广发证券股份有限公司杭州延安路证券营业部,广发证券股份有限公司武汉纺织路证券营业部,否
2024-12-10,良品铺子,603719,11.82,200.11,16.93,机构专用,广发证券股份有限公司武汉纺织路证券营业部,否
2024-12-10,良品铺子,603719,11.82,200.11,16.93,机构专用,广发证券股份有限公司武汉纺织路证券营业部,否
2024-12-10,良品铺子,603719,11.82,200.11,16.93,机构专用,广发证券股份有限公司武汉纺织路证券营业部,否
2024-12-10,上海临港,600848,10.37,2074,200,浙商证券股份有限公司上海长乐路证券营业部,招商证券股份有限公司深圳招商证券大厦证券营业部,否
2024-12-10,国家电投,508028,10.22,2963.8,290,国泰君安证券股份有限公司客户资产管理部,中信证券股份有限公司总部(非营业场所),否
2024-12-10,国家电投,508028,10.22,2963.51,290,中信证券股份有限公司总部(非营业场所),机构专用,否
2024-12-10,国家电投,508028,10.14,1115.84,110,中信证券股份有限公司客户资产管理部,东兴证券股份有限公司三明列东街证券营业部,否
2024-12-10,国家电投,508028,10.14,912.96,90,中信证券股份有限公司客户资产管理部,东兴证券股份有限公司三明列东街证券营业部,否
2024-12-10,安凯微,688620,10.12,809.6,80,机构专用,中信建投证券股份有限公司北京德胜门证券营业部,否
2024-12-10,航天电子,600879,9.83,203.48,20.7,华泰证券股份有限公司总部,中信证券股份有限公司上海分公司,否
2024-12-10,重庆银行,601963,9.14,1243.04,136,国泰君安证券股份有限公司重庆中山三路证券营业部,国泰君安证券股份有限公司重庆中山三路证券营业部,否
2024-12-10,古越龙山,600059,9.1,637,70,中国国际金融股份有限公司北京建国门外大街证券营业部,平安证券股份有限公司深圳金田路证券营业部,否
2024-12-10,力帆科技,601777,7.63,2289,300,方正证券股份有限公司总部,方正证券股份有限公司重庆万象城证券营业部,否
2024-12-10,山东高速,508007,7.47,2903.89,389,国信证券股份有限公司公司总部,广发证券股份有限公司总部,否
2024-12-10,科美诊断,688468,7.45,372.5,50,机构专用,中信证券股份有限公司北京紫竹院路证券营业部,否
2024-12-10,常熟银行,601128,6.92,726.6,105,中信建投证券股份有限公司常熟锁澜南路证券营业部,中信建投证券股份有限公司常熟锁澜南路证券营业部,否
2024-12-10,旗滨集团,601636,6.29,2516,400,方正证券股份有限公司总部,华泰证券股份有限公司漳州水仙大街证券营业部,否
2024-12-10,浙文互联,600986,6.12,3978,650,国泰君安证券股份有限公司东营北一路证券营业部,中泰证券股份有限公司东营北一路证券营业部,否
2024-12-10,驰宏锌锗,600497,6.12,203.18,33.2,华泰证券股份有限公司总部,中信证券股份有限公司上海分公司,否
2024-12-10,工商银行,601398,5.9,413,70,国泰君安证券股份有限公司宝安壹方中心证券营业部,华泰证券股份有限公司深圳益田路证券营业部,否
2024-12-10,中交REIT,508018,4.86,485.8,100,机构专用,华泰证券股份有限公司成都蜀金路证券营业部,否
2024-12-10,实达集团,600734,4.25,2125,500,华泰证券股份有限公司南京长江路证券营业部,中信建投证券股份有限公司福州东街证券营业部,否
2024-12-10,龙元建设,600491,3.85,1397.55,363,中国银河证券股份有限公司淳安新安东路证券营业部,兴业证券股份有限公司宜兴解放东路证券营业部,否
2024-12-10,龙元建设,600491,3.85,371.87,96.59,国泰君安证券股份有限公司慈溪开发大道证券营业部,兴业证券股份有限公司宜兴解放东路证券营业部,否
2024-12-10,宝泰隆,601011,3.02,202.94,67.2,华泰证券股份有限公司总部,中信证券股份有限公司上海分公司,否
2024-12-10,西宁特钢,600117,2.78,144.77,52.07,中原证券股份有限公司巩义嵩山路证券营业部,华泰证券股份有限公司西宁新宁路证券营业部,否
2024-12-10,大唐发电,601991,2.7,126.9,47,国泰君安证券股份有限公司武汉紫阳东路证券营业部,招商证券股份有限公司深圳南山南油大道证券营业部,否
2024-12-10,华润有巢,508077,2.61,990.66,380,中信证券股份有限公司总部(非营业场所),国信证券股份有限公司公司总部,否
2024-12-10,和辉光电,688538,2.55,1925.88,755.25,中信证券股份有限公司总部(非营业场所),海通证券股份有限公司上海静安区北京西路证券营业部,否
2024-12-10,和辉光电,688538,2.55,1275,500,方正证券股份有限公司总部,海通证券股份有限公司上海静安区北京西路证券营业部,否
2024-12-10,和辉光电,688538,2.55,1275,500,机构专用,海通证券股份有限公司上海静安区北京西路证券营业部,否
2024-12-10,津投城开,600322,2.55,185.21,72.63,机构专用,中国中金财富证券有限公司上海黄浦区湖滨路证券营业部,否
2024-12-10,和邦生物,603077,2.25,67.5,30,中国国际金融股份有限公司北京建国门外大街证券营业部,国投证券股份有限公司连云港郁州北路证券营业部,否
2024-12-10,银行ETF,512800,1.44,4329,3000,东方财富证券股份有限公司证券投资部,申万宏源证券有限公司证券投资总部,否
2024-12-10,银行,515290,1.29,3861,3000,东方财富证券股份有限公司证券投资部,中信证券股份有限公司总部(非营业场所),否
2024-12-10,科创50,588000,0.85,245.92,290,长江证券股份有限公司深圳福华路证券营业部,招商证券股份有限公司深圳福民路证券营业部,否
2024-12-10,光伏ETF,515790,0.82,539.22,660,中国国际金融股份有限公司北京建国门外大街证券营业部,华泰证券股份有限公司北京雍和宫证券营业部,否
2024-12-09,贵州茅台,600519,1518.8,4237.45,2.79,中国中金财富证券有限公司深圳分公司,中国银河证券股份有限公司深圳水贝证券营业部,否
2024-12-09,贵州茅台,600519,1518.8,911.28,0.6,国泰君安证券股份有限公司深圳福田中心区华融大厦证券营业部,中国银河证券股份有限公司深圳水贝证券营业部,否
2024-12-09,贵州茅台,600519,1518.8,227.82,0.15,中信证券股份有限公司苏州分公司,中信建投证券股份有限公司上海市营口路证券营业部,否
2024-12-09,茂莱光学,688502,243.59,1096.16,4.5,机构专用,国投证券股份有限公司南京华创路证券营业部,否
2024-12-09,东鹏饮料,605499,221.18,499.87,2.26,中信证券股份有限公司苏州分公司,中信建投证券股份有限公司上海市营口路证券营业部,否
2024-12-09,赛力斯,601127,144.75,217.13,1.5,华泰证券股份有限公司深圳前海证券营业部,中信建投证券股份有限公司上海闵行区顾戴路证券营业部,否
2024-12-09,澜起科技,688008,63.86,200.52,3.14,万联证券股份有限公司深圳分公司,中国中金财富证券有限公司上海浦东新区世纪大道证券营业部,否
2024-12-09,芯动联科,688582,49.29,246.45,5,东兴证券股份有限公司成都都江堰市迎宾路证券营业部,海通证券股份有限公司上海黄浦区合肥路证券营业部,否
2024-12-09,禾川科技,688320,42.5,425,10,海通证券股份有限公司上海徐汇区建国西路证券营业部,海通证券股份有限公司上海徐汇区建国西路证券营业部,否
2024-12-09,禾川科技,688320,42.03,630.45,15,机构专用,中信证券股份有限公司上海红宝石路证券营业部,否
2024-12-09,能科科技,603859,41.04,200.28,4.88,中信证券股份有限公司泉州温陵北路证券营业部,中国国际金融股份有限公司北京建国门外大街证券营业部,否
2024-12-09,南芯科技,688484,39.65,844.55,21.3,中信证券股份有限公司总部(非营业场所),机构专用,否
2024-12-09,南芯科技,688484,39.65,344.96,8.7,中信证券股份有限公司总部(非营业场所),机构专用,否
2024-12-09,恒烁股份,688416,35.18,492.52,14,华泰证券股份有限公司南京长江路证券营业部,华泰证券股份有限公司合肥习友路证券营业部,否
2024-12-09,康拓医疗,688314,28.35,792.7,27.96,机构专用,华泰证券股份有限公司南京中山东路华泰证券大厦证券营业部,否
2024-12-09,康拓医疗,688314,28.35,204.12,7.2,机构专用,华泰证券股份有限公司南京中山东路华泰证券大厦证券营业部,否
2024-12-09,康拓医疗,688314,28.35,204.12,7.2,机构专用,华泰证券股份有限公司南京中山东路华泰证券大厦证券营业部,否
2024-12-09,陕西煤业,601225,24.58,24580,1000,机构专用,机构专用,否
2024-12-09,洪田股份,603800,22.68,680.4,30,机构专用,国联证券股份有限公司南通工农路证券营业部,否
2024-12-09,七一二,603712,22.44,201.96,9,中信证券股份有限公司泉州温陵北路证券营业部,中国国际金融股份有限公司北京建国门外大街证券营业部,否
2024-12-09,悦安新材,688786,21.85,415.15,19,申万宏源证券有限公司天津解放南路证券营业部,长城证券股份有限公司青岛台东一路证券营业部,否
2024-12-09,悦安新材,688786,21.85,218.5,10,中信证券股份有限公司北京北苑证券营业部,东兴证券股份有限公司南昌赣江中大道证券营业部,否
2024-12-09,悦安新材,688786,21.85,218.5,10,国泰君安证券股份有限公司深圳登良路证券营业部,长城证券股份有限公司青岛台东一路证券营业部,否
2024-12-09,羚锐制药,600285,21.63,300.01,13.87,招商证券股份有限公司深圳益田路免税商务大厦证券营业部,国泰君安证券股份有限公司深圳海岸城海德三道证券营业部,否
2024-12-09,纳微科技,688690,18.92,946,50,机构专用,中信证券股份有限公司苏州分公司,否
2024-12-09,纳微科技,688690,18.92,227.04,12,机构专用,中信证券股份有限公司苏州分公司,否
2024-12-09,豪森智能,688529,18.09,201.52,11.14,华泰证券股份有限公司重庆江北嘴证券营业部,浙商证券股份有限公司湖南分公司,否
2024-12-09,赤峰黄金,600988,16.81,448.49,26.68,长江证券股份有限公司济南经十路证券营业部,湘财证券股份有限公司山东分公司,否
2024-12-09,上海亚虹,603159,13.8,1573.2,114,机构专用,中原证券股份有限公司林州红旗渠大道证券营业部,否
2024-12-09,上海亚虹,603159,13.8,543.72,39.4,机构专用,中原证券股份有限公司林州红旗渠大道证券营业部,否
2024-12-09,上海亚虹,603159,13.8,414,30,华泰证券股份有限公司总部,中原证券股份有限公司林州红旗渠大道证券营业部,否
2024-12-09,上海亚虹,603159,13.8,271.86,19.7,机构专用,中原证券股份有限公司林州红旗渠大道证券营业部,否
2024-12-09,上海亚虹,603159,13.8,255.3,18.5,机构专用,中原证券股份有限公司林州红旗渠大道证券营业部,否
2024-12-09,上海亚虹,603159,13.8,204.24,14.8,机构专用,中原证券股份有限公司林州红旗渠大道证券营业部,否
2024-12-09,良品铺子,603719,12.04,481.6,40,机构专用,广发证券股份有限公司武汉纺织路证券营业部,否
2024-12-09,国家电投,508028,10.14,2028.6,200,东兴证券股份有限公司三明列东街证券营业部,机构专用,否
2024-12-09,万盛股份,603010,9.5,1045,110,国元证券股份有限公司台州世纪大道证券营业部,浙商证券股份有限公司临海崇和路证券营业部,否
2024-12-09,恒顺醋业,600305,8.26,1058.52,128.15,中国国际金融股份有限公司北京建国门外大街证券营业部,平安证券股份有限公司深圳金田路证券营业部,否
2024-12-09,科美诊断,688468,7.47,390.05,52.22,机构专用,中信证券股份有限公司北京紫竹院路证券营业部,否
2024-12-09,山东高速,508007,7.46,2903.5,389,广发证券股份有限公司总部,中信证券股份有限公司总部(非营业场所),否
2024-12-09,安徽交控,508009,6.77,2318.05,342.4,机构专用,华泰证券股份有限公司成都蜀金路证券营业部,否
2024-12-09,神奇制药,600613,6.68,267.2,40,光大证券股份有限公司深圳海德三道证券营业部,红塔证券股份有限公司长沙八一路证券营业部,否
2024-12-09,神奇制药,600613,6.68,253.84,38,浙商证券股份有限公司上海浦东杨高南路证券营业部,红塔证券股份有限公司长沙八一路证券营业部,否
2024-12-09,神奇制药,600613,6.68,200.4,30,东方财富证券股份有限公司拉萨东环路第二证券营业部,红塔证券股份有限公司长沙八一路证券营业部,否
2024-12-09,神奇制药,600613,6.68,200.4,30,华泰证券股份有限公司广州云城东路证券营业部,红塔证券股份有限公司长沙八一路证券营业部,否
2024-12-09,北京银行,601169,5.34,186.37,34.9,国金证券股份有限公司厦门湖滨南路证券营业部,信达证券股份有限公司厦门高林中路证券营业部,否
2024-12-09,中交REIT,508018,4.86,568.74,117,机构专用,华泰证券股份有限公司成都蜀金路证券营业部,否
2024-12-09,百川能源,600681,3.54,354,100,机构专用,华泰证券股份有限公司上海分公司,否
2024-12-09,百川能源,600681,3.54,354,100,机构专用,华泰证券股份有限公司上海分公司,否
2024-12-09,半导体,512480,1,298.8,300,华泰证券股份有限公司南京大光路证券营业部,中国国际金融股份有限公司北京建国门外大街证券营业部,否
2024-12-09,酒ETF,512690,0.63,253.6,400,国信证券股份有限公司深圳泰然九路证券营业部,中信证券股份有限公司大连分公司,否
2024-12-06,贵州茅台,600519,1521.01,2813.87,1.85,中国中金财富证券有限公司深圳分公司,中国中金财富证券有限公司深圳分公司,否
2024-12-06,贵州茅台,600519,1521.01,1591.28,1.05,招商证券股份有限公司深圳益田路免税商务大厦证券营业部,中国中金财富证券有限公司深圳分公司,否
2024-12-06,国盾量子,688027,339.5,864.03,2.55,华西证券股份有限公司深圳海天一路证券营业部,广发证券股份有限公司深圳深南东路证券营业部,否
2024-12-06,片仔癀,600436,226.06,2739.44,12.12,中国中金财富证券有限公司深圳分公司,招商证券股份有限公司深圳益田路免税商务大厦证券营业部,否
2024-12-06,石头科技,688169,207.92,623.76,3,机构专用,机构专用,否
2024-12-06,山西汾酒,600809,200.01,858.84,4.29,招商证券股份有限公司深圳益田路免税商务大厦证券营业部,国泰君安证券股份有限公司深圳福田中心区华融大厦证券营业部,否
2024-12-06,安集科技,688019,147.53,4425.9,30,机构专用,招商证券股份有限公司北京北三环东路证券营业部,否
2024-12-06,赛力斯,601127,138.39,207.59,1.5,华泰证券股份有限公司深圳前海证券营业部,中信建投证券股份有限公司上海闵行区顾戴路证券营业部,否
2024-12-06,龙芯中科,688047,131.5,1972.5,15,广发证券股份有限公司北京京广桥证券营业部,广发证券股份有限公司北京京广桥证券营业部,否
2024-12-06,海光信息,688041,129.81,649.05,5,华泰证券股份有限公司广州琶洲大道证券营业部,机构专用,否
2024-12-06,中国移动,600941,102,601.8,5.9,东方财富证券股份有限公司拉萨东环路第一证券营业部,中信证券股份有限公司九江长江大道证券营业部,否
2024-12-06,华宝添益,511990,100.01,10000.6,100,中信证券股份有限公司深圳滨海大道证券营业部,中信证券股份有限公司深圳滨海大道证券营业部,否
2024-12-06,短融ETF,511360,100,380,3.8,浙商证券股份有限公司上海浦东杨高南路证券营业部,浙商证券股份有限公司上海浦东杨高南路证券营业部,否
2024-12-06,澜起科技,688008,64.21,3210.5,50,高盛（中国）证券有限责任公司上海浦东新区世纪大道证券营业部,中国中金财富证券有限公司上海浦东新区世纪大道证券营业部,否
2024-12-06,伟测科技,688372,62.72,1254.4,20,机构专用,国联证券股份有限公司无锡梁清路证券营业部,否
2024-12-06,伟测科技,688372,62.72,940.8,15,方正证券股份有限公司安阳紫薇大道证券营业部,国联证券股份有限公司无锡梁清路证券营业部,否
2024-12-06,中国平安,601318,55.12,203.94,3.7,华泰证券股份有限公司总部,中信证券股份有限公司上海分公司,否
2024-12-06,日联科技,688531,49.86,498.6,10,中信证券股份有限公司总部(非营业场所),中信建投证券股份有限公司福州东街证券营业部,否
2024-12-06,热景生物,688068,47.86,239.3,5,机构专用,中国银河证券股份有限公司浙江分公司,否
2024-12-06,热景生物,688068,47.86,239.3,5,机构专用,中国银河证券股份有限公司浙江分公司,否
2024-12-06,禾川科技,688320,41,410,10,海通证券股份有限公司上海徐汇区建国西路证券营业部,海通证券股份有限公司上海徐汇区建国西路证券营业部,否
2024-12-06,南芯科技,688484,39.56,842.63,21.3,中信证券股份有限公司总部(非营业场所),机构专用,否
2024-12-06,南芯科技,688484,39.56,344.17,8.7,中信证券股份有限公司总部(非营业场所),机构专用,否
2024-12-06,中金公司,601995,36.22,543.3,15,中信证券股份有限公司深圳滨海大道证券营业部,中国国际金融股份有限公司上海分公司,否
2024-12-06,海尔生物,688139,31.44,377.28,12,中信证券股份有限公司南京洪武北路证券营业部,中信证券股份有限公司上海世博馆路证券营业部,否
2024-12-06,海尔生物,688139,31.44,377.28,12,中信证券股份有限公司南京洪武北路证券营业部,中信证券股份有限公司上海世博馆路证券营业部,否
2024-12-06,海尔生物,688139,31.44,345.84,11,中信证券股份有限公司南京洪武北路证券营业部,中信证券股份有限公司上海世博馆路证券营业部,否
2024-12-06,长江电力,600900,28.18,7890.4,280,海通证券股份有限公司杭州富春路证券营业部,海通证券股份有限公司杭州富春路证券营业部,否
2024-12-06,长江电力,600900,28.18,2254.4,80,海通证券股份有限公司杭州富春路证券营业部,海通证券股份有限公司杭州富春路证券营业部,否
2024-12-06,陕西煤业,601225,24.79,24790,1000,机构专用,机构专用,否
2024-12-06,洪田股份,603800,22.12,442.4,20,天风证券股份有限公司深圳分公司,国联证券股份有限公司南通工农路证券营业部,否
2024-12-06,概伦电子,688206,21,588,28,国泰君安证券股份有限公司深圳登良路证券营业部,申港证券股份有限公司湖北分公司,否
2024-12-06,概伦电子,688206,21,483,23,中信证券股份有限公司总部(非营业场所),光大证券股份有限公司武汉京汉大道证券营业部,否
2024-12-06,概伦电子,688206,21,252,12,机构专用,光大证券股份有限公司武汉京汉大道证券营业部,否
2024-12-06,概伦电子,688206,21,210,10,长江证券股份有限公司北京百万庄大街证券营业部,申港证券股份有限公司湖北分公司,否
2024-12-06,航天晨光,600501,19.53,466.57,23.89,中国国际金融股份有限公司北京建国门外大街证券营业部,中信建投证券股份有限公司福清福和路证券营业部,否
2024-12-06,纳微科技,688690,18.92,401.1,21.2,国泰君安证券股份有限公司深圳登良路证券营业部,中信证券股份有限公司苏州分公司,否
2024-12-06,纳微科技,688690,18.92,302.72,16,中信建投证券股份有限公司总部,中信证券股份有限公司苏州分公司,否
2024-12-06,纳微科技,688690,18.92,245.96,13,粤开证券股份有限公司深圳分公司,中信证券股份有限公司苏州分公司,否
2024-12-06,法狮龙,605318,18.5,2312.5,125,中泰证券股份有限公司潍坊昌乐新昌路证券营业部,国泰君安证券股份有限公司上海嘉定塔城路证券营业部,否
2024-12-06,法狮龙,605318,18.5,2312.5,125,国金证券股份有限公司深圳湾一号证券营业部,平安证券股份有限公司上海塔城路证券营业部,否
2024-12-06,法狮龙,605318,18.5,629,34,招商证券股份有限公司上海陆家嘴东路证券营业部,平安证券股份有限公司上海塔城路证券营业部,否
2024-12-06,法狮龙,605318,18.5,610.5,33,招商证券股份有限公司上海陆家嘴东路证券营业部,国泰君安证券股份有限公司上海嘉定塔城路证券营业部,否
2024-12-06,赤峰黄金,600988,16.81,220.21,13.1,国泰君安证券股份有限公司总部,中信证券股份有限公司上海分公司,否
2024-12-06,中国银河,601881,16.01,223.66,13.97,国泰君安证券股份有限公司总部,中信证券股份有限公司上海分公司,否
2024-12-06,均胜电子,600699,15.9,203.52,12.8,华泰证券股份有限公司总部,中信证券股份有限公司上海分公司,否
2024-12-06,索通发展,603612,13.94,1394,100,国泰君安证券股份有限公司总部,西部证券股份有限公司济南经十路证券营业部,否
2024-12-06,富佳股份,603219,13.37,307.51,23,中信建投证券股份有限公司总部,甬兴证券有限公司宁波和源路证券营业部,否
2024-12-06,富佳股份,603219,13.37,267.4,20,机构专用,中信证券股份有限公司余姚南雷路证券营业部,否
2024-12-06,富佳股份,603219,13.37,213.92,16,粤开证券股份有限公司深圳分公司,甬兴证券有限公司宁波和源路证券营业部,否
2024-12-06,富佳股份,603219,13.37,200.55,15,国泰君安证券股份有限公司总部,中信证券股份有限公司余姚南雷路证券营业部,否
2024-12-06,用友网络,600588,12.93,220.84,17.08,国泰君安证券股份有限公司总部,中信证券股份有限公司上海分公司,否
2024-12-06,梅花生物,600873,10.72,9862.4,920,第一创业证券股份有限公司廊坊建设北路证券营业部,中信建投证券股份有限公司廊坊和平路证券营业部,否
2024-12-06,南京银行,601009,10.58,220.17,20.81,国泰君安证券股份有限公司总部,中信证券股份有限公司上海分公司,否
2024-12-06,联合水务,603291,10.29,483.63,47,华泰证券股份有限公司南京文澜路证券营业部,中国国际金融股份有限公司上海分公司,否
2024-12-06,联合水务,603291,10.29,483.63,47,国都证券股份有限公司江苏分公司,中国国际金融股份有限公司上海分公司,否
2024-12-06,联合水务,603291,10.29,360.15,35,中国银河证券股份有限公司南京洪武路证券营业部,中国国际金融股份有限公司上海分公司,否
2024-12-06,联合水务,603291,10.29,349.86,34,中国国际金融股份有限公司上海分公司,中国国际金融股份有限公司上海分公司,否
2024-12-06,联合水务,603291,10.29,329.28,32,中信证券股份有限公司苏州分公司,中国国际金融股份有限公司上海分公司,否
2024-12-06,联合水务,603291,10.29,246.96,24,中国中金财富证券有限公司深圳分公司,中国国际金融股份有限公司上海分公司,否
2024-12-06,联合水务,603291,10.29,246.96,24,中国银河证券股份有限公司金华证券营业部,中国国际金融股份有限公司上海分公司,否
2024-12-06,联合水务,603291,10.29,236.67,23,华泰证券股份有限公司南京分公司,中国国际金融股份有限公司上海分公司,否
2024-12-06,万盛股份,603010,9.3,1050.9,113,国元证券股份有限公司台州世纪大道证券营业部,浙商证券股份有限公司临海崇和路证券营业部,否
2024-12-06,重庆银行,601963,9.18,1499.92,163.39,国泰君安证券股份有限公司重庆中山三路证券营业部,国泰君安证券股份有限公司重庆中山三路证券营业部,否
2024-12-06,山东高速,508007,7.57,969.47,128,广发证券股份有限公司广州马场路广发证券大厦证券营业部,中信证券股份有限公司总部(非营业场所),否
2024-12-06,山东高速,508007,7.57,969.22,128,中信证券股份有限公司总部(非营业场所),首创证券股份有限公司公司总部,否
2024-12-06,科美诊断,688468,7.46,373,50,机构专用,中信证券股份有限公司北京紫竹院路证券营业部,否
2024-12-06,内蒙华电,600863,4.38,202.79,46.3,华泰证券股份有限公司总部,中信证券股份有限公司上海分公司,否
2024-12-06,大名城,600094,4.03,203.11,50.4,华泰证券股份有限公司总部,中信证券股份有限公司上海分公司,否
2024-12-06,民生银行,600016,3.77,71322.34,18918.39,光大证券股份有限公司上海世纪大道证券营业部,民生证券股份有限公司北京第一分公司,否
2024-12-06,百川能源,600681,3.54,354,100,机构专用,华泰证券股份有限公司上海分公司,否
2024-12-06,百川能源,600681,3.54,354,100,机构专用,华泰证券股份有限公司上海分公司,否
2024-12-06,全筑股份,603030,3,180,60,中国中金财富证券有限公司宁波狮子街证券营业部,方正证券股份有限公司杭州滨江通和路证券营业部,否
2024-12-06,中远海发,601866,2.76,203.14,73.6,华泰证券股份有限公司总部,中信证券股份有限公司上海分公司,否
2024-12-06,浙商银行,601916,2.63,131.5,50,国泰君安证券股份有限公司武汉紫阳东路证券营业部,招商证券股份有限公司深圳南山南油大道证券营业部,否
2024-12-06,科创芯片,588200,1.48,219.06,148.01,中国中金财富证券有限公司福州五四路证券营业部,中国中金财富证券有限公司福州五四路证券营业部,否
2024-12-06,酒ETF,512690,0.64,256,400,中信证券股份有限公司大连分公司,中国中金财富证券有限公司福州五四路证券营业部,否
2024-12-06,军工龙头,512710,0.64,192,300,中国国际金融股份有限公司北京建国门外大街证券营业部,中国中金财富证券有限公司福州五四路证券营业部,否
2024-12-06,医药ETF,512010,0.38,152.8,400,华泰证券股份有限公司苏州干将西路证券营业部,国信证券股份有限公司北京分公司,否
2024-12-05,贵州茅台,600519,1511,5394.27,3.57,中国中金财富证券有限公司深圳分公司,中国中金财富证券有限公司深圳分公司,否
2024-12-05,贵州茅台,600519,1511,2822.55,1.87,中国中金财富证券有限公司深圳分公司,中国中金财富证券有限公司深圳分公司,否
2024-12-05,赛力斯,601127,139.98,363.07,2.59,招商证券股份有限公司深圳益田路免税商务大厦证券营业部,中信建投证券股份有限公司上海闵行区顾戴路证券营业部,否
2024-12-05,赛力斯,601127,139.98,291.44,2.08,国泰君安证券股份有限公司西安东关正街证券营业部,中信建投证券股份有限公司上海闵行区顾戴路证券营业部,否
2024-12-05,赛力斯,601127,139.98,209.97,1.5,华泰证券股份有限公司深圳前海证券营业部,中信建投证券股份有限公司上海闵行区顾戴路证券营业部,否
2024-12-05,海天味业,603288,46.18,1589.52,34.42,中信证券华南股份有限公司广州广州大道中证券营业部,中信证券华南股份有限公司佛山分公司,否
2024-12-05,热景生物,688068,43.67,436.7,10,机构专用,中国银河证券股份有限公司浙江分公司,否
2024-12-05,南芯科技,688484,38.67,1546.8,40,机构专用,海通证券股份有限公司上海静安区北京西路证券营业部,否
2024-12-05,南芯科技,688484,38.63,822.82,21.3,中信证券股份有限公司总部(非营业场所),机构专用,否
2024-12-05,南芯科技,688484,38.63,336.08,8.7,中信证券股份有限公司总部(非营业场所),机构专用,否
2024-12-05,菱电电控,688667,33.21,2225.07,67,国泰君安证券股份有限公司北京知春路证券营业部,方正证券股份有限公司驻马店置地大道证券营业部,否
2024-12-05,埃夫特,688165,31.22,836.07,26.78,机构专用,国元证券股份有限公司合肥天达路证券营业部,否
2024-12-05,宝兰德,688058,27.4,4255.22,155.3,长江证券股份有限公司北京新源里证券营业部,中信证券股份有限公司北京金融大街证券营业部,否
2024-12-05,光格科技,688450,25.14,629.51,25.04,方正证券股份有限公司总部,华泰证券股份有限公司北京雍和宫证券营业部,否
2024-12-05,沃尔德,688028,25.04,2504,100,中信证券股份有限公司总部(非营业场所),平安证券股份有限公司深圳龙华人民路证券营业部,否
2024-12-05,悦安新材,688786,21.15,211.5,10,中信证券股份有限公司北京北苑证券营业部,长城证券股份有限公司青岛台东一路证券营业部,否
2024-12-05,悦安新材,688786,21.15,211.5,10,机构专用,东兴证券股份有限公司南昌赣江中大道证券营业部,否
2024-12-05,富吉瑞,688272,18.91,247.12,13.07,机构专用,国信证券股份有限公司上海分公司,否
2024-12-05,深圳新星,603978,17,2099.84,123.52,申万宏源证券有限公司温州车站大道证券营业部,海通证券股份有限公司深圳海德三道证券营业部,否
2024-12-05,时空科技,605178,16.76,595.99,35.56,财通证券股份有限公司上海漕溪路证券营业部,国金证券股份有限公司上海浦东新区云鹃北路证券营业部,否
2024-12-05,上海汽配,603107,15.45,247.2,16,中泰证券股份有限公司客户资产管理部,兴业证券股份有限公司上海自由贸易试验区分公司,否
2024-12-05,东航物流,601156,14.5,2753.55,189.9,机构专用,中国国际金融股份有限公司上海分公司,否
2024-12-05,东航物流,601156,14.5,575.65,39.7,机构专用,中国国际金融股份有限公司上海分公司,否
2024-12-05,东航物流,601156,14.5,288.55,19.9,机构专用,中国国际金融股份有限公司上海分公司,否
2024-12-05,东航物流,601156,14.5,269.7,18.6,机构专用,中国国际金融股份有限公司上海分公司,否
2024-12-05,东航物流,601156,14.5,216.05,14.9,机构专用,中国国际金融股份有限公司上海分公司,否
2024-12-05,康希通信,688653,14.02,420.6,30,机构专用,广发证券股份有限公司杭州富春路证券营业部,否
2024-12-05,富佳股份,603219,13.13,300.02,22.85,中信证券股份有限公司徐州建国西路证券营业部,甬兴证券有限公司宁波和源路证券营业部,否
2024-12-05,富佳股份,603219,13.13,262.6,20,机构专用,甬兴证券有限公司宁波和源路证券营业部,否
2024-12-05,凌志软件,688588,12.76,1020.8,80,机构专用,天风证券股份有限公司上海第二分公司,否
2024-12-05,山大地纬,688579,11.07,2214,200,机构专用,中国国际金融股份有限公司北京建国门外大街证券营业部,否
2024-12-05,万盛股份,603010,9.3,1720.5,185,国元证券股份有限公司台州世纪大道证券营业部,浙商证券股份有限公司临海崇和路证券营业部,否
2024-12-05,广钢气体,688548,9.3,232.5,25,机构专用,申港证券股份有限公司湖北分公司,否
2024-12-05,汇成股份,688403,9.28,417.6,45,海通证券股份有限公司合肥黄山路证券营业部,海通证券股份有限公司合肥黄山路证券营业部,否
2024-12-05,重庆银行,601963,9.2,1399.96,152.17,国泰君安证券股份有限公司重庆中山三路证券营业部,国泰君安证券股份有限公司重庆中山三路证券营业部,否
2024-12-05,恒顺醋业,600305,8.23,2073.96,252,招商证券股份有限公司深圳招商证券大厦证券营业部,中国国际金融股份有限公司北京建国门外大街证券营业部,否
2024-12-05,恒顺醋业,600305,8.23,395.04,48,招商证券股份有限公司深圳招商证券大厦证券营业部,中国国际金融股份有限公司北京建国门外大街证券营业部,否
2024-12-05,山东高速,508007,7.57,968.7,128,首创证券股份有限公司公司总部,机构专用,否
2024-12-05,新黄浦,600638,5.7,6840,1200,中泰证券股份有限公司上海周家嘴路证券营业部,兴业证券股份有限公司福州横屿路东泰禾证券营业部,否
2024-12-05,盟科药业,688373,5.03,201.2,40,机构专用,华泰证券股份有限公司北京分公司,否
2024-12-05,盟科药业,688373,5.03,150.9,30,光大证券股份有限公司深圳海德三道证券营业部,华泰证券股份有限公司北京分公司,否
2024-12-05,盟科药业,688373,5.03,150.9,30,兴业证券股份有限公司北京望京西路证券营业部,华泰证券股份有限公司北京分公司,否
2024-12-05,中交REIT,508018,4.9,1960.4,400,广发证券股份有限公司总部,中信证券股份有限公司总部(非营业场所),否
2024-12-05,国中水务,600187,4.01,280.7,70,方正证券股份有限公司长沙芙蓉中路证券营业部,招商证券股份有限公司北京建国路证券营业部,否
2024-12-05,百川能源,600681,3.49,349,100,机构专用,华泰证券股份有限公司上海分公司,否
2024-12-05,普洛斯,508056,3.27,5000.04,1530,机构专用,华金证券股份有限公司客户资产管理部,否
2024-12-05,ST百利,603959,3.16,126.4,40,东海证券股份有限公司威海东海路证券营业部,国信证券股份有限公司烟台环山路证券营业部,否
2024-12-05,香港证券,513090,1.55,3100,2000,华宝证券股份有限公司上海东大名路证券营业部,瑞银证券有限责任公司上海花园石桥路证券营业部,否
2024-12-05,科创芯片,588200,1.46,350,239.73,中国中金财富证券有限公司福州五四路证券营业部,中国中金财富证券有限公司福州五四路证券营业部,否
2024-12-05,恒生互联,513330,0.42,8480,20000,华宝证券股份有限公司上海东大名路证券营业部,瑞银证券有限责任公司上海花园石桥路证券营业部,否
2024-12-05,医药ETF,512010,0.37,149.2,400,国信证券股份有限公司北京分公司,兴业证券股份有限公司福州鳌峰路证券营业部,否
2024-12-04,贵州茅台,600519,1520,5396,3.55,国泰君安证券股份有限公司深圳海岸城海德三道证券营业部,中国中金财富证券有限公司深圳分公司,否
2024-12-04,赛力斯,601127,136.8,342,2.5,国泰君安证券股份有限公司西安东关正街证券营业部,中信建投证券股份有限公司上海闵行区顾戴路证券营业部,否
2024-12-04,赛力斯,601127,136.8,205.2,1.5,华泰证券股份有限公司深圳前海证券营业部,中信建投证券股份有限公司上海闵行区顾戴路证券营业部,否
2024-12-04,逸飞激光,688646,28.88,548.72,19,中信证券股份有限公司南京双龙大道证券营业部,广发证券股份有限公司杭州学院路证券营业部,否
2024-12-04,逸飞激光,688646,28.88,548.72,19,中信证券股份有限公司南京洪武北路证券营业部,广发证券股份有限公司杭州学院路证券营业部,否
2024-12-04,逸飞激光,688646,28.88,548.72,19,华泰证券股份有限公司南京文澜路证券营业部,广发证券股份有限公司杭州学院路证券营业部,否
2024-12-04,逸飞激光,688646,28.88,338.36,11.72,中信证券股份有限公司南京双龙大道证券营业部,广发证券股份有限公司杭州学院路证券营业部,否
2024-12-04,富吉瑞,688272,17.83,267.45,15,机构专用,国信证券股份有限公司上海分公司,否
2024-12-04,艾迪精密,603638,17.2,860,50,中信证券股份有限公司上海分公司,长江证券股份有限公司济南经十路证券营业部,否
2024-12-04,艾迪精密,603638,17.2,860,50,国泰君安证券股份有限公司总部,长江证券股份有限公司济南经十路证券营业部,否
2024-12-04,东航物流,601156,14.56,4368,300,机构专用,中国国际金融股份有限公司上海分公司,否
2024-12-04,东航物流,601156,14.56,626.08,43,机构专用,中国国际金融股份有限公司上海分公司,否
2024-12-04,东航物流,601156,14.56,291.2,20,机构专用,中国国际金融股份有限公司上海分公司,否
2024-12-04,索通发展,603612,13.45,1345,100,国泰君安证券股份有限公司总部,西部证券股份有限公司济南经十路证券营业部,否
2024-12-04,富佳股份,603219,13.03,260.6,20,万联证券股份有限公司深圳分公司,甬兴证券有限公司宁波和源路证券营业部,否
2024-12-04,格灵深瞳,688207,12.9,779.5,60.43,中信证券股份有限公司杭州延安路证券营业部,中国国际金融股份有限公司上海分公司,否
2024-12-04,欧林生物,688319,10.01,930.93,93,华安证券股份有限公司重庆分公司,中信建投证券股份有限公司重庆江北嘴证券营业部,否
2024-12-04,万盛股份,603010,9.5,1776.5,187,国元证券股份有限公司台州世纪大道证券营业部,浙商证券股份有限公司临海崇和路证券营业部,否
2024-12-04,广钢气体,688548,9.27,370.8,40,机构专用,申港证券股份有限公司湖北分公司,否
2024-12-04,广钢气体,688548,9.27,278.1,30,机构专用,申港证券股份有限公司湖北分公司,否
2024-12-04,广钢气体,688548,9.27,278.1,30,机构专用,申港证券股份有限公司湖北分公司,否
2024-12-04,卓锦股份,688701,6.6,270.66,41.01,机构专用,海通证券股份有限公司杭州金华南路证券营业部,否
2024-12-04,中国电建,601669,5.5,500.5,91,平安证券股份有限公司深圳金田路证券营业部,中国国际金融股份有限公司北京建国门外大街证券营业部,否
2024-12-04,物产中大,600704,5.43,2986.5,550,华宝证券股份有限公司上海大连路证券营业部,中国银河证券股份有限公司马鞍山湖东中路证券营业部,否
2024-12-04,盟科药业,688373,5.03,150.9,30,华泰证券股份有限公司北京雍和宫证券营业部,华泰证券股份有限公司北京分公司,否
2024-12-04,中交REIT,508018,4.9,1960,400,中信证券股份有限公司总部(非营业场所),国信证券股份有限公司公司总部,否
2024-12-04,中交REIT,508018,4.9,245.05,50,机构专用,华泰证券股份有限公司成都蜀金路证券营业部,否
2024-12-04,300ETF,510300,4.42,565.76,128,华泰证券股份有限公司郑州经三路证券营业部,申万宏源证券有限公司郑州花园路证券营业部,否
2024-12-04,民生银行,600016,3.76,75200,20000,光大证券股份有限公司上海世纪大道证券营业部,民生证券股份有限公司北京第一分公司,否
2024-12-04,民生银行,600016,3.76,34249.61,9108.94,光大证券股份有限公司上海世纪大道证券营业部,民生证券股份有限公司北京第一分公司,否
2024-12-04,百川能源,600681,3.47,347,100,机构专用,华泰证券股份有限公司上海分公司,否
2024-12-04,百川能源,600681,3.47,173.5,50,机构专用,华泰证券股份有限公司上海分公司,否
2024-12-04,银行ETF,512800,1.41,5068.8,3600,东方财富证券股份有限公司证券投资部,中信证券股份有限公司总部(非营业场所),否
2024-12-04,证券ETF,512880,1.21,1499.29,1235,国联证券股份有限公司总部,中信证券股份有限公司总部(非营业场所),否
2024-12-04,酒ETF,512690,0.63,277.64,440,浙商证券股份有限公司上海第一分公司,国投证券股份有限公司总部,否
2024-12-03,贵州茅台,600519,1526.74,4137.47,2.71,国泰君安证券股份有限公司深圳福田中心区华融大厦证券营业部,国泰君安证券股份有限公司深圳海岸城海德三道证券营业部,否
2024-12-03,贵州茅台,600519,1526.74,3664.18,2.4,海通证券股份有限公司上海黄浦区中山南路证券营业部,华泰证券股份有限公司总部,否
2024-12-03,贵州茅台,600519,1526.74,1267.19,0.83,招商证券股份有限公司深圳益田路免税商务大厦证券营业部,国泰君安证券股份有限公司深圳海岸城海德三道证券营业部,否
2024-12-03,赛力斯,601127,135.7,339.25,2.5,国泰君安证券股份有限公司西安东关正街证券营业部,中信建投证券股份有限公司上海闵行区顾戴路证券营业部,否
2024-12-03,赛力斯,601127,135.7,203.55,1.5,华泰证券股份有限公司深圳前海证券营业部,中信建投证券股份有限公司上海闵行区顾戴路证券营业部,否
2024-12-03,伟测科技,688372,63.11,1262.2,20,机构专用,国联证券股份有限公司无锡梁清路证券营业部,否
2024-12-03,伟测科技,688372,63.11,946.65,15,方正证券股份有限公司安阳紫薇大道证券营业部,国联证券股份有限公司无锡梁清路证券营业部,否
2024-12-03,禾信仪器,688622,54.66,2185.31,39.98,机构专用,中山证券有限责任公司厦门湖滨南路证券营业部,否
2024-12-03,京仪装备,688652,49.1,343.7,7,中国中金财富证券有限公司深圳分公司,中信建投证券股份有限公司北京虎坊路证券营业部,否
2024-12-03,华特气体,688268,48.46,1453.8,30,机构专用,金圆统一证券有限公司厦门分公司,否
2024-12-03,华特气体,688268,48.46,1453.8,30,机构专用,金圆统一证券有限公司厦门分公司,否
2024-12-03,华特气体,688268,48.46,668.75,13.8,机构专用,金圆统一证券有限公司厦门分公司,否
2024-12-03,华特气体,688268,48.46,484.6,10,机构专用,金圆统一证券有限公司厦门分公司,否
2024-12-03,华特气体,688268,48.46,263.86,5.45,机构专用,金圆统一证券有限公司厦门分公司,否
2024-12-03,华特气体,688268,48.46,255.87,5.28,粤开证券股份有限公司深圳分公司,金圆统一证券有限公司厦门分公司,否
2024-12-03,华特气体,688268,48.46,242.3,5,机构专用,金圆统一证券有限公司厦门分公司,否
2024-12-03,华特气体,688268,48.46,203.53,4.2,光大证券股份有限公司深圳海德三道证券营业部,金圆统一证券有限公司厦门分公司,否
2024-12-03,华特气体,688268,48.46,203.53,4.2,华宝证券股份有限公司上海东大名路证券营业部,金圆统一证券有限公司厦门分公司,否
2024-12-03,华特气体,688268,48.46,203.53,4.2,国信证券股份有限公司深圳泰然九路证券营业部,金圆统一证券有限公司厦门分公司,否
2024-12-03,长白山,603099,43.26,203.32,4.7,华泰证券股份有限公司总部,中信证券股份有限公司上海分公司,否
2024-12-03,禾川科技,688320,42,420,10,海通证券股份有限公司上海徐汇区建国西路证券营业部,海通证券股份有限公司上海徐汇区建国西路证券营业部,否
2024-12-03,禾川科技,688320,41.92,1257.6,30,机构专用,中信证券股份有限公司上海红宝石路证券营业部,否
2024-12-03,南芯科技,688484,37.52,1065.57,28.4,中信证券股份有限公司总部(非营业场所),机构专用,否
2024-12-03,南芯科技,688484,37.52,435.23,11.6,中信证券股份有限公司总部(非营业场所),机构专用,否
2024-12-03,震有科技,688418,36,810,22.5,华源证券股份有限公司武汉分公司,东北证券股份有限公司杭州市心北路证券营业部,否
2024-12-03,沐邦高科,603398,28.4,400.16,14.09,长江证券股份有限公司郑州金水路证券营业部,兴业证券股份有限公司上海锦康路证券营业部,否
2024-12-03,爱科科技,688092,23.19,579.75,25,招商证券股份有限公司上海浦东新区浦东南路证券营业部,东吴证券股份有限公司浙江分公司,否
2024-12-03,金鸿顺,603922,20.85,1999.93,95.92,开源证券股份有限公司河北分公司,东北证券股份有限公司杭州教工路证券营业部,否
2024-12-03,长阳科技,688299,18.55,445.2,24,南京证券股份有限公司南京柳洲南路证券营业部,海通证券股份有限公司上海徐汇区建国西路证券营业部,否
2024-12-03,富吉瑞,688272,18.23,273.45,15,机构专用,国信证券股份有限公司上海分公司,否
2024-12-03,中远海控,601919,14.24,203.63,14.3,华泰证券股份有限公司总部,中信证券股份有限公司上海分公司,否
2024-12-03,山外山,688410,13.06,1306,100,中信证券股份有限公司总部(非营业场所),信达证券股份有限公司四川分公司,否
2024-12-03,山外山,688410,13.06,1306,100,方正证券股份有限公司总部,信达证券股份有限公司四川分公司,否
2024-12-03,大丰实业,603081,12,876,73,华源证券股份有限公司武汉分公司,东北证券股份有限公司杭州市心北路证券营业部,否
2024-12-03,山大地纬,688579,11.01,2202.22,200.02,机构专用,中国国际金融股份有限公司北京建国门外大街证券营业部,否
2024-12-03,浙江龙盛,600352,10.16,203.2,20,华泰证券股份有限公司总部,中信证券股份有限公司上海分公司,否
2024-12-03,广钢气体,688548,9.3,279,30,中信证券股份有限公司深圳深南中路中信大厦证券营业部,申港证券股份有限公司湖北分公司,否
2024-12-03,广钢气体,688548,9.3,200.04,21.51,国泰君安证券股份有限公司总部,申港证券股份有限公司湖北分公司,否
2024-12-03,广钢气体,688548,9.2,690,75,中信证券股份有限公司徐州建国西路证券营业部,申港证券股份有限公司湖北分公司,否
2024-12-03,广钢气体,688548,9.2,368,40,机构专用,申港证券股份有限公司湖北分公司,否
2024-12-03,广钢气体,688548,9.2,276,30,机构专用,申港证券股份有限公司湖北分公司,否
2024-12-03,广钢气体,688548,9.2,230,25,国泰君安证券股份有限公司深圳前海分公司,申港证券股份有限公司湖北分公司,否
2024-12-03,广钢气体,688548,9.2,230,25,机构专用,申港证券股份有限公司湖北分公司,否
2024-12-03,广钢气体,688548,9.2,230,25,机构专用,申港证券股份有限公司湖北分公司,否
2024-12-03,汇嘉时代,603101,7.27,1381.3,190,海通证券股份有限公司上海闵行区苏虹路证券营业部,开源证券股份有限公司深圳第一分公司,否
2024-12-03,厦门国贸,600755,6.97,202.83,29.1,华泰证券股份有限公司总部,中信证券股份有限公司上海分公司,否
2024-12-03,京沪高铁,601816,6.21,203.07,32.7,华泰证券股份有限公司总部,中信证券股份有限公司上海分公司,否
2024-12-03,中国联通,600050,5.17,203.18,39.3,华泰证券股份有限公司总部,中信证券股份有限公司上海分公司,否
2024-12-03,盟科药业,688373,5.03,150.9,30,东方财富证券股份有限公司拉萨东环路第二证券营业部,华泰证券股份有限公司北京分公司,否
2024-12-03,中交REIT,508018,4.9,1959.6,400,国信证券股份有限公司公司总部,广发证券股份有限公司总部,否
2024-12-03,龙元建设,600491,3.73,1790.4,480,光大证券股份有限公司东莞南城鸿福路证券营业部,兴业证券股份有限公司宜兴解放东路证券营业部,否
2024-12-03,东吴苏园,508027,3.27,2288.3,700,中信证券股份有限公司客户资产管理部,华泰证券股份有限公司成都蜀金路证券营业部,否
2024-12-03,东吴苏园,508027,3.27,1061.44,324.7,中信证券股份有限公司客户资产管理部,华泰证券股份有限公司成都蜀金路证券营业部,否
2024-12-03,浙商银行,601916,2.94,202.86,69,华泰证券股份有限公司总部,中信证券股份有限公司上海分公司,否
2024-12-03,马钢股份,600808,2.65,1325,500,申万宏源证券有限公司上海杨浦区平凉路证券营业部,申万宏源证券有限公司证券投资总部,否
2024-12-03,券商ETF,512000,1.18,235,200,国新证券股份有限公司福州五一路证券营业部,兴业证券股份有限公司上海锦康路证券营业部,否
2024-12-03,光伏ETF,515790,0.85,425,500,中国国际金融股份有限公司北京建国门外大街证券营业部,中国中金财富证券有限公司福州五四路证券营业部,否
2024-12-03,医药ETF,512010,0.38,202.39,534,华泰证券股份有限公司苏州干将西路证券营业部,中国国际金融股份有限公司北京建国门外大街证券营业部,否
2024-12-03,医疗ETF,512170,0.35,810.25,2335,国信证券股份有限公司深圳泰然九路证券营业部,中国国际金融股份有限公司北京建国门外大街证券营业部,否
2024-12-03,医疗ETF,512170,0.35,347,1000,华泰证券股份有限公司苏州干将西路证券营业部,兴业证券股份有限公司上海锦康路证券营业部,否
2024-12-02,贵州茅台,600519,1525,3660,2.4,华泰证券股份有限公司总部,海通证券股份有限公司上海黄浦区中山南路证券营业部,否
2024-12-02,贵州茅台,600519,1525,3294,2.16,华泰证券股份有限公司深圳益田路荣超商务中心证券营业部,国泰君安证券股份有限公司深圳福田中心区华融大厦证券营业部,否
2024-12-02,贵州茅台,600519,1525,836.77,0.55,招商证券股份有限公司深圳益田路免税商务大厦证券营业部,国泰君安证券股份有限公司深圳福田中心区华融大厦证券营业部,否
2024-12-02,石头科技,688169,204.71,3999.83,19.54,国新证券股份有限公司上海浦东新区银城中路证券营业部,机构专用,否
2024-12-02,石头科技,688169,204.71,818.84,4,中信证券股份有限公司总部(非营业场所),机构专用,否
2024-12-02,赛力斯,601127,133.75,334.38,2.5,国泰君安证券股份有限公司西安东关正街证券营业部,中信建投证券股份有限公司上海闵行区顾戴路证券营业部,否
2024-12-02,赛力斯,601127,133.75,200.63,1.5,华泰证券股份有限公司深圳前海证券营业部,中信建投证券股份有限公司上海闵行区顾戴路证券营业部,否
2024-12-02,舍得酒业,600702,85.97,9299.37,108.17,中信证券股份有限公司吉林省分公司,中信证券股份有限公司吉林省分公司,否
2024-12-02,禾信仪器,688622,55.98,2239.2,40,机构专用,中山证券有限责任公司厦门湖滨南路证券营业部,否
2024-12-02,艾力斯,688578,54.07,8110.5,150,摩根大通证券（中国）有限公司上海银城中路证券营业部,中信证券股份有限公司上海分公司,否
2024-12-02,芯动联科,688582,49.99,249.95,5,东兴证券股份有限公司成都都江堰市迎宾路证券营业部,海通证券股份有限公司上海黄浦区合肥路证券营业部,否
2024-12-02,天准科技,688003,48.9,2439.7,49.89,中国国际金融股份有限公司北京建国门外大街证券营业部,中国中金财富证券有限公司广州分公司,否
2024-12-02,华特气体,688268,48.55,1165.2,24,机构专用,金圆统一证券有限公司厦门分公司,否
2024-12-02,华特气体,688268,48.55,1165.2,24,机构专用,金圆统一证券有限公司厦门分公司,否
2024-12-02,华特气体,688268,48.55,825.35,17,机构专用,金圆统一证券有限公司厦门分公司,否
2024-12-02,华特气体,688268,48.55,582.6,12,中信证券股份有限公司上海分公司,金圆统一证券有限公司厦门分公司,否
2024-12-02,华特气体,688268,48.55,388.4,8,机构专用,金圆统一证券有限公司厦门分公司,否
2024-12-02,华特气体,688268,48.55,203.91,4.2,机构专用,金圆统一证券有限公司厦门分公司,否
2024-12-02,华特气体,688268,48.55,200.27,4.13,中信证券股份有限公司徐州建国西路证券营业部,金圆统一证券有限公司厦门分公司,否
2024-12-02,海天味业,603288,47.05,1454.79,30.92,中信证券华南股份有限公司广州广州大道中证券营业部,中信证券华南股份有限公司佛山分公司,否
2024-12-02,禾川科技,688320,40.92,1227.6,30,机构专用,中信证券股份有限公司上海红宝石路证券营业部,否
2024-12-02,南芯科技,688484,38.88,1384.13,35.6,中信证券股份有限公司总部(非营业场所),机构专用,否
2024-12-02,南芯科技,688484,38.88,559.87,14.4,中信证券股份有限公司总部(非营业场所),机构专用,否
2024-12-02,招商银行,600036,36.51,3636.4,99.6,华泰证券股份有限公司总部,国泰君安证券股份有限公司总部,否
2024-12-02,南芯科技,688484,36.13,596.15,16.5,中信证券股份有限公司总部(非营业场所),中国中金财富证券有限公司深圳分公司,否
2024-12-02,南芯科技,688484,36.13,498.59,13.8,中信证券股份有限公司徐州建国西路证券营业部,中国中金财富证券有限公司深圳分公司,否
2024-12-02,恒烁股份,688416,34.97,979.16,28,华泰证券股份有限公司南京长江路证券营业部,华泰证券股份有限公司合肥习友路证券营业部,否
2024-12-02,海尔生物,688139,31.3,200.32,6.4,光大证券股份有限公司深圳海德三道证券营业部,中信证券股份有限公司上海世博馆路证券营业部,否
2024-12-02,康拓医疗,688314,26.04,416.64,16,国都证券股份有限公司江苏分公司,华泰证券股份有限公司南京中山东路华泰证券大厦证券营业部,否
2024-12-02,康拓医疗,688314,26.04,390.6,15,中信证券股份有限公司南京双龙大道证券营业部,华泰证券股份有限公司南京中山东路华泰证券大厦证券营业部,否
2024-12-02,康拓医疗,688314,26.04,364.56,14,申万宏源西部证券有限公司乌鲁木齐北京路证券营业部,华泰证券股份有限公司南京中山东路华泰证券大厦证券营业部,否
2024-12-02,恒为科技,603496,22.79,1998.68,87.7,长城证券股份有限公司贵阳数博大道证券营业部,长城证券股份有限公司杭州南大街证券营业部,否
2024-12-02,洪田股份,603800,21.26,212.6,10,兴业证券股份有限公司厦门湖里大道证券营业部,国联证券股份有限公司南通工农路证券营业部,否
2024-12-02,上汽集团,600104,18.81,7524,400,机构专用,国泰君安证券股份有限公司上海松涛路证券营业部,否
2024-12-02,上汽集团,600104,18.81,7524,400,机构专用,国泰君安证券股份有限公司上海松涛路证券营业部,否
2024-12-02,富吉瑞,688272,18.52,277.8,15,机构专用,国信证券股份有限公司上海分公司,否
2024-12-02,东航物流,601156,14.88,1190.4,80,摩根大通证券（中国）有限公司上海银城中路证券营业部,中国国际金融股份有限公司上海分公司,否
2024-12-02,东航物流,601156,14.88,208.32,14,长江证券股份有限公司上海福州路证券营业部,中国国际金融股份有限公司上海分公司,否
2024-12-02,晋控煤业,601001,14.2,426,30,中国国际金融股份有限公司北京建国门外大街证券营业部,中国国际金融股份有限公司北京建国门外大街证券营业部,否
2024-12-02,旭升集团,603305,13.08,9156,700,摩根大通证券（中国）有限公司上海银城中路证券营业部,光大证券股份有限公司宁波北仑新碶证券营业部,否
2024-12-02,格灵深瞳,688207,12.9,1793.1,139,中信证券股份有限公司杭州延安路证券营业部,中国国际金融股份有限公司上海分公司,否
2024-12-02,康希通信,688653,11.42,1750.18,153.26,渤海证券股份有限公司郑州金水东路证券营业部,上海证券有限责任公司浦东新区商城路证券营业部,否
2024-12-02,新世界,600628,11,11000,1000,国投证券股份有限公司上海碧云路证券营业部,机构专用,否
2024-12-02,新世界,600628,11,1980,180,中信建投证券股份有限公司深圳香梅路证券营业部,机构专用,否
2024-12-02,新世界,600628,11,1573.88,143.08,中泰证券股份有限公司上海南京西路证券营业部,机构专用,否
2024-12-02,联合水务,603291,10.2,999.6,98,中信证券股份有限公司南京双龙大道证券营业部,中国国际金融股份有限公司上海分公司,否
2024-12-02,联合水务,603291,10.2,489.6,48,中信证券股份有限公司南京洪武北路证券营业部,中国国际金融股份有限公司上海分公司,否
2024-12-02,联合水务,603291,10.2,489.6,48,广发证券股份有限公司佛山灯湖东路证券营业部,中国国际金融股份有限公司上海分公司,否
2024-12-02,联合水务,603291,10.2,489.6,48,广发证券股份有限公司南京水佑岗证券营业部,中国国际金融股份有限公司上海分公司,否
2024-12-02,联合水务,603291,10.2,489.6,48,招商证券股份有限公司西安北大街证券营业部,中国国际金融股份有限公司上海分公司,否
2024-12-02,联合水务,603291,10.2,357,35,中信证券股份有限公司南京双龙大道证券营业部,中国国际金融股份有限公司上海分公司,否
2024-12-02,联合水务,603291,10.2,357,35,中国中金财富证券有限公司深圳分公司,中国国际金融股份有限公司上海分公司,否
2024-12-02,联合水务,603291,10.2,357,35,中国银河证券股份有限公司金华证券营业部,中国国际金融股份有限公司上海分公司,否
2024-12-02,联合水务,603291,10.2,357,35,国泰君安证券股份有限公司深圳红荔西路证券营业部,中国国际金融股份有限公司上海分公司,否
2024-12-02,联合水务,603291,10.2,357,35,国都证券股份有限公司江苏分公司,中国国际金融股份有限公司上海分公司,否
2024-12-02,联合水务,603291,10.2,357,35,浙商证券股份有限公司金华分公司,中国国际金融股份有限公司上海分公司,否
2024-12-02,联合水务,603291,10.2,306,30,中信证券股份有限公司总部(非营业场所),中国国际金融股份有限公司上海分公司,否
2024-12-02,联合水务,603291,10.2,306,30,机构专用,中国国际金融股份有限公司上海分公司,否
2024-12-02,联合水务,603291,10.2,204,20,民生证券股份有限公司苏州分公司,中国国际金融股份有限公司上海分公司,否
2024-12-02,广汽集团,601238,9.72,272.16,28,中信建投证券股份有限公司福清福和路证券营业部,中国国际金融股份有限公司北京建国门外大街证券营业部,否
2024-12-02,东阳光,600673,7.47,1432.97,191.83,金元证券股份有限公司常州劳动西路证券营业部,长城证券股份有限公司杭州南大街证券营业部,否
2024-12-02,汇嘉时代,603101,7.27,2035.6,280,浙商证券股份有限公司上海第一分公司,开源证券股份有限公司深圳第一分公司,否
2024-12-02,银龙股份,603969,6,780,130,海通证券股份有限公司北京工人体育场北路证券营业部,中国银河证券股份有限公司武汉新华路证券营业部,否
2024-12-02,新黄浦,600638,5.45,5995,1100,长城证券股份有限公司厦门湖滨南路证券营业部,兴业证券股份有限公司福州横屿路东泰禾证券营业部,否
2024-12-02,友发集团,601686,5.08,2540,500,中信证券股份有限公司天津迎水道证券营业部,宏信证券有限责任公司青岛香港东路证券营业部,否
2024-12-02,盟科药业,688373,5.03,201.2,40,长江证券股份有限公司北京百万庄大街证券营业部,华泰证券股份有限公司北京分公司,否
2024-12-02,盟科药业,688373,5.03,150.9,30,东方财富证券股份有限公司拉萨团结路第一证券营业部,华泰证券股份有限公司北京分公司,否
2024-12-02,盟科药业,688373,5.03,150.9,30,兴业证券股份有限公司福州五四路证券营业部,华泰证券股份有限公司北京分公司,否
2024-12-02,君正集团,601216,4.3,2171.5,505,华泰证券股份有限公司南京郑和中路证券营业部,华泰证券股份有限公司南京郑和中路证券营业部,否
2024-12-02,龙元建设,600491,3.73,820.6,220,光大证券股份有限公司东莞南城鸿福路证券营业部,兴业证券股份有限公司宜兴解放东路证券营业部,否
2024-12-02,龙元建设,600491,3.73,671.4,180,长城证券股份有限公司深圳分公司,兴业证券股份有限公司宜兴解放东路证券营业部,否
2024-12-02,百川能源,600681,3.67,550.5,150,国海证券股份有限公司山东分公司,华泰证券股份有限公司上海分公司,否
2024-12-02,和辉光电,688538,2.49,3693.24,1483.23,中信证券股份有限公司总部(非营业场所),海通证券股份有限公司上海静安区北京西路证券营业部,否
2024-12-02,和辉光电,688538,2.49,2490,1000,方正证券股份有限公司总部,海通证券股份有限公司上海静安区北京西路证券营业部,否
2024-12-02,和辉光电,688538,2.49,1992,800,机构专用,海通证券股份有限公司上海静安区北京西路证券营业部,否
2024-12-02,香港证券,513090,1.54,6309.9,4100,瑞银证券有限责任公司上海花园石桥路证券营业部,华宝证券股份有限公司上海东大名路证券营业部,否
2024-12-02,科创50,588000,1.07,213.6,200,中国中金财富证券有限公司总部,申万宏源证券有限公司证券投资总部,否
2024-11-29,贵州茅台,600519,1525.74,3310.4,2.17,华泰证券股份有限公司深圳益田路荣超商务中心证券营业部,华泰证券股份有限公司深圳益田路荣超商务中心证券营业部,否
2024-11-29,贵州茅台,600519,1525.74,2105.52,1.38,华泰证券股份有限公司深圳益田路荣超商务中心证券营业部,招商证券股份有限公司深圳益田路免税商务大厦证券营业部,否
2024-11-29,赛力斯,601127,121.59,322.97,2.66,湘财证券股份有限公司西安沣惠南路证券营业部,中信建投证券股份有限公司上海闵行区顾戴路证券营业部,否
2024-11-29,赛力斯,601127,121.59,206.7,1.7,华泰证券股份有限公司深圳前海证券营业部,中信建投证券股份有限公司上海闵行区顾戴路证券营业部,否
2024-11-29,伟测科技,688372,61.74,1420.02,23,方正证券股份有限公司安阳紫薇大道证券营业部,国联证券股份有限公司无锡梁清路证券营业部,否
2024-11-29,伟测科技,688372,61.74,1420.02,23,机构专用,国联证券股份有限公司无锡梁清路证券营业部,否
2024-11-29,京仪装备,688652,49.91,499.1,10,中信证券股份有限公司总部(非营业场所),中信建投证券股份有限公司北京虎坊路证券营业部,否
2024-11-29,京仪装备,688652,49.91,299.46,6,中信建投证券股份有限公司总部,中信建投证券股份有限公司北京虎坊路证券营业部,否
2024-11-29,京仪装备,688652,49.91,249.55,5,万联证券股份有限公司深圳分公司,中信建投证券股份有限公司北京虎坊路证券营业部,否
2024-11-29,京仪装备,688652,49.91,209.62,4.2,中信证券股份有限公司徐州建国西路证券营业部,中信建投证券股份有限公司北京虎坊路证券营业部,否
2024-11-29,芯动联科,688582,47.28,945.6,20,东兴证券股份有限公司成都都江堰市迎宾路证券营业部,海通证券股份有限公司上海黄浦区合肥路证券营业部,否
2024-11-29,热景生物,688068,43.67,200.88,4.6,华泰证券股份有限公司深圳深南大道基金大厦证券营业部,中国银河证券股份有限公司浙江分公司,否
2024-11-29,南芯科技,688484,38.29,1531.6,40,机构专用,海通证券股份有限公司上海静安区北京西路证券营业部,否
2024-11-29,南芯科技,688484,38.29,918.96,24,中信证券股份有限公司总部(非营业场所),机构专用,否
2024-11-29,南芯科技,688484,38.29,371.41,9.7,中信证券股份有限公司总部(非营业场所),机构专用,否
2024-11-29,南芯科技,688484,38.29,241.23,6.3,中信证券股份有限公司总部(非营业场所),机构专用,否
2024-11-29,炬芯科技,688049,36,432,12,申万宏源证券有限公司上海普陀区兰溪路证券营业部,申万宏源证券有限公司珠海分公司,否
2024-11-29,南芯科技,688484,35.39,300.82,8.5,中信建投证券股份有限公司总部,中国中金财富证券有限公司深圳分公司,否
2024-11-29,南芯科技,688484,35.39,283.12,8,中国国际金融股份有限公司上海分公司,中国中金财富证券有限公司深圳分公司,否
2024-11-29,南芯科技,688484,35.39,212.34,6,国泰君安证券股份有限公司总部,中国中金财富证券有限公司深圳分公司,否
2024-11-29,南芯科技,688484,35.39,205.26,5.8,民生证券股份有限公司苏州分公司,中国中金财富证券有限公司深圳分公司,否
2024-11-29,爱科赛博,688719,31.75,317.5,10,机构专用,国投证券股份有限公司深圳安信金融大厦证券营业部,否
2024-11-29,海尔生物,688139,31.3,313,10,机构专用,中信证券股份有限公司上海世博馆路证券营业部,否
2024-11-29,恒生电子,600570,30.68,521.87,17.01,中国中金财富证券有限公司福州五四路证券营业部,中国国际金融股份有限公司北京建国门外大街证券营业部,否
2024-11-29,中航高科,600862,24.42,205.13,8.4,华泰证券股份有限公司总部,中信证券股份有限公司上海分公司,否
2024-11-29,宇通客车,600066,23.6,2484.84,105.29,东方财富证券股份有限公司深圳海秀路证券营业部,华泰证券股份有限公司南京长江路证券营业部,否
2024-11-29,陕西煤业,601225,23.35,7135.76,305.6,机构专用,机构专用,否
2024-11-29,润达医疗,603108,18.66,205.26,11,华泰证券股份有限公司总部,中信证券股份有限公司上海分公司,否
2024-11-29,世华科技,688093,18.48,262.01,14.18,华泰证券股份有限公司重庆江北嘴证券营业部,国泰君安证券股份有限公司重庆南坪惠工路证券营业部,否
2024-11-29,富吉瑞,688272,17.87,281.08,15.73,机构专用,国信证券股份有限公司上海分公司,否
2024-11-29,高凌信息,688175,17.04,206.18,12.1,广发证券股份有限公司青岛香港东路证券营业部,广发证券股份有限公司深圳深南大道证券营业部,否
2024-11-29,岩石股份,600696,15.64,1099.47,70.3,机构专用,申万宏源证券有限公司上海闵行区七莘路证券营业部,否
2024-11-29,爱婴室,603214,15.58,451.82,29,中信证券股份有限公司南京双龙大道证券营业部,中信证券股份有限公司上海五角场证券营业部,否
2024-11-29,爱婴室,603214,15.58,437.17,28.06,招商证券股份有限公司西安北大街证券营业部,中信证券股份有限公司上海五角场证券营业部,否
2024-11-29,上海汽配,603107,15.5,310,20,中信建投证券股份有限公司总部,兴业证券股份有限公司上海自由贸易试验区分公司,否
2024-11-29,上海汽配,603107,15.5,300.08,19.36,中信证券股份有限公司总部(非营业场所),兴业证券股份有限公司上海自由贸易试验区分公司,否
2024-11-29,上海汽配,603107,15.5,263.5,17,粤开证券股份有限公司深圳分公司,兴业证券股份有限公司上海自由贸易试验区分公司,否
2024-11-29,上海汽配,603107,15.5,201.5,13,华泰证券股份有限公司广州云城东路证券营业部,兴业证券股份有限公司上海自由贸易试验区分公司,否
2024-11-29,上海汽配,603107,15.5,201.5,13,广发证券股份有限公司广州黄埔大道证券营业部,兴业证券股份有限公司上海自由贸易试验区分公司,否
2024-11-29,上海汽配,603107,15.5,201.5,13,机构专用,兴业证券股份有限公司上海自由贸易试验区分公司,否
2024-11-29,赛轮轮胎,601058,14.76,205.16,13.9,华泰证券股份有限公司总部,中信证券股份有限公司上海分公司,否
2024-11-29,九洲药业,603456,14.75,205.03,13.9,华泰证券股份有限公司总部,中信证券股份有限公司上海分公司,否
2024-11-29,旭升集团,603305,14.53,200.51,13.8,华泰证券股份有限公司总部,中信证券股份有限公司上海分公司,否
2024-11-29,东航物流,601156,14.45,4999.7,346,天风证券股份有限公司深圳分公司,中国国际金融股份有限公司上海分公司,否
2024-11-29,东航物流,601156,14.45,1011.5,70,申万宏源证券有限公司证券投资总部,中国国际金融股份有限公司上海分公司,否
2024-11-29,辽宁成大,600739,11.53,205.23,17.8,华泰证券股份有限公司总部,中信证券股份有限公司上海分公司,否
2024-11-29,良品铺子,603719,11,239.8,21.8,中泰证券股份有限公司客户资产管理部,广发证券股份有限公司武汉纺织路证券营业部,否
2024-11-29,良品铺子,603719,11,225.06,20.46,国泰君安证券股份有限公司总部,广发证券股份有限公司武汉纺织路证券营业部,否
2024-11-29,良品铺子,603719,11,220,20,华泰证券股份有限公司无锡解放西路证券营业部,广发证券股份有限公司武汉纺织路证券营业部,否
2024-11-29,良品铺子,603719,11,220,20,广发证券股份有限公司广州黄埔大道证券营业部,广发证券股份有限公司武汉纺织路证券营业部,否
2024-11-29,良品铺子,603719,11,200.2,18.2,中信证券股份有限公司徐州建国西路证券营业部,广发证券股份有限公司武汉纺织路证券营业部,否
2024-11-29,良品铺子,603719,11,200.2,18.2,机构专用,广发证券股份有限公司武汉纺织路证券营业部,否
2024-11-29,赛伍技术,603212,10.8,216,20,中信证券股份有限公司总部(非营业场所),中国国际金融股份有限公司北京建国门外大街证券营业部,否
2024-11-29,赛伍技术,603212,10.8,200.88,18.6,东方财富证券股份有限公司拉萨团结路第一证券营业部,中国国际金融股份有限公司北京建国门外大街证券营业部,否
2024-11-29,赛伍技术,603212,10.8,200.88,18.6,华泰证券股份有限公司深圳深南大道基金大厦证券营业部,中国国际金融股份有限公司北京建国门外大街证券营业部,否
2024-11-29,南京银行,601009,10.57,205.06,19.4,华泰证券股份有限公司总部,中信证券股份有限公司上海分公司,否
2024-11-29,凤凰传媒,601928,10.47,205.21,19.6,华泰证券股份有限公司总部,中信证券股份有限公司上海分公司,否
2024-11-29,新世界,600628,10,6400,640,长江证券股份有限公司上海锦绣路证券营业部,机构专用,否
2024-11-29,新世界,600628,9.94,22536.48,2267.25,海通证券股份有限公司上海静安区北京西路证券营业部,海通证券股份有限公司上海普陀区金沙江路证券营业部,否
2024-11-29,江盐集团,601065,8.28,414,50,中信建投证券股份有限公司总部,中国中金财富证券有限公司厦门分公司,否
2024-11-29,江盐集团,601065,8.28,414,50,机构专用,中国中金财富证券有限公司厦门分公司,否
2024-11-29,太极实业,600667,7.54,415.15,55.06,中国国际金融股份有限公司北京建国门外大街证券营业部,中国中金财富证券有限公司福州五四路证券营业部,否
2024-11-29,财通证券,601108,7.48,1999.7,267.34,财通证券股份有限公司杭州江秀街证券营业部,财通证券股份有限公司杭州江秀街证券营业部,否
2024-11-29,东阳光,600673,7.47,799.29,107,长城证券股份有限公司杭州南大街证券营业部,长城证券股份有限公司杭州南大街证券营业部,否
2024-11-29,中国高科,600730,6.8,204.68,30.1,华泰证券股份有限公司总部,中信证券股份有限公司上海分公司,否
2024-11-29,广东榕泰,600589,5.47,199.71,36.51,中信建投证券股份有限公司福清福和路证券营业部,中国国际金融股份有限公司北京建国门外大街证券营业部,否
2024-11-29,国中水务,600187,4.04,121.2,30,中国国际金融股份有限公司北京建国门外大街证券营业部,中国中金财富证券有限公司福州五四路证券营业部,否
2024-11-29,京保REIT,508068,3.15,504.32,160,华金证券股份有限公司客户资产管理部,中信建投证券股份有限公司北京京西分公司,否
2024-11-29,中国能建,601868,2.34,204.98,87.6,华泰证券股份有限公司总部,中信证券股份有限公司上海分公司,否
2024-11-29,*ST卓朗,600225,1.08,53.99,49.99,广发证券股份有限公司成都新光路证券营业部,国泰君安证券股份有限公司成都北一环路证券营业部,否
2024-11-29,医药ETF,512010,0.38,113.1,300,华泰证券股份有限公司苏州干将西路证券营业部,兴业证券股份有限公司福州鳌峰路证券营业部,否
2024-11-28,贵州茅台,600519,1518,779.49,0.51,招商证券股份有限公司深圳益田路免税商务大厦证券营业部,华泰证券股份有限公司深圳益田路荣超商务中心证券营业部,否
2024-11-28,贵州茅台,600519,1518,592.02,0.39,中信证券股份有限公司深圳福田金田路证券营业部,华泰证券股份有限公司深圳益田路荣超商务中心证券营业部,否
2024-11-28,贵州茅台,600519,1518,470.58,0.31,中国银河证券股份有限公司深圳水贝证券营业部,华泰证券股份有限公司深圳益田路荣超商务中心证券营业部,否
2024-11-28,贵州茅台,600519,1518,242.88,0.16,中国中金财富证券有限公司深圳分公司,华泰证券股份有限公司深圳益田路荣超商务中心证券营业部,否
2024-11-28,贵州茅台,600519,1518,200.83,0.13,国泰君安证券股份有限公司西安东关正街证券营业部,华泰证券股份有限公司深圳益田路荣超商务中心证券营业部,否
2024-11-28,片仔癀,600436,232.46,778.74,3.35,华泰证券股份有限公司深圳益田路荣超商务中心证券营业部,招商证券股份有限公司深圳益田路免税商务大厦证券营业部,否
2024-11-28,赛力斯,601127,119.21,667.87,5.6,华林证券股份有限公司湖南分公司,中信建投证券股份有限公司上海闵行区顾戴路证券营业部,否
2024-11-28,赛力斯,601127,119.21,357.63,3,湘财证券股份有限公司西安沣惠南路证券营业部,中信建投证券股份有限公司上海闵行区顾戴路证券营业部,否
2024-11-28,赛力斯,601127,119.21,202.66,1.7,华泰证券股份有限公司深圳前海证券营业部,中信建投证券股份有限公司上海闵行区顾戴路证券营业部,否
2024-11-28,宏华数科,688789,65.6,9971.2,152,申万宏源证券有限公司上海静安区康定路证券营业部,湘财证券股份有限公司杭州文二西路证券营业部,否
2024-11-28,艾力斯,688578,51.96,799.14,15.38,华金证券股份有限公司上海纪翟路证券营业部,中信证券股份有限公司上海分公司,否
2024-11-28,甘李药业,603087,45.5,204.75,4.5,华泰证券股份有限公司总部,中信证券股份有限公司上海分公司,否
2024-11-28,中直股份,600038,40.49,206.5,5.1,华泰证券股份有限公司总部,中信证券股份有限公司上海分公司,否
2024-11-28,南芯科技,688484,37.3,902.66,24.2,机构专用,机构专用,否
2024-11-28,南芯科技,688484,37.3,365.54,9.8,机构专用,机构专用,否
2024-11-28,南芯科技,688484,37.3,223.8,6,机构专用,机构专用,否
2024-11-28,华懋科技,603306,31.01,210.87,6.8,中国中金财富证券有限公司福州五四路证券营业部,中国国际金融股份有限公司北京建国门外大街证券营业部,否
2024-11-28,中国卫星,600118,29.9,209.3,7,中信建投证券股份有限公司福清福和路证券营业部,中国国际金融股份有限公司北京建国门外大街证券营业部,否
2024-11-28,中邮科技,688648,24.32,243.2,10,海通证券股份有限公司上海黄浦区福州路证券营业部,中信证券股份有限公司上海世博馆路证券营业部,否
2024-11-28,中邮科技,688648,24.32,243.2,10,海通证券股份有限公司上海黄浦区福州路证券营业部,中信证券股份有限公司上海世博馆路证券营业部,否
2024-11-28,中邮科技,688648,24.32,243.2,10,海通证券股份有限公司上海黄浦区福州路证券营业部,中信证券股份有限公司上海世博馆路证券营业部,否
2024-11-28,中邮科技,688648,24.32,243.2,10,海通证券股份有限公司上海黄浦区福州路证券营业部,中信证券股份有限公司上海世博馆路证券营业部,否
2024-11-28,中邮科技,688648,24.32,243.2,10,海通证券股份有限公司上海黄浦区福州路证券营业部,中信证券股份有限公司上海世博馆路证券营业部,否
2024-11-28,中船防务,600685,24.28,257.13,10.59,华泰证券股份有限公司泰州分公司,中信证券股份有限公司上海分公司,否
2024-11-28,光格科技,688450,23.99,787.83,32.84,方正证券股份有限公司总部,华泰证券股份有限公司北京雍和宫证券营业部,否
2024-11-28,陕西煤业,601225,23.36,7138.82,305.6,机构专用,机构专用,否
2024-11-28,兴发集团,600141,23.03,204.97,8.9,华泰证券股份有限公司总部,中信证券股份有限公司上海分公司,否
2024-11-28,江化微,603078,22.84,549.99,24.08,中信证券股份有限公司泉州温陵北路证券营业部,中国国际金融股份有限公司北京建国门外大街证券营业部,否
2024-11-28,莱特光电,688150,21.05,336.8,16,机构专用,中信证券股份有限公司北京金融大街证券营业部,否
2024-11-28,莱特光电,688150,21.05,294.7,14,机构专用,中信证券股份有限公司北京金融大街证券营业部,否
2024-11-28,洪田股份,603800,20.52,225.72,11,机构专用,国联证券股份有限公司南通工农路证券营业部,否
2024-11-28,洪田股份,603800,20.52,205.2,10,机构专用,国联证券股份有限公司南通工农路证券营业部,否
2024-11-28,国邦医药,605507,20,243.3,12.16,中国中金财富证券有限公司成都一环路北三段万达广场证券营业部,国泰君安证券股份有限公司杭州学院路证券营业部,否
2024-11-28,老百姓,603883,19.11,311.3,16.29,中信证券股份有限公司泉州温陵北路证券营业部,中国国际金融股份有限公司北京建国门外大街证券营业部,否
2024-11-28,富吉瑞,688272,17.83,303.11,17,机构专用,国信证券股份有限公司上海分公司,否
2024-11-28,万东医疗,600055,17.1,205.2,12,华泰证券股份有限公司总部,中信证券股份有限公司上海分公司,否
2024-11-28,东睦股份,600114,15.58,205.66,13.2,华泰证券股份有限公司总部,中信证券股份有限公司上海分公司,否
2024-11-28,德林海,688069,14,544.6,38.9,广发证券股份有限公司贵阳延安中路证券营业部,国联证券股份有限公司无锡胡埭镇人民东路证券营业部,否
2024-11-28,德林海,688069,14,295.4,21.1,兴业证券股份有限公司泉州丰泽街证券营业部,国联证券股份有限公司无锡胡埭镇人民东路证券营业部,否
2024-11-28,中国电影,600977,11.87,205.35,17.3,华泰证券股份有限公司总部,中信证券股份有限公司上海分公司,否
2024-11-28,浙江仙通,603239,11.72,1172,100,华泰证券股份有限公司上海长宁区凯旋路证券营业部,国泰君安证券股份有限公司天台环城东路证券营业部,否
2024-11-28,浙江仙通,603239,11.72,498.1,42.5,国金证券股份有限公司上海静安区南京西路证券营业部,国泰君安证券股份有限公司天台环城东路证券营业部,否
2024-11-28,深高速,600548,11.6,205.32,17.7,华泰证券股份有限公司总部,中信证券股份有限公司上海分公司,否
2024-11-28,东兴证券,601198,11.16,205.34,18.4,华泰证券股份有限公司总部,中信证券股份有限公司上海分公司,否
2024-11-28,春雪食品,605567,9.13,273.9,30,机构专用,国投证券股份有限公司烟台胜利路证券营业部,否
2024-11-28,春雪食品,605567,9.13,256.55,28.1,财通证券股份有限公司江苏分公司,国投证券股份有限公司烟台胜利路证券营业部,否
2024-11-28,浙江杭徽,508001,7.25,2349.08,324.1,中国中金财富证券有限公司总部,中国中金财富证券有限公司总部,否
2024-11-28,南方航空,600029,6.79,305.55,45,华泰证券股份有限公司总部,申万宏源证券有限公司证券投资总部,否
2024-11-28,浙江东方,600120,5.57,167.1,30,中信证券股份有限公司泉州温陵北路证券营业部,中国国际金融股份有限公司北京建国门外大街证券营业部,否
2024-11-28,中交REIT,508018,4.97,993.2,200,中国中金财富证券有限公司总部,中国中金财富证券有限公司总部,否
2024-11-28,中交REIT,508018,4.97,993.2,200,中国中金财富证券有限公司总部,中国中金财富证券有限公司总部,否
2024-11-28,西安银行,600928,3.64,327.6,90,华泰证券股份有限公司总部,申万宏源证券有限公司证券投资总部,否
2024-11-28,和邦生物,603077,2.03,101.5,50,中国国际金融股份有限公司北京建国门外大街证券营业部,华泰证券股份有限公司无锡永乐路证券营业部,否
2024-11-28,包钢股份,600010,1.93,204.97,106.2,华泰证券股份有限公司总部,中信证券股份有限公司上海分公司,否
2024-11-28,*ST卓朗,600225,1.14,56.89,49.9,广发证券股份有限公司成都新光路证券营业部,国泰君安证券股份有限公司成都北一环路证券营业部,否
2024-11-27,贵州茅台,600519,1519.05,516.48,0.34,国信证券股份有限公司佛山顺德大良证券营业部,华泰证券股份有限公司深圳益田路荣超商务中心证券营业部,否
2024-11-27,贵州茅台,600519,1519.05,440.52,0.29,招商证券股份有限公司深圳益田路免税商务大厦证券营业部,华泰证券股份有限公司深圳益田路荣超商务中心证券营业部,否
2024-11-27,贵州茅台,600519,1519.05,319,0.21,华泰证券股份有限公司深圳益田路荣超商务中心证券营业部,华泰证券股份有限公司深圳益田路荣超商务中心证券营业部,否
2024-11-27,贵州茅台,600519,1519.05,288.62,0.19,国泰君安证券股份有限公司深圳福田中心区华融大厦证券营业部,华泰证券股份有限公司深圳益田路荣超商务中心证券营业部,否
2024-11-27,贵州茅台,600519,1519.05,243.05,0.16,华泰证券股份有限公司深圳益田路荣超商务中心证券营业部,华泰证券股份有限公司深圳益田路荣超商务中心证券营业部,否
2024-11-27,贵州茅台,600519,1519.05,227.86,0.15,招商证券股份有限公司深圳益田路免税商务大厦证券营业部,华泰证券股份有限公司深圳益田路荣超商务中心证券营业部,否
2024-11-27,贵州茅台,600519,1519.05,212.67,0.14,华泰证券股份有限公司深圳益田路荣超商务中心证券营业部,华泰证券股份有限公司深圳益田路荣超商务中心证券营业部,否
2024-11-27,百利天恒,688506,243.71,599.38,2.46,东方财富证券股份有限公司深圳海秀路证券营业部,华泰证券股份有限公司南京长江路证券营业部,否
2024-11-27,纳芯微,688052,113.11,339.33,3,招商证券股份有限公司无锡人民中路证券营业部,招商证券股份有限公司无锡人民中路证券营业部,否
2024-11-27,思瑞浦,688536,81.2,2492.84,30.7,中信证券股份有限公司苏州分公司,中信证券股份有限公司苏州分公司,否
2024-11-27,舍得酒业,600702,75.6,7998.48,105.8,中信证券股份有限公司总部(非营业场所),中信证券股份有限公司吉林省分公司,否
2024-11-27,万泰生物,603392,71.84,5829.03,81.14,招商证券股份有限公司上海陆家嘴东路证券营业部,招商证券股份有限公司上海陆家嘴东路证券营业部,否
2024-11-27,科博达,603786,56.4,203.04,3.6,华泰证券股份有限公司总部,中信证券股份有限公司上海分公司,否
2024-11-27,奥特维,688516,45.5,339.43,7.46,海通证券股份有限公司上海浦东新区东育路证券营业部,招商证券股份有限公司无锡人民中路证券营业部,否
2024-11-27,海尔生物,688139,31.3,469.5,15,机构专用,中信证券股份有限公司上海世博馆路证券营业部,否
2024-11-27,海尔生物,688139,31.3,313,10,机构专用,中信证券股份有限公司上海世博馆路证券营业部,否
2024-11-27,海尔生物,688139,31.3,297.35,9.5,万联证券股份有限公司深圳分公司,中信证券股份有限公司上海世博馆路证券营业部,否
2024-11-27,海尔生物,688139,31.3,219.1,7,中信证券股份有限公司总部(非营业场所),中信证券股份有限公司上海世博馆路证券营业部,否
2024-11-27,长江电力,600900,27.39,1473.03,53.78,瑞银证券有限责任公司上海花园石桥路证券营业部,国信证券股份有限公司深圳泰九分公司,否
2024-11-27,天能股份,688819,27.09,325.08,12,招商证券股份有限公司北京景辉街证券营业部,中国银河证券股份有限公司北京中关村大街证券营业部,否
2024-11-27,茶花股份,603615,22,2904,132,中信证券股份有限公司总部(非营业场所),中信证券股份有限公司杭州富春路证券营业部,否
2024-11-27,华润双鹤,600062,21.11,204.77,9.7,华泰证券股份有限公司总部,中信证券股份有限公司上海分公司,否
2024-11-27,莱特光电,688150,20.94,335.04,16,中信证券股份有限公司总部(非营业场所),中信证券股份有限公司北京金融大街证券营业部,否
2024-11-27,莱特光电,688150,20.94,293.16,14,中信证券股份有限公司总部(非营业场所),中信证券股份有限公司北京金融大街证券营业部,否
2024-11-27,国邦医药,605507,20,560,28,华泰证券股份有限公司南京文澜路证券营业部,国泰君安证券股份有限公司杭州学院路证券营业部,否
2024-11-27,国邦医药,605507,20,400,20,中信证券股份有限公司南京双龙大道证券营业部,国泰君安证券股份有限公司杭州学院路证券营业部,否
2024-11-27,国邦医药,605507,20,400,20,国都证券股份有限公司江苏分公司,国泰君安证券股份有限公司杭州学院路证券营业部,否
2024-11-27,国邦医药,605507,20,400,20,机构专用,国泰君安证券股份有限公司杭州学院路证券营业部,否
2024-11-27,国邦医药,605507,20,360,18,招商证券股份有限公司西安北大街证券营业部,国泰君安证券股份有限公司杭州学院路证券营业部,否
2024-11-27,国邦医药,605507,20,280,14,华泰证券股份有限公司南京庐山路证券营业部,国泰君安证券股份有限公司杭州学院路证券营业部,否
2024-11-27,国邦医药,605507,20,240,12,招商证券股份有限公司西安北大街证券营业部,国泰君安证券股份有限公司杭州学院路证券营业部,否
2024-11-27,国邦医药,605507,20,200,10,机构专用,国泰君安证券股份有限公司杭州学院路证券营业部,否
2024-11-27,国邦医药,605507,20,200,10,机构专用,国泰君安证券股份有限公司杭州学院路证券营业部,否
2024-11-27,世华科技,688093,19.83,206.93,10.44,华泰证券股份有限公司重庆江北嘴证券营业部,国泰君安证券股份有限公司重庆南坪惠工路证券营业部,否
2024-11-27,洪田股份,603800,19.62,215.82,11,机构专用,国联证券股份有限公司南通工农路证券营业部,否
2024-11-27,奥来德,688378,19.5,226.2,11.6,东北证券股份有限公司长春东朝阳路证券营业部,申万宏源西部证券有限公司霍尔果斯亚欧路证券营业部,否
2024-11-27,洪田股份,603800,19.4,1940,100,中信证券股份有限公司上海世博馆路证券营业部,国联证券股份有限公司南通工农路证券营业部,否
2024-11-27,洪田股份,603800,19.4,252.2,13,粤开证券股份有限公司深圳分公司,国联证券股份有限公司南通工农路证券营业部,否
2024-11-27,洪田股份,603800,19.4,232.8,12,中国中金财富证券有限公司北京北三环东路证券营业部,国联证券股份有限公司南通工农路证券营业部,否
2024-11-27,洪田股份,603800,19.4,203.7,10.5,国投证券股份有限公司佛山北滘证券营业部,国联证券股份有限公司南通工农路证券营业部,否
2024-11-27,洪田股份,603800,19.4,200.01,10.31,国投证券股份有限公司连云港郁州北路证券营业部,国联证券股份有限公司南通工农路证券营业部,否
2024-11-27,洪田股份,603800,19.4,200.01,10.31,机构专用,国联证券股份有限公司南通工农路证券营业部,否
2024-11-27,洪田股份,603800,19.4,200.01,10.31,机构专用,国联证券股份有限公司南通工农路证券营业部,否
2024-11-27,洪田股份,603800,19.4,200.01,10.31,机构专用,国联证券股份有限公司南通工农路证券营业部,否
2024-11-27,洪田股份,603800,19.4,200.01,10.31,机构专用,国联证券股份有限公司南通工农路证券营业部,否
2024-11-27,富吉瑞,688272,17.61,299.37,17,机构专用,国信证券股份有限公司上海分公司,否
2024-11-27,紫金矿业,601899,15.68,1816.21,115.83,瑞银证券有限责任公司上海花园石桥路证券营业部,国信证券股份有限公司深圳泰九分公司,否
2024-11-27,紫金矿业,601899,15.68,1816.21,115.83,瑞银证券有限责任公司上海花园石桥路证券营业部,国信证券股份有限公司深圳泰九分公司,否
2024-11-27,紫金矿业,601899,15.68,1513.43,96.52,瑞银证券有限责任公司上海花园石桥路证券营业部,广发证券股份有限公司深圳壹方中心证券营业部,否
2024-11-27,紫金矿业,601899,15.68,1210.81,77.22,瑞银证券有限责任公司上海花园石桥路证券营业部,国泰君安证券股份有限公司深圳深南大道京基一百证券营业部,否
2024-11-27,紫金矿业,601899,15.68,201.8,12.87,瑞银证券有限责任公司上海花园石桥路证券营业部,国信证券股份有限公司深圳泰九分公司,否
2024-11-27,东航物流,601156,14.45,4999.7,346,天风证券股份有限公司深圳分公司,中国国际金融股份有限公司上海分公司,否
2024-11-27,永安期货,600927,14.12,2232.37,158.1,中信证券股份有限公司杭州教工路证券营业部,东兴证券股份有限公司杭州绍兴路证券营业部,否
2024-11-27,德林海,688069,14,2240,160,长江证券股份有限公司武汉汉西一路证券营业部,国联证券股份有限公司无锡胡埭镇人民东路证券营业部,否
2024-11-27,爱旭股份,600732,13.52,14999.9,1109.46,广发证券股份有限公司总部,申万宏源证券有限公司上海青浦区公园路证券营业部,否
2024-11-27,电科芯片,600877,13.28,723.86,54.51,中信证券股份有限公司总部(非营业场所),中信证券股份有限公司重庆解放碑证券营业部,否
2024-11-27,电科芯片,600877,13.28,610.79,45.99,中信证券股份有限公司总部(非营业场所),中信证券股份有限公司重庆解放碑证券营业部,否
2024-11-27,西部黄金,601069,12.53,205.49,16.4,华泰证券股份有限公司总部,中信证券股份有限公司上海分公司,否
2024-11-27,西藏珠峰,600338,11.97,1244.88,104,红塔证券股份有限公司杭州文晖路证券营业部,财通证券股份有限公司杭州新北街证券营业部,否
2024-11-27,四方科技,603339,11.97,311.58,26.03,招商证券股份有限公司北京景辉街证券营业部,中国银河证券股份有限公司北京中关村大街证券营业部,否
2024-11-27,浙江仙通,603239,11.51,299.26,26,中信证券股份有限公司总部(非营业场所),国泰君安证券股份有限公司天台环城东路证券营业部,否
2024-11-27,浙江仙通,603239,11.51,257.82,22.4,机构专用,国泰君安证券股份有限公司天台环城东路证券营业部,否
2024-11-27,浙江仙通,603239,11.51,230.2,20,机构专用,国泰君安证券股份有限公司天台环城东路证券营业部,否
2024-11-27,浙江仙通,603239,11.51,230.2,20,机构专用,国泰君安证券股份有限公司天台环城东路证券营业部,否
2024-11-27,浙江仙通,603239,11.51,230.2,20,粤开证券股份有限公司深圳分公司,国泰君安证券股份有限公司天台环城东路证券营业部,否
2024-11-27,浙江仙通,603239,11.51,207.18,18,国投证券股份有限公司连云港郁州北路证券营业部,国泰君安证券股份有限公司天台环城东路证券营业部,否
2024-11-27,浙江仙通,603239,11.51,207.18,18,国投证券股份有限公司连云港郁州北路证券营业部,国泰君安证券股份有限公司天台环城东路证券营业部,否
2024-11-27,浙江仙通,603239,11.51,207.18,18,长城证券股份有限公司总部,国泰君安证券股份有限公司天台环城东路证券营业部,否
2024-11-27,浙江仙通,603239,11.51,201.43,17.5,中泰证券股份有限公司客户资产管理部,国泰君安证券股份有限公司天台环城东路证券营业部,否
2024-11-27,浙江仙通,603239,11.51,200.27,17.4,东北证券股份有限公司太原桃园北路证券营业部,国泰君安证券股份有限公司天台环城东路证券营业部,否
2024-11-27,浙江仙通,603239,11.51,200.27,17.4,东北证券股份有限公司深圳分公司,国泰君安证券股份有限公司天台环城东路证券营业部,否
2024-11-27,浙江仙通,603239,11.51,200.27,17.4,东方财富证券股份有限公司拉萨东环路第二证券营业部,国泰君安证券股份有限公司天台环城东路证券营业部,否
2024-11-27,浙江仙通,603239,11.51,200.27,17.4,国信证券股份有限公司深圳泰然九路证券营业部,国泰君安证券股份有限公司天台环城东路证券营业部,否
2024-11-27,中盐化工,600328,8.16,204.82,25.1,华泰证券股份有限公司总部,中信证券股份有限公司上海分公司,否
2024-11-27,华创云信,600155,7.66,205.29,26.8,华泰证券股份有限公司总部,中信证券股份有限公司上海分公司,否
2024-11-27,宁波中百,600857,7.47,820.82,109.88,国联证券股份有限公司慈溪影清路证券营业部,东北证券股份有限公司宁波分公司,否
2024-11-27,天富能源,600509,7.05,205.16,29.1,华泰证券股份有限公司总部,中信证券股份有限公司上海分公司,否
2024-11-27,赛福天,603028,6.23,199.36,32,国信证券股份有限公司上海分公司,广发证券股份有限公司无锡太湖东大道证券营业部,否
2024-11-27,和元生物,688238,4.55,1729,380,国联证券股份有限公司慈溪影清路证券营业部,东北证券股份有限公司宁波分公司,否
2024-11-27,和邦生物,603077,2.01,60.3,30,中国国际金融股份有限公司北京建国门外大街证券营业部,中信建投证券股份有限公司芜湖中山南路证券营业部,否
2024-11-27,*ST卓朗,600225,1.2,59.99,49.99,国泰君安证券股份有限公司成都北一环路证券营业部,广发证券股份有限公司成都新光路证券营业部,否
2024-11-27,*ST卓朗,600225,1.2,59.99,49.99,广发证券股份有限公司成都新光路证券营业部,广发证券股份有限公司成都新光路证券营业部,否
2024-11-27,恒生互联,513330,0.43,8520,20000,瑞银证券有限责任公司上海花园石桥路证券营业部,华宝证券股份有限公司上海东大名路证券营业部,否
2024-11-26,贵州茅台,600519,1509,1991.88,1.32,华泰证券股份有限公司深圳前海证券营业部,中信建投证券股份有限公司上海市营口路证券营业部,否
2024-11-26,东鹏饮料,605499,211.5,1998.68,9.45,国联证券股份有限公司北京分公司,中信建投证券股份有限公司上海市营口路证券营业部,否
2024-11-26,石头科技,688169,181.7,3634,20,高盛（中国）证券有限责任公司上海浦东新区世纪大道证券营业部,机构专用,否
2024-11-26,石头科技,688169,181.7,2725.5,15,机构专用,机构专用,否
2024-11-26,石头科技,688169,181.7,908.5,5,广发证券股份有限公司佛山灯湖东路证券营业部,机构专用,否
2024-11-26,石头科技,688169,181.7,635.95,3.5,中信证券股份有限公司南京双龙大道证券营业部,机构专用,否
2024-11-26,石头科技,688169,181.7,508.76,2.8,中国中金财富证券有限公司深圳分公司,机构专用,否
2024-11-26,石头科技,688169,181.7,508.76,2.8,国泰君安证券股份有限公司深圳红荔西路证券营业部,机构专用,否
2024-11-26,石头科技,688169,181.7,454.25,2.5,国泰君安证券股份有限公司总部,机构专用,否
2024-11-26,石头科技,688169,181.7,399.74,2.2,华泰证券股份有限公司南京分公司,机构专用,否
2024-11-26,石头科技,688169,181.7,399.74,2.2,国都证券股份有限公司江苏分公司,机构专用,否
2024-11-26,石头科技,688169,181.7,272.55,1.5,招商证券股份有限公司西安北大街证券营业部,机构专用,否
2024-11-26,石头科技,688169,181.7,218.04,1.2,中信证券股份有限公司上海世博馆路证券营业部,机构专用,否
2024-11-26,石头科技,688169,181.7,218.04,1.2,民生证券股份有限公司苏州分公司,机构专用,否
2024-11-26,纳芯微,688052,114.98,200.07,1.74,招商证券股份有限公司无锡人民中路证券营业部,招商证券股份有限公司无锡人民中路证券营业部,否
2024-11-26,联影医疗,688271,104.6,789.38,7.55,华泰证券股份有限公司南京中山东路第二证券营业部,上海证券有限责任公司长宁区定西路证券营业部,否
2024-11-26,银华日利,511880,92,335.8,3.65,太平洋证券股份有限公司河北分公司,太平洋证券股份有限公司河北分公司,否
2024-11-26,兆易创新,603986,83.22,259.65,3.12,华泰证券股份有限公司泰州分公司,国泰君安证券股份有限公司总部,否
2024-11-26,艾力斯,688578,51.07,1634.24,32,国泰君安证券股份有限公司广州东风中路证券营业部,中信证券股份有限公司上海分公司,否
2024-11-26,艾力斯,688578,51.07,1634.24,32,国泰君安证券股份有限公司广州东风中路证券营业部,中信证券股份有限公司上海分公司,否
2024-11-26,艾力斯,688578,51.07,999.95,19.58,华金证券股份有限公司上海纪翟路证券营业部,中信证券股份有限公司上海分公司,否
2024-11-26,芯动联科,688582,44.95,224.75,5,东兴证券股份有限公司成都都江堰市迎宾路证券营业部,海通证券股份有限公司上海黄浦区合肥路证券营业部,否
2024-11-26,热景生物,688068,40.17,401.7,10,华泰证券股份有限公司总部,中国银河证券股份有限公司浙江分公司,否
2024-11-26,淳中科技,603516,39.14,489.25,12.5,机构专用,山西证券股份有限公司北京太平庄证券营业部,否
2024-11-26,上海电影,601595,26.95,485.1,18,中泰证券股份有限公司上海娄山关路证券营业部,广发证券股份有限公司北京中关村东路证券营业部,否
2024-11-26,中国卫星,600118,26.73,203.15,7.6,华泰证券股份有限公司总部,中信证券股份有限公司上海分公司,否
2024-11-26,光格科技,688450,24.11,795.63,33,方正证券股份有限公司总部,华泰证券股份有限公司北京雍和宫证券营业部,否
2024-11-26,易德龙,603380,20.93,418.6,20,机构专用,南京证券股份有限公司苏州南天成路证券营业部,否
2024-11-26,云中马,603130,20.2,3846.08,190.4,中国银河证券股份有限公司杭州建国北路证券营业部,华泰证券股份有限公司深圳后海中心路证券营业部,否
2024-11-26,国邦医药,605507,20,500,25,机构专用,国泰君安证券股份有限公司杭州学院路证券营业部,否
2024-11-26,国邦医药,605507,20,200,10,广发证券股份有限公司总部,国泰君安证券股份有限公司杭州学院路证券营业部,否
2024-11-26,七一二,603712,18.42,308.9,16.77,中信证券股份有限公司泉州温陵北路证券营业部,中国国际金融股份有限公司北京建国门外大街证券营业部,否
2024-11-26,富吉瑞,688272,17.34,294.78,17,机构专用,国信证券股份有限公司上海分公司,否
2024-11-26,爱婴室,603214,15.35,583.3,38,中国中金财富证券有限公司深圳分公司,中信证券股份有限公司上海五角场证券营业部,否
2024-11-26,爱婴室,603214,15.35,583.3,38,华泰证券股份有限公司南京文澜路证券营业部,中信证券股份有限公司上海五角场证券营业部,否
2024-11-26,爱婴室,603214,15.35,368.4,24,申万宏源西部证券有限公司乌鲁木齐北京路证券营业部,中信证券股份有限公司上海五角场证券营业部,否
2024-11-26,爱婴室,603214,15.35,307,20,中信证券股份有限公司总部(非营业场所),中信证券股份有限公司上海五角场证券营业部,否
2024-11-26,王府井,600859,14.29,202.92,14.2,华泰证券股份有限公司总部,中信证券股份有限公司上海分公司,否
2024-11-26,爱旭股份,600732,13.28,14999.76,1129.5,广发证券股份有限公司总部,申万宏源证券有限公司上海青浦区公园路证券营业部,否
2024-11-26,西藏城投,600773,12.21,202.69,16.6,华泰证券股份有限公司总部,中信证券股份有限公司上海分公司,否
2024-11-26,葫芦娃,605199,11.75,680.38,57.91,高盛（中国）证券有限责任公司上海浦东新区世纪大道证券营业部,华西证券股份有限公司成都东大路证券营业部,否
2024-11-26,葫芦娃,605199,11.75,587.5,50,中信证券股份有限公司南京洪武北路证券营业部,华西证券股份有限公司成都东大路证券营业部,否
2024-11-26,葫芦娃,605199,11.75,587.5,50,招商证券股份有限公司西安北大街证券营业部,华西证券股份有限公司成都东大路证券营业部,否
2024-11-26,葫芦娃,605199,11.75,587.5,50,海通证券股份有限公司南京常府街证券营业部,华西证券股份有限公司成都东大路证券营业部,否
2024-11-26,葫芦娃,605199,11.75,352.5,30,国都证券股份有限公司江苏分公司,华西证券股份有限公司成都东大路证券营业部,否
2024-11-26,葫芦娃,605199,11.75,293.75,25,机构专用,华西证券股份有限公司成都东大路证券营业部,否
2024-11-26,葫芦娃,605199,11.75,235,20,中国银河证券股份有限公司金华证券营业部,华西证券股份有限公司成都东大路证券营业部,否
2024-11-26,葫芦娃,605199,11.75,235,20,招商证券股份有限公司西安北大街证券营业部,华西证券股份有限公司成都东大路证券营业部,否
2024-11-26,葫芦娃,605199,11.75,235,20,海通证券股份有限公司南京常府街证券营业部,华西证券股份有限公司成都东大路证券营业部,否
2024-11-26,葫芦娃,605199,11.75,211.5,18,中信证券股份有限公司总部(非营业场所),华西证券股份有限公司成都东大路证券营业部,否
2024-11-26,葫芦娃,605199,11.75,211.5,18,摩根大通证券（中国）有限公司上海银城中路证券营业部,华西证券股份有限公司成都东大路证券营业部,否
2024-11-26,葫芦娃,605199,11.75,200.93,17.1,机构专用,华西证券股份有限公司成都东大路证券营业部,否
2024-11-26,葫芦娃,605199,11.75,200.93,17.1,机构专用,华西证券股份有限公司成都东大路证券营业部,否
2024-11-26,葫芦娃,605199,11.75,200.93,17.1,机构专用,华西证券股份有限公司成都东大路证券营业部,否
2024-11-26,康希通信,688653,11.55,207.9,18,渤海证券股份有限公司郑州金水东路证券营业部,上海证券有限责任公司浦东新区商城路证券营业部,否
2024-11-26,广信股份,603599,11.28,203.04,18,华泰证券股份有限公司总部,中信证券股份有限公司上海分公司,否
2024-11-26,皇马科技,603181,10.78,229.94,21.33,财通证券股份有限公司金华分公司,国元证券股份有限公司金华李渔路证券营业部,否
2024-11-26,梅花生物,600873,10.1,203.01,20.1,华泰证券股份有限公司总部,中信证券股份有限公司上海分公司,否
2024-11-26,大秦铁路,601006,6.73,201.9,30,华泰证券股份有限公司总部,国投证券股份有限公司总部,否
2024-11-26,前沿生物,688221,6.16,548.24,89,平安证券股份有限公司安徽分公司,平安证券股份有限公司绵阳火炬北街证券营业部,否
2024-11-26,中国电建,601669,5.53,600.56,108.6,平安证券股份有限公司深圳金田路证券营业部,中国国际金融股份有限公司北京建国门外大街证券营业部,否
2024-11-26,中国电建,601669,5.53,350.6,63.4,平安证券股份有限公司深圳金田路证券营业部,中国国际金融股份有限公司北京建国门外大街证券营业部,否
2024-11-26,京保REIT,508068,3.15,504.48,160,华金证券股份有限公司客户资产管理部,中信建投证券股份有限公司北京京西分公司,否
2024-11-26,和邦生物,603077,1.99,179.1,90,中国国际金融股份有限公司北京建国门外大街证券营业部,中信建投证券股份有限公司芜湖中山南路证券营业部,否
2024-11-26,*ST卓朗,600225,1.26,62.87,49.9,国泰君安证券股份有限公司成都北一环路证券营业部,广发证券股份有限公司成都新光路证券营业部,否
2024-11-26,*ST卓朗,600225,1.26,62.87,49.9,国泰君安证券股份有限公司成都北一环路证券营业部,广发证券股份有限公司成都新光路证券营业部,否
2024-11-26,*ST卓朗,600225,1.26,62.87,49.9,广发证券股份有限公司成都新光路证券营业部,广发证券股份有限公司成都新光路证券营业部,否
2024-11-26,医药ETF,512010,0.37,1180.12,3189.5,中国银河证券股份有限公司总部,中国国际金融股份有限公司北京建国门外大街证券营业部,否
2024-11-26,医药ETF,512010,0.37,370,1000,广发证券股份有限公司福州儒江西路证券营业部,中国国际金融股份有限公司北京建国门外大街证券营业部,否
2024-11-26,医药ETF,512010,0.37,259,700,广发证券股份有限公司福州儒江西路证券营业部,中国国际金融股份有限公司北京建国门外大街证券营业部,否
2024-11-26,医药ETF,512010,0.37,111,300,中国银河证券股份有限公司总部,华泰证券股份有限公司上海浦东新区世纪大道证券营业部,否
2024-11-26,医药ETF,512010,0.37,88.99,240.5,中国银河证券股份有限公司总部,中国国际金融股份有限公司北京建国门外大街证券营业部,否
2024-11-26,医药ETF,512010,0.37,74,200,中国银河证券股份有限公司总部,华泰证券股份有限公司北京雍和宫证券营业部,否
2024-11-26,医疗ETF,512170,0.33,99.9,300,中国银河证券股份有限公司总部,兴业证券股份有限公司福州湖东路证券营业部,否
2024-11-25,片仔癀,600436,236,448.4,1.9,中信证券股份有限公司上海分公司,机构专用,否
2024-11-25,赛力斯,601127,121.35,1171.78,9.66,东莞证券股份有限公司东莞塘厦证券营业部,中信建投证券股份有限公司上海闵行区顾戴路证券营业部,否
2024-11-25,赛力斯,601127,121.35,485.4,4,湘财证券股份有限公司西安沣惠南路证券营业部,中信建投证券股份有限公司上海闵行区顾戴路证券营业部,否
2024-11-25,赛力斯,601127,121.35,451.42,3.72,华林证券股份有限公司湖南分公司,中信建投证券股份有限公司上海闵行区顾戴路证券营业部,否
2024-11-25,赛力斯,601127,121.35,232.53,1.92,中信建投证券股份有限公司深圳宝安海秀路证券营业部,中信建投证券股份有限公司上海闵行区顾戴路证券营业部,否
2024-11-25,纳芯微,688052,111.6,249.98,2.24,招商证券股份有限公司无锡人民中路证券营业部,招商证券股份有限公司无锡人民中路证券营业部,否
2024-11-25,银华日利,511880,93,371.07,3.99,太平洋证券股份有限公司河北分公司,太平洋证券股份有限公司河北分公司,否
2024-11-25,万润新能,688275,54.2,1762.04,32.51,中信证券股份有限公司总部(非营业场所),中信建投证券股份有限公司武汉中北路证券营业部,否
2024-11-25,禾川科技,688320,39.58,2374.8,60,机构专用,中信证券股份有限公司上海红宝石路证券营业部,否
2024-11-25,爱科赛博,688719,30.22,302.2,10,机构专用,国投证券股份有限公司深圳安信金融大厦证券营业部,否
2024-11-25,陕西煤业,601225,23.18,28124.29,1213.3,机构专用,机构专用,否
2024-11-25,首创证券,601136,22.88,201.34,8.8,华泰证券股份有限公司总部,中信证券股份有限公司上海分公司,否
2024-11-25,老白干酒,600559,20.77,201.47,9.7,华泰证券股份有限公司总部,中信证券股份有限公司上海分公司,否
2024-11-25,洪田股份,603800,20.16,201.6,10,机构专用,国联证券股份有限公司南通工农路证券营业部,否
2024-11-25,国邦医药,605507,20,500,25,瑞银证券有限责任公司上海花园石桥路证券营业部,国泰君安证券股份有限公司杭州学院路证券营业部,否
2024-11-25,国邦医药,605507,20,300,15,机构专用,国泰君安证券股份有限公司杭州学院路证券营业部,否
2024-11-25,上海医药,601607,19.54,516.64,26.44,华泰证券股份有限公司常州东横街证券营业部,华泰证券股份有限公司常州花园街证券营业部,否
2024-11-25,上汽集团,600104,19.31,6758.5,350,机构专用,国泰君安证券股份有限公司上海松涛路证券营业部,否
2024-11-25,上汽集团,600104,19.31,6758.5,350,机构专用,国泰君安证券股份有限公司上海松涛路证券营业部,否
2024-11-25,玲珑轮胎,601966,18.81,201.27,10.7,华泰证券股份有限公司总部,中信证券股份有限公司上海分公司,否
2024-11-25,航天晨光,600501,18.36,205.63,11.2,华泰证券股份有限公司泰州分公司,中信证券股份有限公司上海分公司,否
2024-11-25,万业企业,600641,18.28,202.91,11.1,华泰证券股份有限公司总部,中信证券股份有限公司上海分公司,否
2024-11-25,湘电股份,600416,13.05,202.28,15.5,华泰证券股份有限公司总部,中信证券股份有限公司上海分公司,否
2024-11-25,葫芦娃,605199,11.37,397.95,35,中信建投证券股份有限公司总部,华西证券股份有限公司成都东大路证券营业部,否
2024-11-25,葫芦娃,605199,11.37,299.03,26.3,国泰君安证券股份有限公司深圳登良路证券营业部,华西证券股份有限公司成都东大路证券营业部,否
2024-11-25,葫芦娃,605199,11.37,261.51,23,万联证券股份有限公司深圳分公司,华西证券股份有限公司成都东大路证券营业部,否
2024-11-25,葫芦娃,605199,11.37,250.14,22,机构专用,华西证券股份有限公司成都东大路证券营业部,否
2024-11-25,葫芦娃,605199,11.37,200.11,17.6,国投证券股份有限公司佛山北滘证券营业部,华西证券股份有限公司成都东大路证券营业部,否
2024-11-25,华光环能,600475,9.43,201.8,21.4,华泰证券股份有限公司总部,中信证券股份有限公司上海分公司,否
2024-11-25,春雪食品,605567,8.79,379.97,43.23,财通证券股份有限公司江苏分公司,国投证券股份有限公司烟台胜利路证券营业部,否
2024-11-25,江盐集团,601065,8.15,407.5,50,中信建投证券股份有限公司总部,中国中金财富证券有限公司厦门分公司,否
2024-11-25,贵州燃气,600903,7.63,495.95,65,中信证券股份有限公司总部(非营业场所),国泰君安证券股份有限公司深圳人民南路证券营业部,否
2024-11-25,贵州燃气,600903,7.63,305.2,40,中信建投证券股份有限公司总部,国泰君安证券股份有限公司深圳人民南路证券营业部,否
2024-11-25,三友化工,600409,5.66,202.06,35.7,华泰证券股份有限公司总部,中信证券股份有限公司上海分公司,否
2024-11-25,无锡银行,600908,5.22,819.54,157,国联证券股份有限公司无锡玉祁镇湖西路证券营业部,国联证券股份有限公司无锡金融一街证券营业部,否
2024-11-25,新黄浦,600638,5.2,5408,1040,财通证券股份有限公司杭州庆春路证券营业部,兴业证券股份有限公司福州横屿路东泰禾证券营业部,否
2024-11-25,新黄浦,600638,5.2,832,160,华龙证券股份有限公司杭州玉古路证券营业部,兴业证券股份有限公司福州横屿路东泰禾证券营业部,否
2024-11-25,丽尚国潮,600738,4.83,1932,400,华泰证券股份有限公司上海分公司,中信建投证券股份有限公司厦门观日路证券营业部,否
2024-11-25,杭钢股份,600126,4.07,201.87,49.6,华泰证券股份有限公司总部,中信证券股份有限公司上海分公司,否
2024-11-25,民生银行,600016,3.62,108600,30000,光大证券股份有限公司上海世纪大道证券营业部,民生证券股份有限公司北京第一分公司,否
2024-11-25,民生银行,600016,3.62,34525.78,9537.51,光大证券股份有限公司上海世纪大道证券营业部,民生证券股份有限公司北京第一分公司,否
2024-11-25,厦门安居,508058,3.23,496.8,154,申万宏源证券有限公司上海黄浦区福州路证券营业部,国信证券股份有限公司公司总部,否
2024-11-25,福田汽车,600166,2.57,648.03,252.15,国泰君安证券股份有限公司长沙五一大道证券营业部,国泰君安证券股份有限公司总部,否
2024-11-25,康美药业,600518,2.29,201.98,88.2,华泰证券股份有限公司总部,中信证券股份有限公司上海分公司,否
2024-11-25,美国50,513850,1.38,344.75,250,瑞银证券有限责任公司上海花园石桥路证券营业部,华宝证券股份有限公司上海东大名路证券营业部,否
2024-11-25,东南亚,513730,1.37,1505.9,1100,瑞银证券有限责任公司上海花园石桥路证券营业部,华宝证券股份有限公司上海东大名路证券营业部,否
2024-11-25,*ST卓朗,600225,1.33,66.49,49.99,财通证券股份有限公司杭州文二西路证券营业部,申万宏源证券有限公司桐乡和平路证券营业部,否
2024-11-25,新汽车,515030,1.29,387.9,300,华泰证券股份有限公司总部,国投证券股份有限公司总部,否
2024-11-25,酒ETF,512690,0.62,311,500,华泰证券股份有限公司总部,国投证券股份有限公司总部,否
2024-11-25,医疗ETF,512170,0.33,334,1000,华泰证券股份有限公司苏州干将西路证券营业部,中国国际金融股份有限公司北京建国门外大街证券营业部,否
2024-11-22,贵州茅台,600519,1507.82,241.25,0.16,平安证券股份有限公司深圳金田路证券营业部,中国国际金融股份有限公司北京建国门外大街证券营业部,否
2024-11-22,贵州茅台,600519,1507.82,241.25,0.16,平安证券股份有限公司深圳金田路证券营业部,中国国际金融股份有限公司北京建国门外大街证券营业部,否
2024-11-22,贵州茅台,600519,1392,904.8,0.65,长城证券股份有限公司深圳分公司,华安证券股份有限公司深圳深南西路证券营业部,否
2024-11-22,贵州茅台,600519,1392,807.36,0.58,联储证券股份有限公司上海分公司,华安证券股份有限公司深圳深南西路证券营业部,否
2024-11-22,赛力斯,601127,123.99,412.89,3.33,华林证券股份有限公司湖南分公司,中信建投证券股份有限公司上海闵行区顾戴路证券营业部,否
2024-11-22,赛力斯,601127,123.99,354.14,2.86,招商证券股份有限公司深圳益田路免税商务大厦证券营业部,中信建投证券股份有限公司上海闵行区顾戴路证券营业部,否
2024-11-22,赛力斯,601127,123.99,319.89,2.58,中信建投证券股份有限公司深圳宝安海秀路证券营业部,中信建投证券股份有限公司上海闵行区顾戴路证券营业部,否
2024-11-22,赛力斯,601127,123.99,269.37,2.17,招商证券股份有限公司深圳益田路免税商务大厦证券营业部,中信建投证券股份有限公司上海闵行区顾戴路证券营业部,否
2024-11-22,龙芯中科,688047,123.5,741.68,6.01,中信证券股份有限公司上海世博馆路证券营业部,华安证券股份有限公司上海浦东南路证券营业部,否
2024-11-22,银华日利,511880,98,404.74,4.13,太平洋证券股份有限公司河北分公司,太平洋证券股份有限公司河北分公司,否
2024-11-22,恒瑞医药,600276,53.09,6408.98,120.72,中国银河证券股份有限公司连云港通灌南路证券营业部,国投证券股份有限公司连云港郁州北路证券营业部,否
2024-11-22,万润新能,688275,51.22,1024.4,20,机构专用,中信建投证券股份有限公司武汉中北路证券营业部,否
2024-11-22,芯动联科,688582,46.02,230.1,5,东兴证券股份有限公司成都都江堰市迎宾路证券营业部,海通证券股份有限公司上海黄浦区合肥路证券营业部,否
2024-11-22,中直股份,600038,38.36,7189.05,187.41,中银国际证券股份有限公司北京宣外大街证券营业部,中国银河证券股份有限公司北京金融街证券营业部,否
2024-11-22,陕西煤业,601225,23.41,28403.35,1213.3,机构专用,机构专用,否
2024-11-22,奥来德,688378,20.1,319.35,15.89,申万宏源证券有限公司吉林分公司,申万宏源证券有限公司吉林分公司,否
2024-11-22,昭衍新药,603127,17.68,685.98,38.8,中信证券股份有限公司上海分公司,广发证券股份有限公司温州瓯江路证券营业部,否
2024-11-22,永安期货,600927,13.77,2177.04,158.1,东兴证券股份有限公司杭州绍兴路证券营业部,中信证券股份有限公司上海分公司,否
2024-11-22,康希通信,688653,11.15,1728.25,155,渤海证券股份有限公司郑州金水东路证券营业部,上海证券有限责任公司浦东新区商城路证券营业部,否
2024-11-22,春雪食品,605567,8.19,253.07,30.9,光大证券股份有限公司烟台锦华街证券营业部,国投证券股份有限公司烟台胜利路证券营业部,否
2024-11-22,汇成股份,688403,7.75,1007.5,130,方正证券股份有限公司扬州新城河路证券营业部,海通证券股份有限公司合肥黄山路证券营业部,否
2024-11-22,无锡银行,600908,5.41,1082,200,国联证券股份有限公司无锡玉祁镇湖西路证券营业部,国联证券股份有限公司无锡金融一街证券营业部,否
2024-11-22,海南机场,600515,4.06,1867.6,460,恒泰证券股份有限公司济南燕子山西路证券营业部,信达证券股份有限公司上海浦东新区源深路证券营业部,否
2024-11-22,百川能源,600681,3.8,1892.4,498,国泰君安证券股份有限公司上海陆家嘴东路证券营业部,国泰君安证券股份有限公司上海九江路证券营业部,否
2024-11-22,电建清源,508026,3.59,1793,500,中国中金财富证券有限公司总部,中国中金财富证券有限公司总部,否
2024-11-22,百川能源,600681,3.3,2706,820,国泰君安证券股份有限公司上海陆家嘴东路证券营业部,国泰君安证券股份有限公司上海九江路证券营业部,否
2024-11-22,*ST卓朗,600225,1.4,69.99,49.99,财通证券股份有限公司杭州文二西路证券营业部,申万宏源证券有限公司桐乡和平路证券营业部,否
2024-11-22,证券ETF,512880,1.18,472,400,中国中金财富证券有限公司福州五四路证券营业部,中国国际金融股份有限公司北京建国门外大街证券营业部,否
2024-11-22,科创50,588000,1.07,201.63,189.32,中国中金财富证券有限公司福州五四路证券营业部,中国中金财富证券有限公司福州五四路证券营业部,否
2024-11-22,医疗ETF,512170,0.34,167.5,500,广发证券股份有限公司福州儒江西路证券营业部,国联证券股份有限公司总部,否
2024-11-21,贵州茅台,600519,1545.13,818.92,0.53,平安证券股份有限公司深圳金田路证券营业部,中国国际金融股份有限公司北京建国门外大街证券营业部,否
2024-11-21,贵州茅台,600519,1545.13,309.03,0.2,平安证券股份有限公司深圳金田路证券营业部,中国国际金融股份有限公司北京建国门外大街证券营业部,否
2024-11-21,贵州茅台,600519,1425,840.75,0.59,长城证券股份有限公司深圳分公司,华安证券股份有限公司深圳深南西路证券营业部,否
2024-11-21,贵州茅台,600519,1425,755.25,0.53,联储证券股份有限公司上海分公司,华安证券股份有限公司深圳深南西路证券营业部,否
2024-11-21,寒武纪,688256,514.32,221.16,0.43,华泰证券股份有限公司深圳前海证券营业部,国泰君安证券股份有限公司总部,否
2024-11-21,寒武纪,688256,380,238.87,0.63,平安证券股份有限公司安徽分公司,国信证券股份有限公司南京洪武路证券营业部,否
2024-11-21,金山办公,688111,314,3799.4,12.1,中信建投证券股份有限公司上海浦东新区福山路证券营业部,平安证券股份有限公司广西分公司,否
2024-11-21,赛力斯,601127,129.15,439.11,3.4,招商证券股份有限公司深圳益田路免税商务大厦证券营业部,中信建投证券股份有限公司上海闵行区顾戴路证券营业部,否
2024-11-21,赛力斯,601127,129.15,430.07,3.33,华林证券股份有限公司湖南分公司,中信建投证券股份有限公司上海闵行区顾戴路证券营业部,否
2024-11-21,赛力斯,601127,129.15,333.21,2.58,中信建投证券股份有限公司深圳宝安海秀路证券营业部,中信建投证券股份有限公司上海闵行区顾戴路证券营业部,否
2024-11-21,赛力斯,601127,129.15,252.64,1.96,东方证券股份有限公司西安未央路证券营业部,中信建投证券股份有限公司上海闵行区顾戴路证券营业部,否
2024-11-21,赛力斯,601127,129.15,252.64,1.96,西南证券股份有限公司上海普陀区宜君路证券营业部,中信建投证券股份有限公司上海闵行区顾戴路证券营业部,否
2024-11-21,赛力斯,601127,129.15,218.26,1.69,招商证券股份有限公司深圳益田路免税商务大厦证券营业部,中信建投证券股份有限公司上海闵行区顾戴路证券营业部,否
2024-11-21,赛力斯,601127,129.15,206.64,1.6,招商证券股份有限公司深圳益田路免税商务大厦证券营业部,中信建投证券股份有限公司上海闵行区顾戴路证券营业部,否
2024-11-21,芯动联科,688582,48.73,243.65,5,东兴证券股份有限公司成都都江堰市迎宾路证券营业部,海通证券股份有限公司上海黄浦区合肥路证券营业部,否
2024-11-21,联瑞新材,688300,42.5,245.69,5.78,平安证券股份有限公司安徽分公司,平安证券股份有限公司绵阳火炬北街证券营业部,否
2024-11-21,炬芯科技,688049,35.8,479.72,13.4,申万宏源证券有限公司上海普陀区兰溪路证券营业部,申万宏源证券有限公司珠海分公司,否
2024-11-21,炬芯科技,688049,35.8,200.48,5.6,申万宏源证券有限公司上海普陀区兰溪路证券营业部,申万宏源证券有限公司珠海分公司,否
2024-11-21,爱科赛博,688719,30.15,542.7,18,机构专用,国投证券股份有限公司深圳安信金融大厦证券营业部,否
2024-11-21,康拓医疗,688314,26.6,200.03,7.52,机构专用,华泰证券股份有限公司南京中山东路华泰证券大厦证券营业部,否
2024-11-21,中国动力,600482,23.69,305.84,12.91,海通证券股份有限公司上海嘉定区洪德路证券营业部,中信证券股份有限公司上海分公司,否
2024-11-21,沐邦高科,603398,22.3,1360.3,61,长城证券股份有限公司杭州钱江路证券营业部,长城证券股份有限公司杭州钱江路证券营业部,否
2024-11-21,国睿科技,600562,18.6,316.2,17,中国中金财富证券有限公司石家庄中华南大街证券营业部,财通证券股份有限公司宁波环城北路证券营业部,否
2024-11-21,上汽集团,600104,18.28,26506,1450,华泰证券股份有限公司南京中山东路华泰证券大厦证券营业部,中信证券股份有限公司总部(非营业场所),否
2024-11-21,中金黄金,600489,13.21,455.75,34.5,中信证券股份有限公司上海分公司,广发证券股份有限公司温州瓯江路证券营业部,否
2024-11-21,康希通信,688653,11.05,257.47,23.3,长江证券股份有限公司上海黄兴路证券营业部,上海证券有限责任公司浦东新区商城路证券营业部,否
2024-11-21,康鹏科技,688602,8.53,1975.49,231.59,机构专用,华泰证券股份有限公司北京西三环国际财经中心证券营业部,否
2024-11-21,春雪食品,605567,8.1,251.91,31.1,光大证券股份有限公司烟台锦华街证券营业部,国投证券股份有限公司烟台胜利路证券营业部,否
2024-11-21,深圳燃气,601139,7.41,299.14,40.37,海通证券股份有限公司上海嘉定区洪德路证券营业部,中信证券股份有限公司上海分公司,否
2024-11-21,亚士创能,603378,6.95,1390,200,万联证券股份有限公司上海浦东新区世纪大道证券营业部,中信证券股份有限公司杭州富春路证券营业部,否
2024-11-21,星湖科技,600866,6.71,4953.44,738.22,中信证券股份有限公司总部(非营业场所),国投证券股份有限公司陕西分公司,否
2024-11-21,星湖科技,600866,6.71,3035.97,452.46,中信证券股份有限公司总部(非营业场所),南京证券股份有限公司银川湖滨东街证券营业部,否
2024-11-21,赛福天,603028,6.5,195,30,机构专用,广发证券股份有限公司无锡太湖东大道证券营业部,否
2024-11-21,工商银行,601398,5.66,457.78,80.88,粤开证券股份有限公司深圳深南大道证券营业部,国盛证券有限责任公司长春景阳大路证券营业部,否
2024-11-21,无锡银行,600908,5.43,1086,200,国联证券股份有限公司无锡玉祁镇湖西路证券营业部,国联证券股份有限公司无锡金融一街证券营业部,否
2024-11-21,创新新材,600361,4,2000,500,机构专用,国泰君安证券股份有限公司上海江苏路证券营业部,否
2024-11-21,建设机械,600984,3.85,900.9,234,华西证券股份有限公司深圳海天一路证券营业部,广发证券股份有限公司深圳深南东路证券营业部,否
2024-11-21,红豆股份,600400,3.3,2211,670,万和证券股份有限公司深圳沙嘴路证券营业部,万和证券股份有限公司深圳沙嘴路证券营业部,否
2024-11-21,ST百利,603959,2.62,117.9,45,国信证券股份有限公司烟台环山路证券营业部,联储证券股份有限公司烟台分公司,否
2024-11-21,康美药业,600518,2.4,213.55,88.98,海通证券股份有限公司上海嘉定区洪德路证券营业部,中信证券股份有限公司上海分公司,否
2024-11-21,*ST卓朗,600225,1.47,58.79,39.99,财通证券股份有限公司杭州文二西路证券营业部,财通证券股份有限公司杭州文二西路证券营业部,否
2024-11-21,科创50,588000,1.07,311.2,292.21,中国中金财富证券有限公司福州五四路证券营业部,光大证券股份有限公司福州五一北路证券营业部,否
2024-11-21,医疗ETF,512170,0.35,175,500,广发证券股份有限公司福州儒江西路证券营业部,国联证券股份有限公司总部,否
2024-11-20,贵州茅台,600519,1544.81,772.41,0.5,平安证券股份有限公司深圳金田路证券营业部,中国国际金融股份有限公司北京建国门外大街证券营业部,否
2024-11-20,赛力斯,601127,129.72,998.84,7.7,东方证券股份有限公司西安未央路证券营业部,中信建投证券股份有限公司上海闵行区顾戴路证券营业部,否
2024-11-20,赛力斯,601127,129.72,998.84,7.7,西南证券股份有限公司上海普陀区宜君路证券营业部,中信建投证券股份有限公司上海闵行区顾戴路证券营业部,否
2024-11-20,赛力斯,601127,129.72,751.08,5.79,恒泰证券股份有限公司北京德胜门外大街证券营业部,中信建投证券股份有限公司上海闵行区顾戴路证券营业部,否
2024-11-20,赛力斯,601127,129.72,441.05,3.4,招商证券股份有限公司深圳益田路免税商务大厦证券营业部,中信建投证券股份有限公司上海闵行区顾戴路证券营业部,否
2024-11-20,赛力斯,601127,129.72,431.97,3.33,华林证券股份有限公司湖南分公司,中信建投证券股份有限公司上海闵行区顾戴路证券营业部,否
2024-11-20,赛力斯,601127,129.72,334.68,2.58,中信建投证券股份有限公司深圳宝安海秀路证券营业部,中信建投证券股份有限公司上海闵行区顾戴路证券营业部,否
2024-11-20,赛力斯,601127,129.72,207.55,1.6,招商证券股份有限公司深圳益田路免税商务大厦证券营业部,中信建投证券股份有限公司上海闵行区顾戴路证券营业部,否
2024-11-20,汇顶科技,603160,84.42,202.61,2.4,华泰证券股份有限公司总部,中信证券股份有限公司上海分公司,否
2024-11-20,春秋航空,601021,59.44,202.1,3.4,华泰证券股份有限公司总部,中信证券股份有限公司上海分公司,否
2024-11-20,恒瑞医药,600276,52.16,7320.66,140.35,财通证券股份有限公司常熟枫林路证券营业部,国投证券股份有限公司连云港郁州北路证券营业部,否
2024-11-20,艾力斯,688578,50.73,1065.33,21,华金证券股份有限公司上海纪翟路证券营业部,中信证券股份有限公司上海分公司,否
2024-11-20,芯动联科,688582,49.13,245.65,5,东兴证券股份有限公司成都都江堰市迎宾路证券营业部,海通证券股份有限公司上海黄浦区合肥路证券营业部,否
2024-11-20,联瑞新材,688300,42.62,213.1,5,平安证券股份有限公司安徽分公司,平安证券股份有限公司绵阳火炬北街证券营业部,否
2024-11-20,甘李药业,603087,42.5,850,20,中信证券股份有限公司南京双龙大道证券营业部,中信证券股份有限公司北京建外大街证券营业部,否
2024-11-20,甘李药业,603087,42.5,531.25,12.5,中国中金财富证券有限公司深圳分公司,中信证券股份有限公司北京建外大街证券营业部,否
2024-11-20,甘李药业,603087,42.5,531.25,12.5,中国银河证券股份有限公司金华证券营业部,中信证券股份有限公司北京建外大街证券营业部,否
2024-11-20,甘李药业,603087,42.5,467.5,11,广发证券股份有限公司南京水佑岗证券营业部,中信证券股份有限公司北京建外大街证券营业部,否
2024-11-20,甘李药业,603087,42.5,382.52,9,国都证券股份有限公司江苏分公司,中信证券股份有限公司北京建外大街证券营业部,否
2024-11-20,甘李药业,603087,42.5,382.5,9,国都证券股份有限公司江苏分公司,中信证券股份有限公司北京建外大街证券营业部,否
2024-11-20,甘李药业,603087,42.5,318.75,7.5,中信证券股份有限公司总部(非营业场所),中信证券股份有限公司北京建外大街证券营业部,否
2024-11-20,甘李药业,603087,42.5,318.75,7.5,机构专用,中信证券股份有限公司北京建外大街证券营业部,否
2024-11-20,甘李药业,603087,42.5,255,6,中信证券股份有限公司南京双龙大道证券营业部,中信证券股份有限公司北京建外大街证券营业部,否
2024-11-20,甘李药业,603087,42.5,212.5,5,民生证券股份有限公司苏州分公司,中信证券股份有限公司北京建外大街证券营业部,否
2024-11-20,热景生物,688068,40.17,220.94,5.5,广发证券股份有限公司珠海凤凰北路证券营业部,中国银河证券股份有限公司浙江分公司,否
2024-11-20,汇通能源,600605,39.95,719.1,18,国联证券股份有限公司杭州文晖路证券营业部,中泰证券股份有限公司北京安立路证券营业部,否
2024-11-20,海尔生物,688139,32.8,1738.4,53,机构专用,中信证券股份有限公司上海世博馆路证券营业部,否
2024-11-20,海尔生物,688139,32.8,262.4,8,机构专用,中信证券股份有限公司上海世博馆路证券营业部,否
2024-11-20,海尔生物,688139,32.8,229.6,7,国泰君安证券股份有限公司总部,中信证券股份有限公司上海世博馆路证券营业部,否
2024-11-20,海尔生物,688139,32.8,200.08,6.1,长城证券股份有限公司总部,中信证券股份有限公司上海世博馆路证券营业部,否
2024-11-20,华懋科技,603306,24.3,10076.42,414.67,中信证券股份有限公司东阳吴宁西路证券营业部,招商证券股份有限公司深圳侨香路证券营业部,否
2024-11-20,长城科技,603897,21.39,201.07,9.4,华泰证券股份有限公司总部,中信证券股份有限公司上海分公司,否
2024-11-20,云中马,603130,18.81,2990.79,159,中国银河证券股份有限公司杭州建国北路证券营业部,华泰证券股份有限公司深圳后海中心路证券营业部,否
2024-11-20,深圳新星,603978,17.75,202.35,11.4,华泰证券股份有限公司总部,中信证券股份有限公司上海分公司,否
2024-11-20,上海汽配,603107,17.2,516,30,国投证券股份有限公司福州分公司,兴业证券股份有限公司上海自由贸易试验区分公司,否
2024-11-20,大豪科技,603025,16.06,202.36,12.6,华泰证券股份有限公司总部,中信证券股份有限公司上海分公司,否
2024-11-20,永安期货,600927,14.39,286.65,19.92,中信证券股份有限公司上海分公司,华泰证券股份有限公司总部,否
2024-11-20,康众医疗,688607,13.37,267.4,20,广发证券股份有限公司北京鲁谷路证券营业部,中信证券股份有限公司上海分公司,否
2024-11-20,小商品城,600415,12.74,445.14,34.94,中国中金财富证券有限公司福州五四路证券营业部,中国国际金融股份有限公司北京建国门外大街证券营业部,否
2024-11-20,四方科技,603339,12.64,648.05,51.27,中国银河证券股份有限公司北京兴华大街证券营业部,中国银河证券股份有限公司北京中关村大街证券营业部,否
2024-11-20,四方科技,603339,12.63,295.04,23.36,财信证券股份有限公司长沙芙蓉中路证券营业部,招商证券股份有限公司北京建国路证券营业部,否
2024-11-20,良品铺子,603719,11.03,200.75,18.2,机构专用,广发证券股份有限公司武汉纺织路证券营业部,否
2024-11-20,上海临港,600848,10.82,2549.19,235.6,方正证券股份有限公司总部,招商证券股份有限公司深圳招商证券大厦证券营业部,否
2024-11-20,凌云股份,600480,10.01,202.2,20.2,华泰证券股份有限公司总部,中信证券股份有限公司上海分公司,否
2024-11-20,渤海轮渡,603167,9.18,201.96,22,华泰证券股份有限公司总部,中信证券股份有限公司上海分公司,否
2024-11-20,春雪食品,605567,8.86,310.1,35,机构专用,国投证券股份有限公司烟台胜利路证券营业部,否
2024-11-20,北汽蓝谷,600733,8.74,201.89,23.1,华泰证券股份有限公司总部,中信证券股份有限公司上海分公司,否
2024-11-20,春雪食品,605567,8,252,31.5,光大证券股份有限公司烟台锦华街证券营业部,国投证券股份有限公司烟台胜利路证券营业部,否
2024-11-20,贵州燃气,600903,7.73,309.2,40,机构专用,国泰君安证券股份有限公司深圳人民南路证券营业部,否
2024-11-20,科美诊断,688468,7.19,301.94,41.99,机构专用,中信证券股份有限公司北京紫竹院路证券营业部,否
2024-11-20,返利科技,600228,7.01,1322.59,188.67,中信建投证券股份有限公司总部,华泰证券股份有限公司南京中山东路华泰证券大厦证券营业部,否
2024-11-20,湘财股份,600095,6.82,1705,250,机构专用,湘财证券股份有限公司杭州文二西路证券营业部,否
2024-11-20,湘财股份,600095,6.82,200.51,29.4,机构专用,湘财证券股份有限公司杭州文二西路证券营业部,否
2024-11-20,星湖科技,600866,6.61,1586.4,240,方正证券股份有限公司总部,南京证券股份有限公司银川湖滨东街证券营业部,否
2024-11-20,星湖科技,600866,6.61,1322,200,机构专用,国投证券股份有限公司陕西分公司,否
2024-11-20,星湖科技,600866,6.61,594.9,90,财通证券股份有限公司江苏分公司,国投证券股份有限公司陕西分公司,否
2024-11-20,星湖科技,600866,6.61,462.7,70,西部证券股份有限公司西安东大街证券营业部,国投证券股份有限公司陕西分公司,否
2024-11-20,无锡银行,600908,5.5,1100,200,国联证券股份有限公司无锡玉祁镇湖西路证券营业部,国联证券股份有限公司无锡金融一街证券营业部,否
2024-11-20,瑞茂通,600180,5.06,1598.96,316,中信建投证券股份有限公司郑州经三北路证券营业部,招商证券股份有限公司郑州北龙湖证券营业部,否
2024-11-20,ST盛屯,600711,4.93,167.62,34,中信证券股份有限公司上海分公司,广发证券股份有限公司温州瓯江路证券营业部,否
2024-11-20,创新新材,600361,4.04,2020,500,机构专用,国泰君安证券股份有限公司上海江苏路证券营业部,否
2024-11-20,招商南油,601975,3.28,202.05,61.6,华泰证券股份有限公司总部,中信证券股份有限公司上海分公司,否
2024-11-20,日照港,600017,3.27,202.09,61.8,华泰证券股份有限公司总部,中信证券股份有限公司上海分公司,否
2024-11-20,包钢股份,600010,1.94,101.52,52.33,中国中金财富证券有限公司福州五四路证券营业部,中国国际金融股份有限公司北京建国门外大街证券营业部,否
2024-11-20,标普ETF,513650,1.56,2184,1400,瑞银证券有限责任公司上海花园石桥路证券营业部,华宝证券股份有限公司上海东大名路证券营业部,否
2024-11-20,*ST卓朗,600225,1.55,49.32,31.82,东亚前海证券有限责任公司苏州留园路证券营业部,华源证券股份有限公司江苏分公司,否
2024-11-20,半导体,512480,1.06,212,200,中国中金财富证券有限公司福州五四路证券营业部,中国中金财富证券有限公司福州五四路证券营业部,否
2024-11-20,医疗ETF,512170,0.35,354,1000,国联证券股份有限公司总部,中国国际金融股份有限公司北京建国门外大街证券营业部,否
2024-11-19,赛力斯,601127,129.39,1164.51,9,国泰君安证券股份有限公司西安东关正街证券营业部,中信建投证券股份有限公司上海闵行区顾戴路证券营业部,否
2024-11-19,赛力斯,601127,129.39,341.59,2.64,恒泰证券股份有限公司北京中关村北二街证券营业部,中信建投证券股份有限公司上海闵行区顾戴路证券营业部,否
2024-11-19,派克新材,605123,51.58,876.86,17,国联证券股份有限公司无锡胡埭镇人民东路证券营业部,中信证券股份有限公司无锡分公司,否
2024-11-19,派克新材,605123,51.58,618.96,12,国联证券股份有限公司深圳分公司,中信证券股份有限公司无锡分公司,否
2024-11-19,派克新材,605123,51.29,1589.99,31,华泰证券股份有限公司无锡分公司,中信证券股份有限公司无锡分公司,否
2024-11-19,奥特维,688516,49.33,225.93,4.58,国泰君安证券股份有限公司总部,中信证券股份有限公司上海分公司,否
2024-11-19,芯动联科,688582,46.65,233.25,5,东兴证券股份有限公司成都都江堰市迎宾路证券营业部,海通证券股份有限公司上海黄浦区合肥路证券营业部,否
2024-11-19,联瑞新材,688300,41.12,294.42,7.16,平安证券股份有限公司安徽分公司,平安证券股份有限公司绵阳火炬北街证券营业部,否
2024-11-19,中金公司,601995,36.18,209.84,5.8,华泰证券股份有限公司总部,中信证券股份有限公司上海分公司,否
2024-11-19,恒生电子,600570,30,210,7,华泰证券股份有限公司总部,中信证券股份有限公司上海分公司,否
2024-11-19,长飞光纤,601869,28.8,210.24,7.3,华泰证券股份有限公司总部,中信证券股份有限公司上海分公司,否
2024-11-19,晶方科技,603005,28.44,210.46,7.4,华泰证券股份有限公司总部,中信证券股份有限公司上海分公司,否
2024-11-19,九丰能源,605090,27.95,209.63,7.5,华泰证券股份有限公司总部,中信证券股份有限公司上海分公司,否
2024-11-19,文灿股份,603348,27.55,209.38,7.6,华泰证券股份有限公司总部,中信证券股份有限公司上海分公司,否
2024-11-19,工业富联,601138,23.72,211.11,8.9,华泰证券股份有限公司总部,中信证券股份有限公司上海分公司,否
2024-11-19,陕西煤业,601225,23.71,4883.31,205.96,机构专用,机构专用,否
2024-11-19,华懋科技,603306,23.4,11980.8,512,中国银河证券股份有限公司中山小榄升平东路证券营业部,招商证券股份有限公司深圳侨香路证券营业部,否
2024-11-19,中国动力,600482,23.23,209.07,9,华泰证券股份有限公司总部,中信证券股份有限公司上海分公司,否
2024-11-19,沐邦高科,603398,22.3,1698.59,76.17,财通证券股份有限公司杭州文二西路证券营业部,华福证券有限责任公司杭州江南大道证券营业部,否
2024-11-19,莱特光电,688150,21.45,600.6,28,中信证券股份有限公司总部(非营业场所),中信证券股份有限公司北京金融大街证券营业部,否
2024-11-19,莱特光电,688150,21.45,471.9,22,中信证券股份有限公司总部(非营业场所),中信证券股份有限公司北京金融大街证券营业部,否
2024-11-19,威迈斯,688612,20.25,810,40,中信证券股份有限公司深圳前海分公司,中信证券股份有限公司深圳前海分公司,否
2024-11-19,华泰证券,601688,18.48,221.21,11.97,国泰君安证券股份有限公司总部,中信证券股份有限公司上海分公司,否
2024-11-19,赤峰黄金,600988,16.92,414.54,24.5,长江证券股份有限公司济南经十路证券营业部,湘财证券股份有限公司山东分公司,否
2024-11-19,艾迪精密,603638,16.6,210.82,12.7,华泰证券股份有限公司总部,中信证券股份有限公司上海分公司,否
2024-11-19,华峰铝业,601702,15.72,210.65,13.4,华泰证券股份有限公司总部,中信证券股份有限公司上海分公司,否
2024-11-19,睿能科技,603933,15.15,1827.7,120.64,瑞银证券有限责任公司上海花园石桥路证券营业部,摩根大通证券（中国）有限公司上海银城中路证券营业部,否
2024-11-19,康希通信,688653,13.28,1328,100,机构专用,招商证券股份有限公司上海世纪大道证券营业部,否
2024-11-19,西藏珠峰,600338,13.14,210.24,16,华泰证券股份有限公司总部,中信证券股份有限公司上海分公司,否
2024-11-19,中文传媒,600373,12.83,210.41,16.4,华泰证券股份有限公司总部,中信证券股份有限公司上海分公司,否
2024-11-19,千禾味业,603027,12.7,222.76,17.54,国泰君安证券股份有限公司总部,中信证券股份有限公司上海分公司,否
2024-11-19,海通证券,600837,11.71,209.61,17.9,华泰证券股份有限公司总部,中信证券股份有限公司上海分公司,否
2024-11-19,赛伍技术,603212,10.8,200.88,18.6,机构专用,中国国际金融股份有限公司北京建国门外大街证券营业部,否
2024-11-19,赛伍技术,603212,10.8,200.88,18.6,长江证券股份有限公司北京百万庄大街证券营业部,中国国际金融股份有限公司北京建国门外大街证券营业部,否
2024-11-19,良品铺子,603719,10.7,642,60,申万宏源证券有限公司证券投资总部,广发证券股份有限公司武汉纺织路证券营业部,否
2024-11-19,良品铺子,603719,10.7,214,20,申万宏源证券有限公司证券投资总部,广发证券股份有限公司武汉纺织路证券营业部,否
2024-11-19,上海临港,600848,10.69,2565.6,240,国投证券股份有限公司福州分公司,招商证券股份有限公司深圳招商证券大厦证券营业部,否
2024-11-19,保利发展,600048,10.18,219.99,21.61,国泰君安证券股份有限公司总部,中信证券股份有限公司上海分公司,否
2024-11-19,中国核电,601985,9.93,218.66,22.02,国泰君安证券股份有限公司总部,中信证券股份有限公司上海分公司,否
2024-11-19,上海凤凰,600679,9.82,982,100,中国中金财富证券有限公司天津五大道证券营业部,华泰证券股份有限公司天津东丽开发区二纬路证券营业部,否
2024-11-19,航天电子,600879,9.81,209.93,21.4,华泰证券股份有限公司总部,中信证券股份有限公司上海分公司,否
2024-11-19,春雪食品,605567,8.67,260.1,30,机构专用,国投证券股份有限公司烟台胜利路证券营业部,否
2024-11-19,上海环境,601200,8.54,210.08,24.6,华泰证券股份有限公司总部,中信证券股份有限公司上海分公司,否
2024-11-19,苏豪弘业,600128,8.21,1051.45,128.07,瑞银证券有限责任公司上海花园石桥路证券营业部,摩根大通证券（中国）有限公司上海银城中路证券营业部,否
2024-11-19,航天机电,600151,8.18,1636,200,中信建投证券股份有限公司深圳宝安创业二路证券营业部,天风证券股份有限公司深圳分公司,否
2024-11-19,南京高科,600064,8.03,210.39,26.2,华泰证券股份有限公司总部,中信证券股份有限公司上海分公司,否
2024-11-19,恒通股份,603223,8.02,1474.88,183.9,光大证券股份有限公司武汉中北路证券营业部,招商证券股份有限公司龙口港城大道证券营业部,否
2024-11-19,恒通股份,603223,8.02,931.12,116.1,信达证券股份有限公司上海分公司,招商证券股份有限公司龙口港城大道证券营业部,否
2024-11-19,春雪食品,605567,8,251.31,31.41,光大证券股份有限公司烟台锦华街证券营业部,国投证券股份有限公司烟台胜利路证券营业部,否
2024-11-19,中国铝业,601600,7.94,223.99,28.21,国泰君安证券股份有限公司总部,中信证券股份有限公司上海分公司,否
2024-11-19,新集能源,601918,7.75,210.03,27.1,华泰证券股份有限公司总部,中信证券股份有限公司上海分公司,否
2024-11-19,科美诊断,688468,7.02,421.2,60,中信证券股份有限公司总部(非营业场所),中信证券股份有限公司北京紫竹院路证券营业部,否
2024-11-19,汇嘉时代,603101,6.86,2058,300,开源证券股份有限公司深圳第一分公司,华林证券股份有限公司深圳民田路证券营业部,否
2024-11-19,汇嘉时代,603101,6.86,1344.56,196,平安证券股份有限公司重庆分公司,浙商证券股份有限公司上海第一分公司,否
2024-11-19,汇嘉时代,603101,6.86,1166.2,170,开源证券股份有限公司深圳第一分公司,华林证券股份有限公司深圳民田路证券营业部,否
2024-11-19,汇嘉时代,603101,6.86,686,100,华林证券股份有限公司浙江分公司,浙商证券股份有限公司上海第一分公司,否
2024-11-19,湘财股份,600095,6.76,3001.44,444,机构专用,湘财证券股份有限公司杭州文二西路证券营业部,否
2024-11-19,湘财股份,600095,6.76,371.8,55,中信证券股份有限公司总部(非营业场所),湘财证券股份有限公司杭州文二西路证券营业部,否
2024-11-19,湘财股份,600095,6.76,200.1,29.6,广发证券股份有限公司广州黄埔大道证券营业部,湘财证券股份有限公司杭州文二西路证券营业部,否
2024-11-19,哈投股份,600864,6.68,27657.4,4140.33,机构专用,机构专用,否
2024-11-19,苏州高新,600736,6.26,209.71,33.5,华泰证券股份有限公司总部,中信证券股份有限公司上海分公司,否
2024-11-19,无锡银行,600908,6.11,210.18,34.4,华泰证券股份有限公司总部,中信证券股份有限公司上海分公司,否
2024-11-19,浙文互联,600986,5.84,210.24,36,华泰证券股份有限公司总部,中信证券股份有限公司上海分公司,否
2024-11-19,无锡银行,600908,5.54,1108,200,国联证券股份有限公司无锡玉祁镇湖西路证券营业部,国联证券股份有限公司无锡金融一街证券营业部,否
2024-11-19,瑞丰银行,601528,5.09,3054,600,财通证券股份有限公司绍兴迪荡湖路证券营业部,财通证券股份有限公司绍兴迪荡湖路证券营业部,否
2024-11-19,ST盛屯,600711,4.95,198,40,中信证券股份有限公司上海分公司,广发证券股份有限公司温州瓯江路证券营业部,否
2024-11-19,重庆水务,601158,4.53,4102.63,905.66,中信证券股份有限公司北京北三环中路证券营业部,红塔证券股份有限公司北京万泉庄路证券营业部,否
2024-11-19,中铝国际,601068,4.46,2497.6,560,中信证券股份有限公司北京北三环中路证券营业部,红塔证券股份有限公司北京万泉庄路证券营业部,否
2024-11-19,东峰集团,601515,4.06,214.29,52.78,中国中金财富证券有限公司福州五四路证券营业部,中国国际金融股份有限公司北京建国门外大街证券营业部,否
2024-11-19,广东榕泰,600589,4.04,2511.69,621.71,机构专用,中信证券股份有限公司北京安外大街证券营业部,否
2024-11-19,际华集团,601718,2.99,209.9,70.2,华泰证券股份有限公司总部,中信证券股份有限公司上海分公司,否
2024-11-19,紫金银行,601860,2.98,210.09,70.5,华泰证券股份有限公司总部,中信证券股份有限公司上海分公司,否
2024-11-19,全筑股份,603030,2.88,201.6,70,方正证券股份有限公司杭州滨江通和路证券营业部,中国中金财富证券有限公司宁波狮子街证券营业部,否
2024-11-19,奥瑞德,600666,2.6,1187.42,456.7,申万宏源证券有限公司温州车站大道证券营业部,广发证券股份有限公司深圳深南大道证券营业部,否
2024-11-19,奥瑞德,600666,2.6,553.28,212.8,申万宏源证券有限公司温州车站大道证券营业部,中信建投证券股份有限公司深圳香梅路证券营业部,否
2024-11-19,奥瑞德,600666,2.6,423.02,162.7,申万宏源证券有限公司温州车站大道证券营业部,方正证券股份有限公司深圳福中路证券营业部,否
2024-11-19,ST明诚,600136,1.85,90.65,49,中信证券股份有限公司武汉天地证券营业部,中信证券股份有限公司湖北分公司,否
2024-11-19,*ST卓朗,600225,1.63,65.18,39.99,财通证券股份有限公司杭州文二西路证券营业部,申万宏源证券有限公司桐乡和平路证券营业部,否
2024-11-19,证券ETF,512880,1.23,490,400,中国中金财富证券有限公司总部,中国国际金融股份有限公司北京建国门外大街证券营业部,否
2024-11-19,科创50,588000,1.05,210,200,中国中金财富证券有限公司福州五四路证券营业部,中国中金财富证券有限公司福州五四路证券营业部,否
2024-11-19,半导体,512480,1,305,305,中国中金财富证券有限公司福州五四路证券营业部,中国中金财富证券有限公司福州五四路证券营业部,否
2024-11-18,赛力斯,601127,124.75,2604.78,20.88,恒泰证券股份有限公司北京中关村北二街证券营业部,中信建投证券股份有限公司上海闵行区顾戴路证券营业部,否
2024-11-18,赛力斯,601127,124.75,1128.99,9.05,国泰君安证券股份有限公司西安东关正街证券营业部,中信建投证券股份有限公司上海闵行区顾戴路证券营业部,否
2024-11-18,澜起科技,688008,60.24,602.4,10,国泰君安证券股份有限公司总部,中国中金财富证券有限公司上海浦东新区世纪大道证券营业部,否
2024-11-18,澜起科技,688008,60.24,502.4,8.34,机构专用,中国中金财富证券有限公司上海浦东新区世纪大道证券营业部,否
2024-11-18,澜起科技,688008,60.24,361.44,6,中信证券股份有限公司总部(非营业场所),中国中金财富证券有限公司上海浦东新区世纪大道证券营业部,否
2024-11-18,澜起科技,688008,60.24,251.2,4.17,机构专用,中国中金财富证券有限公司上海浦东新区世纪大道证券营业部,否
2024-11-18,澜起科技,688008,60.24,251.2,4.17,机构专用,中国中金财富证券有限公司上海浦东新区世纪大道证券营业部,否
2024-11-18,芯动联科,688582,43.66,436.6,10,东兴证券股份有限公司成都都江堰市迎宾路证券营业部,海通证券股份有限公司上海黄浦区合肥路证券营业部,否
2024-11-18,中国太保,601601,35.54,2112.85,59.45,瑞银证券有限责任公司上海花园石桥路证券营业部,瑞银证券有限责任公司上海花园石桥路证券营业部,否
2024-11-18,陕西煤业,601225,23.86,4914.21,205.96,机构专用,机构专用,否
2024-11-18,上汽集团,600104,18.35,5505,300,华泰证券股份有限公司南京中山东路华泰证券大厦证券营业部,中信证券股份有限公司总部(非营业场所),否
2024-11-18,兴业银行,601166,18.05,5415,300,中国国际金融股份有限公司深圳分公司,中国中金财富证券有限公司厦门分公司,否
2024-11-18,上海汽配,603107,16.72,501.6,30,东兴证券股份有限公司成都都江堰市迎宾路证券营业部,兴业证券股份有限公司上海自由贸易试验区分公司,否
2024-11-18,深科达,688328,14.65,329.47,22.49,招商证券股份有限公司苏州华池街证券营业部,招商证券股份有限公司苏州华池街证券营业部,否
2024-11-18,索通发展,603612,13.44,979.78,72.9,国泰君安证券股份有限公司总部,长江证券股份有限公司济南经十路证券营业部,否
2024-11-18,明泰铝业,601677,12.45,3047.76,244.8,机构专用,机构专用,否
2024-11-18,明泰铝业,601677,12.45,3006.68,241.5,机构专用,机构专用,否
2024-11-18,西藏珠峰,600338,12.42,4006.69,322.6,金元证券股份有限公司浙江分公司,长城证券股份有限公司杭州钱江路证券营业部,否
2024-11-18,国家电投,508028,10.03,1404.06,140,中信证券股份有限公司客户资产管理部,华福证券有限责任公司平潭金井湾大道证券营业部,否
2024-11-18,国家电投,508028,10.03,263.76,26.3,中信证券股份有限公司客户资产管理部,华福证券有限责任公司平潭金井湾大道证券营业部,否
2024-11-18,春雪食品,605567,8.48,254.4,30,财通证券股份有限公司江苏分公司,国投证券股份有限公司烟台胜利路证券营业部,否
2024-11-18,春雪食品,605567,8,248,31,光大证券股份有限公司烟台锦华街证券营业部,国投证券股份有限公司烟台胜利路证券营业部,否
2024-11-18,鲁北化工,600727,7.65,382.5,50,中信证券股份有限公司总部(非营业场所),中信证券（山东）有限责任公司滨州府前街证券营业部,否
2024-11-18,中储股份,600787,6.88,4608.95,669.91,中信证券股份有限公司总部(非营业场所),民生证券股份有限公司上海漕溪北路证券营业部,否
2024-11-18,中储股份,600787,6.88,3440,500,机构专用,民生证券股份有限公司上海漕溪北路证券营业部,否
2024-11-18,中储股份,600787,6.88,2752,400,机构专用,民生证券股份有限公司上海漕溪北路证券营业部,否
2024-11-18,科美诊断,688468,6.84,273.6,40,中信证券股份有限公司总部(非营业场所),中信证券股份有限公司北京紫竹院路证券营业部,否
2024-11-18,湘财股份,600095,6.81,204.3,30,机构专用,湘财证券股份有限公司杭州文二西路证券营业部,否
2024-11-18,无锡银行,600908,5.36,498.48,93,国联证券股份有限公司无锡玉祁镇湖西路证券营业部,国联证券股份有限公司无锡金融一街证券营业部,否
2024-11-18,武进不锈,603878,5.04,548.96,108.92,海通证券股份有限公司常州健身路证券营业部,海通证券股份有限公司新余分宜钤山东路证券营业部,否
2024-11-18,ST盛屯,600711,4.71,226.08,48,中信证券股份有限公司上海分公司,广发证券股份有限公司温州瓯江路证券营业部,否
2024-11-18,广东榕泰,600589,4.07,2531.54,622,机构专用,中信证券股份有限公司北京安外大街证券营业部,否
2024-11-18,民生银行,600016,3.4,408,120,中信证券股份有限公司北京安外大街证券营业部,中信证券股份有限公司北京安外大街证券营业部,否
2024-11-18,东吴苏园,508027,3.34,969.06,290.4,中国中金财富证券有限公司总部,中国中金财富证券有限公司总部,否
2024-11-18,龙江交通,601188,3.33,243.09,73,粤开证券股份有限公司深圳分公司,中泰证券股份有限公司上海周家嘴路证券营业部,否
2024-11-18,ST百利,603959,2.77,138.5,50,国信证券股份有限公司烟台环山路证券营业部,联储证券股份有限公司烟台分公司,否
2024-11-18,奥瑞德,600666,2.6,1024.09,393.88,长江证券股份有限公司武汉鹦鹉大道证券营业部,中信建投证券股份有限公司深圳香梅路证券营业部,否
2024-11-18,奥瑞德,600666,2.58,1091.64,423.12,中信建投证券股份有限公司武汉香港路证券营业部,中信建投证券股份有限公司深圳香梅路证券营业部,否
2024-11-18,奥瑞德,600666,2.58,366.15,141.92,中信建投证券股份有限公司武汉香港路证券营业部,招商证券股份有限公司深圳南山南油大道证券营业部,否
2024-11-18,包钢股份,600010,1.92,94.85,49.4,中信建投证券股份有限公司福清福和路证券营业部,中国国际金融股份有限公司北京建国门外大街证券营业部,否
2024-11-18,海航控股,600221,1.86,4289.66,2306.27,中信证券华南股份有限公司海南分公司,中国中金财富证券有限公司北京建国门外大街证券营业部,否
2024-11-18,*ST卓朗,600225,1.72,51.65,30.03,财通证券股份有限公司杭州文二西路证券营业部,开源证券股份有限公司杭州婺江路证券营业部,否
2024-11-18,香港证券,513090,1.52,5935.8,3900,瑞银证券有限责任公司上海花园石桥路证券营业部,华宝证券股份有限公司上海东大名路证券营业部,否
2024-11-18,港股科技,513010,0.61,3477,5700,瑞银证券有限责任公司上海花园石桥路证券营业部,华宝证券股份有限公司上海东大名路证券营业部,否
2024-11-18,恒指科技,513180,0.6,178.8,300,国信证券股份有限公司深圳互联网分公司,国联证券股份有限公司总部,否
2024-11-18,医疗ETF,512170,0.34,793.1,2319,兴业证券股份有限公司上海锦康路证券营业部,华泰证券股份有限公司苏州干将西路证券营业部,否
2024-11-18,医疗ETF,512170,0.34,153.9,450,兴业证券股份有限公司上海锦康路证券营业部,华泰证券股份有限公司上海浦东新区世纪大道证券营业部,否
2024-11-15,金山办公,688111,287.88,403.03,1.4,海通证券股份有限公司上海嘉定区洪德路证券营业部,国泰君安证券股份有限公司总部,否
2024-11-15,赛力斯,601127,131.5,2494.56,18.97,恒泰证券股份有限公司北京中关村北二街证券营业部,中信建投证券股份有限公司上海闵行区顾戴路证券营业部,否
2024-11-15,赛力斯,601127,131.5,1069.1,8.13,国泰君安证券股份有限公司西安东关正街证券营业部,中信建投证券股份有限公司上海闵行区顾戴路证券营业部,否
2024-11-15,赛力斯,601127,131.5,380.04,2.89,恒泰证券股份有限公司呼和浩特新城北街证券营业部,中信建投证券股份有限公司上海闵行区顾戴路证券营业部,否
2024-11-15,峰岹科技,688279,130.51,5872.95,45,瑞银证券有限责任公司上海花园石桥路证券营业部,中信证券股份有限公司上海万源路证券营业部,否
2024-11-15,峰岹科技,688279,130.51,3262.75,25,兴业证券股份有限公司哈尔滨友谊路证券营业部,中信证券股份有限公司上海万源路证券营业部,否
2024-11-15,万华化学,600309,76.99,5952.87,77.32,瑞银证券有限责任公司上海花园石桥路证券营业部,中国中金财富证券有限公司深圳分公司,否
2024-11-15,万华化学,600309,76.99,3964.99,51.5,瑞银证券有限责任公司上海花园石桥路证券营业部,国信证券股份有限公司深圳泰九分公司,否
2024-11-15,万泰生物,603392,73.75,6577.03,89.18,招商证券股份有限公司上海陆家嘴东路证券营业部,招商证券股份有限公司上海陆家嘴东路证券营业部,否
2024-11-15,澜起科技,688008,61.86,494.88,8,中信证券股份有限公司南京双龙大道证券营业部,中国中金财富证券有限公司上海浦东新区世纪大道证券营业部,否
2024-11-15,澜起科技,688008,61.86,494.88,8,国都证券股份有限公司江苏分公司,中国中金财富证券有限公司上海浦东新区世纪大道证券营业部,否
2024-11-15,澜起科技,688008,61.86,371.16,6,招商证券股份有限公司西安北大街证券营业部,中国中金财富证券有限公司上海浦东新区世纪大道证券营业部,否
2024-11-15,澜起科技,688008,61.86,200.43,3.24,长城证券股份有限公司总部,中国中金财富证券有限公司上海浦东新区世纪大道证券营业部,否
2024-11-15,派克新材,605123,55.69,3397.09,61,国联证券股份有限公司无锡胡埭镇人民东路证券营业部,中信证券股份有限公司无锡分公司,否
2024-11-15,派克新材,605123,55,3300,60,中信建投证券股份有限公司张家港人民中路证券营业部,中信证券股份有限公司无锡分公司,否
2024-11-15,派克新材,605123,55,2282.5,41.5,华泰证券股份有限公司无锡分公司,中信证券股份有限公司无锡分公司,否
2024-11-15,派克新材,605123,54.56,954.8,17.5,华泰证券股份有限公司无锡分公司,中信证券股份有限公司无锡分公司,否
2024-11-15,敏芯股份,688286,52.23,818.81,15.68,兴业证券股份有限公司哈尔滨友谊路证券营业部,中信证券股份有限公司上海万源路证券营业部,否
2024-11-15,芯动联科,688582,46.68,233.4,5,东兴证券股份有限公司成都都江堰市迎宾路证券营业部,海通证券股份有限公司上海黄浦区合肥路证券营业部,否
2024-11-15,剑桥科技,603083,46.65,379.26,8.13,中信建投证券股份有限公司福清福和路证券营业部,中国国际金融股份有限公司北京建国门外大街证券营业部,否
2024-11-15,呈和科技,688625,36.83,612.21,16.62,机构专用,广发证券股份有限公司广州天河路证券营业部,否
2024-11-15,马应龙,600993,25.69,4788.62,186.4,机构专用,机构专用,否
2024-11-15,马应龙,600993,25.69,3958.83,154.1,机构专用,机构专用,否
2024-11-15,东芯股份,688110,22.64,384.88,17,中国国际金融股份有限公司北京建国门外大街证券营业部,中国中金财富证券有限公司福州五四路证券营业部,否
2024-11-15,隆基绿能,601012,21.01,213.67,10.17,中国银河证券股份有限公司深圳高新南一道中科大厦证券营业部,招商证券股份有限公司南昌北京西路证券营业部,否
2024-11-15,光大证券,601788,19.79,428.06,21.63,中信建投证券股份有限公司福清福和路证券营业部,中国国际金融股份有限公司北京建国门外大街证券营业部,否
2024-11-15,华荣股份,603855,18.71,5613,300,中信证券股份有限公司上海徐汇区漕溪北路证券营业部,中国银河证券股份有限公司庆元濛洲街证券营业部,否
2024-11-15,深科达,688328,15.25,442.25,29,招商证券股份有限公司苏州华池街证券营业部,招商证券股份有限公司苏州华池街证券营业部,否
2024-11-15,明泰铝业,601677,13.13,3214.22,244.8,机构专用,机构专用,否
2024-11-15,明泰铝业,601677,13.13,3170.9,241.5,机构专用,机构专用,否
2024-11-15,四方科技,603339,12.72,259.49,20.4,财信证券股份有限公司长沙芙蓉中路证券营业部,招商证券股份有限公司北京建国路证券营业部,否
2024-11-15,鼎胜新材,603876,9.25,299.87,32.42,机构专用,中信证券股份有限公司北京天通苑证券营业部,否
2024-11-15,鼎胜新材,603876,9.25,203.5,22,华泰证券股份有限公司深圳深南大道基金大厦证券营业部,中信证券股份有限公司北京天通苑证券营业部,否
2024-11-15,鼎胜新材,603876,9.25,203.5,22,广发证券股份有限公司广州黄埔大道证券营业部,中信证券股份有限公司北京天通苑证券营业部,否
2024-11-15,华能国际,600011,7.12,7115.87,999.42,长城证券股份有限公司广州天河北路证券营业部,长城证券股份有限公司北京阜成门外大街证券营业部,否
2024-11-15,科美诊断,688468,7.04,281.6,40,中信证券股份有限公司总部(非营业场所),中信证券股份有限公司北京紫竹院路证券营业部,否
2024-11-15,天富能源,600509,6.63,248.89,37.54,中国国际金融股份有限公司北京建国门外大街证券营业部,中信建投证券股份有限公司福清福和路证券营业部,否
2024-11-15,中储股份,600787,6.13,3678,600,中信证券股份有限公司总部(非营业场所),民生证券股份有限公司上海漕溪北路证券营业部,否
2024-11-15,中国联通,600050,5.81,531.03,91.4,中信建投证券股份有限公司福清福和路证券营业部,中国国际金融股份有限公司北京建国门外大街证券营业部,否
2024-11-15,ST盛屯,600711,4.77,228.96,48,中信证券股份有限公司上海分公司,广发证券股份有限公司温州瓯江路证券营业部,否
2024-11-15,淮河能源,600575,3.56,999.97,280.89,国元证券股份有限公司合肥长江路证券营业部,国都证券股份有限公司江苏分公司,否
2024-11-15,ST明诚,600136,1.98,97.02,49,中信证券股份有限公司武汉天地证券营业部,中信证券股份有限公司湖北分公司,否
2024-11-14,海光信息,688041,129.9,7794,60,国泰君安证券股份有限公司总部,瑞银证券有限责任公司上海花园石桥路证券营业部,否
2024-11-14,珀莱雅,603605,94.07,14083.22,149.71,瑞银证券有限责任公司上海花园石桥路证券营业部,摩根大通证券（中国）有限公司上海银城中路证券营业部,否
2024-11-14,中芯国际,688981,91.21,456.05,5,申万宏源证券有限公司上海徐汇区云锦路证券营业部,财通证券股份有限公司上海漕溪路证券营业部,否
2024-11-14,保隆科技,603197,41.77,204.67,4.9,华泰证券股份有限公司总部,中信证券股份有限公司上海分公司,否
2024-11-14,呈和科技,688625,37.56,676.08,18,机构专用,广发证券股份有限公司广州天河路证券营业部,否
2024-11-14,中金公司,601995,37,21460,580,机构专用,中信证券（山东）有限责任公司青岛南京路证券营业部,否
2024-11-14,中金公司,601995,37,21460,580,机构专用,中信证券（山东）有限责任公司青岛南京路证券营业部,否
2024-11-14,中金公司,601995,37,610.87,16.51,机构专用,中信证券（山东）有限责任公司青岛南京路证券营业部,否
2024-11-14,安孚科技,603031,28,308,11,机构专用,方正证券股份有限公司北京荣华中路证券营业部,否
2024-11-14,中船防务,600685,26.46,203.74,7.7,华泰证券股份有限公司总部,中信证券股份有限公司上海分公司,否
2024-11-14,重庆百货,600729,26.25,202.13,7.7,华泰证券股份有限公司总部,中信证券股份有限公司上海分公司,否
2024-11-14,马应龙,600993,25.72,4794.21,186.4,机构专用,机构专用,否
2024-11-14,马应龙,600993,25.72,3963.45,154.1,机构专用,机构专用,否
2024-11-14,新华网,603888,24.86,203.85,8.2,华泰证券股份有限公司总部,中信证券股份有限公司上海分公司,否
2024-11-14,信宇人,688573,24.64,933.97,37.9,中信建投证券股份有限公司总部,中国银河证券股份有限公司深圳深南大道证券营业部,否
2024-11-14,北方稀土,600111,24.13,202.69,8.4,华泰证券股份有限公司总部,中信证券股份有限公司上海分公司,否
2024-11-14,中国动力,600482,23.83,202.56,8.5,华泰证券股份有限公司总部,中信证券股份有限公司上海分公司,否
2024-11-14,中科软,603927,23.35,350.25,15,申万宏源证券有限公司上海徐汇区云锦路证券营业部,财通证券股份有限公司上海漕溪路证券营业部,否
2024-11-14,上海汽配,603107,16.98,509.4,30,东兴证券股份有限公司成都都江堰市迎宾路证券营业部,兴业证券股份有限公司上海自由贸易试验区分公司,否
2024-11-14,康缘药业,600557,15.26,202.96,13.3,华泰证券股份有限公司总部,中信证券股份有限公司上海分公司,否
2024-11-14,晋控煤业,601001,14.67,202.45,13.8,华泰证券股份有限公司总部,中信证券股份有限公司上海分公司,否
2024-11-14,中船科技,600072,14.22,203.35,14.3,华泰证券股份有限公司总部,中信证券股份有限公司上海分公司,否
2024-11-14,长城军工,601606,12.88,203.5,15.8,华泰证券股份有限公司总部,中信证券股份有限公司上海分公司,否
2024-11-14,贵航股份,600523,12.4,223.2,18,国泰君安证券股份有限公司上海浦东新区锦康路证券营业部,中国中金财富证券有限公司苏州苏绣路证券营业部,否
2024-11-14,珍宝岛,603567,11.87,202.98,17.1,华泰证券股份有限公司总部,中信证券股份有限公司上海分公司,否
2024-11-14,信安世纪,688201,10.59,579.26,54.7,机构专用,东方财富证券股份有限公司上海分公司,否
2024-11-14,国家电投,508028,10.02,500.85,50,中信证券股份有限公司客户资产管理部,华福证券有限责任公司平潭金井湾大道证券营业部,否
2024-11-14,风语筑,603466,8.98,202.95,22.6,华泰证券股份有限公司总部,中信证券股份有限公司上海分公司,否
2024-11-14,红塔证券,601236,8.85,202.67,22.9,华泰证券股份有限公司总部,中信证券股份有限公司上海分公司,否
2024-11-14,金杯汽车,600609,7.98,202.69,25.4,华泰证券股份有限公司总部,中信证券股份有限公司上海分公司,否
2024-11-14,中国出版,601949,7.86,202.79,25.8,华泰证券股份有限公司总部,中信证券股份有限公司上海分公司,否
2024-11-14,科美诊断,688468,7.23,216.9,30,中信证券股份有限公司总部(非营业场所),中信证券股份有限公司北京紫竹院路证券营业部,否
2024-11-14,歌华有线,600037,6.89,1088.14,157.93,中泰证券股份有限公司济南泺源大街证券营业部,中信建投证券股份有限公司济南经四路证券营业部,否
2024-11-14,中国人保,601319,6.71,925.98,138,浙商证券股份有限公司义乌江滨北路证券营业部,浙商证券股份有限公司义乌江滨北路证券营业部,否
2024-11-14,招商轮船,601872,6.5,491.53,75.62,东北证券股份有限公司济南经十东路证券营业部,中泰证券股份有限公司济南泺源大街证券营业部,否
2024-11-14,华电科工,601226,6.16,203.28,33,华泰证券股份有限公司总部,中信证券股份有限公司上海分公司,否
2024-11-14,国发股份,600538,4.83,4830,1000,中信证券股份有限公司总部(非营业场所),广发证券股份有限公司广州花城大道证券营业部,否
2024-11-14,国发股份,600538,4.83,4830,1000,机构专用,广发证券股份有限公司广州花城大道证券营业部,否
2024-11-14,淮河能源,600575,3.52,1000,284.09,国元证券股份有限公司合肥长江路证券营业部,国都证券股份有限公司江苏分公司,否
2024-11-14,华银电力,600744,3.42,203.15,59.4,华泰证券股份有限公司总部,中信证券股份有限公司上海分公司,否
2024-11-14,安通控股,600179,2.95,202.96,68.8,华泰证券股份有限公司总部,中信证券股份有限公司上海分公司,否
2024-11-14,华润有巢,508077,2.62,994.08,380,国泰君安证券股份有限公司总部,中信证券股份有限公司总部(非营业场所),否
2024-11-14,ST明诚,600136,2.07,62.1,30,中信证券股份有限公司武汉天地证券营业部,中信证券股份有限公司湖北分公司,否
2024-11-14,山东钢铁,600022,1.41,42.3,30,东亚前海证券有限责任公司浙江分公司,机构专用,否
2024-11-14,银行ETF,512800,1.39,3000,2164.5,国投证券股份有限公司总部,中信证券股份有限公司总部(非营业场所),否
2024-11-14,恒生科技,513130,0.59,5850,10000,瑞银证券有限责任公司上海花园石桥路证券营业部,华宝证券股份有限公司上海东大名路证券营业部,否
2024-11-14,恒生科技,513130,0.59,351,600,华泰证券股份有限公司总部,中信证券股份有限公司上海分公司,否
2024-11-14,医药ETF,512010,0.39,78,200,中国中金财富证券有限公司福州五四路证券营业部,中国国际金融股份有限公司北京建国门外大街证券营业部,否
2024-11-14,医疗ETF,512170,0.36,356,1000,兴业证券股份有限公司福州鳌峰路证券营业部,中国国际金融股份有限公司北京建国门外大街证券营业部,否
2024-11-13,金山办公,688111,314,4049.03,12.9,中信建投证券股份有限公司上海浦东新区福山路证券营业部,平安证券股份有限公司广西分公司,否
2024-11-13,赛力斯,601127,144.43,418.85,2.9,恒泰证券股份有限公司呼和浩特新城北街证券营业部,中信建投证券股份有限公司上海闵行区顾戴路证券营业部,否
2024-11-13,赛力斯,601127,144.43,278.75,1.93,恒泰证券股份有限公司北京德胜门外大街证券营业部,中信建投证券股份有限公司上海闵行区顾戴路证券营业部,否
2024-11-13,赛力斯,601127,141.54,3538.5,25,机构专用,西南证券股份有限公司重庆奉节永安路证券营业部,否
2024-11-13,赛力斯,601127,141.54,1255.46,8.87,机构专用,西南证券股份有限公司重庆奉节永安路证券营业部,否
2024-11-13,中国移动,600941,105.03,220.56,2.1,海通证券股份有限公司上海嘉定区洪德路证券营业部,国泰君安证券股份有限公司总部,否
2024-11-13,澜起科技,688008,68.3,204.9,3,广发证券股份有限公司珠海凤凰北路证券营业部,中国中金财富证券有限公司上海浦东新区世纪大道证券营业部,否
2024-11-13,聚和材料,688503,58.5,497.25,8.5,中信证券股份有限公司总部(非营业场所),国泰君安证券股份有限公司上海临港新片区分公司,否
2024-11-13,三孚新科,688359,51.35,200.27,3.9,机构专用,东吴证券股份有限公司常州通江中路证券营业部,否
2024-11-13,泛微网络,603039,50.4,504,10,华泰证券股份有限公司总部,中信证券股份有限公司上海分公司,否
2024-11-13,澳华内镜,688212,50.26,1507.8,30,机构专用,中信证券股份有限公司上海分公司,否
2024-11-13,澳华内镜,688212,50.26,1150.2,22.89,机构专用,中信证券股份有限公司上海分公司,否
2024-11-13,中航沈飞,600760,50.2,426.7,8.5,中国银河证券股份有限公司深圳高新南一道中科大厦证券营业部,中国银河证券股份有限公司深圳高新南一道中科大厦证券营业部,否
2024-11-13,艾力斯,688578,50,550,11,国都证券股份有限公司江苏分公司,中信证券股份有限公司上海分公司,否
2024-11-13,艾力斯,688578,50,550,11,招商证券股份有限公司西安北大街证券营业部,中信证券股份有限公司上海分公司,否
2024-11-13,艾力斯,688578,50,400,8,浙商证券股份有限公司金华分公司,中信证券股份有限公司上海分公司,否
2024-11-13,呈和科技,688625,38.79,387.9,10,机构专用,广发证券股份有限公司广州天河路证券营业部,否
2024-11-13,中金公司,601995,37,29600,800,机构专用,中信证券（山东）有限责任公司青岛南京路证券营业部,否
2024-11-13,中金公司,601995,37,29600,800,机构专用,中信证券（山东）有限责任公司青岛南京路证券营业部,否
2024-11-13,中金公司,601995,37,29600,800,机构专用,中信证券（山东）有限责任公司青岛南京路证券营业部,否
2024-11-13,中金公司,601995,37,29600,800,机构专用,中信证券（山东）有限责任公司青岛南京路证券营业部,否
2024-11-13,中金公司,601995,37,17760,480,机构专用,中信证券（山东）有限责任公司青岛南京路证券营业部,否
2024-11-13,晶方科技,603005,33.94,10182,300,机构专用,东吴证券股份有限公司苏州工业园区现代大道证券营业部,否
2024-11-13,嘉澳环保,603822,33.55,4091.42,121.95,中信证券股份有限公司杭州滨盛路证券营业部,申万宏源证券有限公司桐乡和平路证券营业部,否
2024-11-13,甬矽电子,688362,32.49,1949.4,60,机构专用,中信证券股份有限公司杭州延安路证券营业部,否
2024-11-13,张江高科,600895,31.93,415.09,13,申万宏源证券有限公司上海徐汇区云锦路证券营业部,财通证券股份有限公司上海漕溪路证券营业部,否
2024-11-13,工业富联,601138,26.47,529.4,20,国泰君安证券股份有限公司总部,华泰证券股份有限公司北京雍和宫证券营业部,否
2024-11-13,莱特光电,688150,24.64,689.92,28,中信证券股份有限公司总部(非营业场所),中信证券股份有限公司北京金融大街证券营业部,否
2024-11-13,莱特光电,688150,24.64,542.08,22,中信证券股份有限公司总部(非营业场所),中信证券股份有限公司北京金融大街证券营业部,否
2024-11-13,信宇人,688573,20.36,203.6,10,中信建投证券股份有限公司总部,中国银河证券股份有限公司深圳深南大道证券营业部,否
2024-11-13,时空科技,605178,17.95,897.5,50,中信证券股份有限公司杭州延安路证券营业部,国金证券股份有限公司上海浦东新区云鹃北路证券营业部,否
2024-11-13,上海汽配,603107,17.94,538.2,30,东兴证券股份有限公司成都都江堰市迎宾路证券营业部,兴业证券股份有限公司上海自由贸易试验区分公司,否
2024-11-13,汇宇制药,688553,17,2193,129,信达证券股份有限公司温州瓯江路证券营业部,国盛证券有限责任公司南昌金融大街证券营业部,否
2024-11-13,德马科技,688360,16.84,302.92,17.99,国投证券股份有限公司福州分公司,国金证券股份有限公司湖州公园路营业部,否
2024-11-13,上汽集团,600104,16.73,8365,500,华泰证券股份有限公司南京中山东路华泰证券大厦证券营业部,申万宏源证券有限公司证券投资总部,否
2024-11-13,深科达,688328,16.03,336.63,21,招商证券股份有限公司苏州华池街证券营业部,招商证券股份有限公司苏州华池街证券营业部,否
2024-11-13,英集芯,688209,16,488,30.5,华泰证券股份有限公司南京文澜路证券营业部,申港证券股份有限公司湖北分公司,否
2024-11-13,英集芯,688209,16,460.99,28.81,浙商证券股份有限公司龙游荣昌大道证券营业部,华福证券有限责任公司上海东方路证券营业部,否
2024-11-13,福立旺,688678,15.6,200.2,12.83,中信证券股份有限公司昆山前进路证券营业部,中信证券股份有限公司昆山前进路证券营业部,否
2024-11-13,埃夫特,688165,12.79,3069.6,240,浙商证券股份有限公司上海长乐路证券营业部,国元证券股份有限公司合肥天达路证券营业部,否
2024-11-13,上海临港,600848,11.3,4520,400,浙商证券股份有限公司上海长乐路证券营业部,招商证券股份有限公司深圳招商证券大厦证券营业部,否
2024-11-13,龙净环保,600388,10.9,8916.2,818,金圆统一证券有限公司厦门分公司,广发证券股份有限公司福州望龙二路证券营业部,否
2024-11-13,龙净环保,600388,10.9,2387.1,219,长江证券股份有限公司厦门分公司,广发证券股份有限公司福州望龙二路证券营业部,否
2024-11-13,龙净环保,600388,10.9,479.6,44,金圆统一证券有限公司总部,广发证券股份有限公司福州望龙二路证券营业部,否
2024-11-13,科美诊断,688468,7.47,298.8,40,中信证券股份有限公司总部(非营业场所),中信证券股份有限公司北京紫竹院路证券营业部,否
2024-11-13,科美诊断,688468,7.47,224.1,30,中信证券股份有限公司总部(非营业场所),中信证券股份有限公司北京紫竹院路证券营业部,否
2024-11-13,湘财股份,600095,7.23,361.5,50,机构专用,湘财证券股份有限公司杭州文二西路证券营业部,否
2024-11-13,湘财股份,600095,7.23,289.2,40,中信建投证券股份有限公司总部,湘财证券股份有限公司杭州文二西路证券营业部,否
2024-11-13,湘财股份,600095,7.23,200.99,27.8,国投证券股份有限公司连云港郁州北路证券营业部,湘财证券股份有限公司杭州文二西路证券营业部,否
2024-11-13,湘财股份,600095,7.23,200.99,27.8,国投证券股份有限公司连云港郁州北路证券营业部,湘财证券股份有限公司杭州文二西路证券营业部,否
2024-11-13,中储股份,600787,6.04,1510,250,中信证券股份有限公司总部(非营业场所),民生证券股份有限公司上海漕溪北路证券营业部,否
2024-11-13,中储股份,600787,6.04,1510,250,机构专用,民生证券股份有限公司上海漕溪北路证券营业部,否
2024-11-13,创新新材,600361,4.61,354.51,76.9,招商证券股份有限公司深圳西丽留仙大道证券营业部,平安证券股份有限公司广州番禺环城东路证券营业部,否
2024-11-13,海南机场,600515,3.53,7769.63,2201.03,兴业证券股份有限公司北京分公司,国都证券股份有限公司北京阜外大街证券营业部,否
2024-11-13,百川能源,600681,3.48,4191.17,1204.36,国泰君安证券股份有限公司上海九江路证券营业部,国泰君安证券股份有限公司上海九江路证券营业部,否
2024-11-13,厦门安居,508058,3.28,1000.4,305,国泰君安证券股份有限公司总部,平安证券股份有限公司总部,否
2024-11-13,京保REIT,508068,3.23,582.12,180,机构专用,中信证券股份有限公司总部(非营业场所),否
2024-11-13,京保REIT,508068,3.23,323.1,100,中信证券股份有限公司总部(非营业场所),机构专用,否
2024-11-13,京保REIT,508068,3.23,258.48,80,中信证券股份有限公司总部(非营业场所),机构专用,否
2024-11-13,华润有巢,508077,2.59,997.54,385,中信证券股份有限公司总部(非营业场所),招商证券股份有限公司北京北三环东路证券营业部,否
2024-11-13,ST明诚,600136,2.15,64.5,30,中信证券股份有限公司武汉天地证券营业部,中信证券股份有限公司湖北分公司,否
2024-11-13,*ST卓朗,600225,2,60,30,开源证券股份有限公司杭州婺江路证券营业部,财通证券股份有限公司杭州文二西路证券营业部,否
2024-11-13,香港证券,513090,1.61,3691.5,2300,瑞银证券有限责任公司上海花园石桥路证券营业部,华宝证券股份有限公司上海东大名路证券营业部,否
2024-11-13,标普ETF,513650,1.55,1320.9,850,瑞银证券有限责任公司上海花园石桥路证券营业部,华宝证券股份有限公司上海东大名路证券营业部,否
2024-11-13,东南亚,513730,1.35,4707.5,3500,瑞银证券有限责任公司上海花园石桥路证券营业部,华宝证券股份有限公司上海东大名路证券营业部,否
2024-11-13,证券ETF,512880,1.29,643,500,华泰证券股份有限公司总部,申万宏源证券有限公司证券投资总部,否
2024-11-13,酒ETF,512690,0.67,133.8,200,国泰君安证券股份有限公司总部,国泰君安证券股份有限公司成都双庆路证券营业部,否
2024-11-13,医药ETF,512010,0.4,199.5,500,国泰君安证券股份有限公司成都双庆路证券营业部,国泰君安证券股份有限公司总部,否
2024-11-13,医药ETF,512010,0.4,119.7,300,中国国际金融股份有限公司北京建国门外大街证券营业部,广发证券股份有限公司汕头梅溪东路证券营业部,否
2024-11-12,贵州茅台,600519,1599.18,19382.06,12.12,瑞银证券有限责任公司上海花园石桥路证券营业部,瑞银证券有限责任公司上海花园石桥路证券营业部,否
2024-11-12,赛力斯,601127,134.57,461.58,3.43,招商证券股份有限公司深圳益田路免税商务大厦证券营业部,中信建投证券股份有限公司上海闵行区顾戴路证券营业部,否
2024-11-12,珀莱雅,603605,101.56,20208.96,198.99,瑞银证券有限责任公司上海花园石桥路证券营业部,瑞银证券有限责任公司上海花园石桥路证券营业部,否
2024-11-12,中国中免,601888,75.5,13622.73,180.43,瑞银证券有限责任公司上海花园石桥路证券营业部,瑞银证券有限责任公司上海花园石桥路证券营业部,否
2024-11-12,华熙生物,688363,60,600,10,华泰证券股份有限公司无锡解放西路证券营业部,中国国际金融股份有限公司北京建国门外大街证券营业部,否
2024-11-12,华熙生物,688363,60,498,8.3,中信证券股份有限公司总部(非营业场所),中国国际金融股份有限公司北京建国门外大街证券营业部,否
2024-11-12,华熙生物,688363,60,420,7,华泰证券股份有限公司无锡解放西路证券营业部,中国国际金融股份有限公司北京建国门外大街证券营业部,否
2024-11-12,华熙生物,688363,60,420,7,机构专用,中国国际金融股份有限公司北京建国门外大街证券营业部,否
2024-11-12,华熙生物,688363,60,300,5,中信建投证券股份有限公司总部,中国国际金融股份有限公司北京建国门外大街证券营业部,否
2024-11-12,华熙生物,688363,60,300,5,机构专用,中国国际金融股份有限公司北京建国门外大街证券营业部,否
2024-11-12,华熙生物,688363,60,240,4,机构专用,中国国际金融股份有限公司北京建国门外大街证券营业部,否
2024-11-12,华熙生物,688363,60,210,3.5,民生证券股份有限公司苏州分公司,中国国际金融股份有限公司北京建国门外大街证券营业部,否
2024-11-12,聚和材料,688503,58.5,585,10,机构专用,国泰君安证券股份有限公司上海临港新片区分公司,否
2024-11-12,福耀玻璃,600660,57.85,3292.61,56.92,瑞银证券有限责任公司上海花园石桥路证券营业部,瑞银证券有限责任公司上海花园石桥路证券营业部,否
2024-11-12,芯原股份,688521,53.21,498.05,9.36,国泰君安证券股份有限公司深圳登良路证券营业部,中信证券股份有限公司北京复外大街证券营业部,否
2024-11-12,澳华内镜,688212,50.26,201.04,4,万联证券股份有限公司深圳分公司,中信证券股份有限公司上海分公司,否
2024-11-12,汇通能源,600605,40.56,730.08,18,国联证券股份有限公司杭州文晖路证券营业部,海通证券股份有限公司北京中关村南大街证券营业部,否
2024-11-12,中金公司,601995,36.2,28960,800,机构专用,中信证券（山东）有限责任公司青岛南京路证券营业部,否
2024-11-12,中金公司,601995,36.2,11801.2,326,机构专用,中信证券（山东）有限责任公司青岛南京路证券营业部,否
2024-11-12,晶方科技,603005,34.41,206.46,6,华泰证券股份有限公司总部,中信证券股份有限公司上海分公司,否
2024-11-12,微导纳米,688147,30,394.5,13.15,国泰君安证券股份有限公司深圳登良路证券营业部,中信建投证券股份有限公司宁德蕉城南路证券营业部,否
2024-11-12,文灿股份,603348,28.79,207.29,7.2,华泰证券股份有限公司总部,中信证券股份有限公司上海分公司,否
2024-11-12,安孚科技,603031,28.43,2274.4,80,机构专用,方正证券股份有限公司北京荣华中路证券营业部,否
2024-11-12,晶合集成,688249,22.6,226,10,国泰君安证券股份有限公司总部,中信证券华南股份有限公司佛山分公司,否
2024-11-12,航天晨光,600501,22.17,206.18,9.3,华泰证券股份有限公司总部,中信证券股份有限公司上海分公司,否
2024-11-12,上海汽配,603107,17.08,512.4,30,东兴证券股份有限公司成都都江堰市迎宾路证券营业部,兴业证券股份有限公司上海自由贸易试验区分公司,否
2024-11-12,英集芯,688209,16.35,204.38,12.5,机构专用,申港证券股份有限公司湖北分公司,否
2024-11-12,紫金矿业,601899,15.98,12873.01,805.57,瑞银证券有限责任公司上海花园石桥路证券营业部,华泰证券股份有限公司深圳分公司,否
2024-11-12,紫金矿业,601899,15.98,1935.66,121.13,瑞银证券有限责任公司上海花园石桥路证券营业部,国泰君安证券股份有限公司深圳深南大道京基一百证券营业部,否
2024-11-12,紫金矿业,601899,15.98,1838.98,115.08,瑞银证券有限责任公司上海花园石桥路证券营业部,中国国际金融股份有限公司北京建国门外大街证券营业部,否
2024-11-12,紫金矿业,601899,15.98,1838.98,115.08,瑞银证券有限责任公司上海花园石桥路证券营业部,国泰君安证券股份有限公司深圳深南大道京基一百证券营业部,否
2024-11-12,紫金矿业,601899,15.98,1838.98,115.08,瑞银证券有限责任公司上海花园石桥路证券营业部,国泰君安证券股份有限公司深圳深南大道京基一百证券营业部,否
2024-11-12,紫金矿业,601899,15.98,1838.98,115.08,瑞银证券有限责任公司上海花园石桥路证券营业部,国泰君安证券股份有限公司深圳深南大道京基一百证券营业部,否
2024-11-12,紫金矿业,601899,15.98,1742.14,109.02,瑞银证券有限责任公司上海花园石桥路证券营业部,国泰君安证券股份有限公司深圳深南大道京基一百证券营业部,否
2024-11-12,紫金矿业,601899,15.98,1161.43,72.68,瑞银证券有限责任公司上海花园石桥路证券营业部,中国中金财富证券有限公司深圳分公司,否
2024-11-12,紫金矿业,601899,15.98,945.7,59.18,瑞银证券有限责任公司上海花园石桥路证券营业部,中国中金财富证券有限公司深圳分公司,否
2024-11-12,中国银河,601881,15.83,205.79,13,华泰证券股份有限公司总部,中信证券股份有限公司上海分公司,否
2024-11-12,成都银行,601838,15.44,200.72,13,华泰证券股份有限公司总部,中信证券股份有限公司上海分公司,否
2024-11-12,大豪科技,603025,15.04,206.05,13.7,华泰证券股份有限公司总部,中信证券股份有限公司上海分公司,否
2024-11-12,杭州银行,600926,13.61,204.15,15,华泰证券股份有限公司总部,中信证券股份有限公司上海分公司,否
2024-11-12,宣泰医药,688247,12.19,304.75,25,中信建投证券股份有限公司总部,国泰君安证券股份有限公司上海江苏路证券营业部,否
2024-11-12,海通证券,600837,12.18,207.06,17,华泰证券股份有限公司总部,中信证券股份有限公司上海分公司,否
2024-11-12,埃夫特,688165,11.9,3034.5,255,机构专用,国元证券股份有限公司合肥天达路证券营业部,否
2024-11-12,龙头股份,600630,10.26,205.2,20,华泰证券股份有限公司总部,中信证券股份有限公司上海分公司,否
2024-11-12,平煤股份,601666,10.21,204.2,20,华泰证券股份有限公司总部,中信证券股份有限公司上海分公司,否
2024-11-12,安凯微,688620,10.12,506,50,开源证券股份有限公司江苏分公司,中信建投证券股份有限公司北京德胜门证券营业部,否
2024-11-12,汇成股份,688403,10.1,505,50,方正证券股份有限公司安阳紫薇大道证券营业部,海通证券股份有限公司合肥黄山路证券营业部,否
2024-11-12,鼎胜新材,603876,10.04,220.88,22,机构专用,中信证券股份有限公司北京天通苑证券营业部,否
2024-11-12,方正证券,601901,9.17,210.91,23,华泰证券股份有限公司总部,中信证券股份有限公司上海分公司,否
2024-11-12,东吴证券,601555,8.49,203.76,24,华泰证券股份有限公司总部,中信证券股份有限公司上海分公司,否
2024-11-12,恒顺醋业,600305,8.33,208.25,25,华泰证券股份有限公司总部,中信证券股份有限公司上海分公司,否
2024-11-12,广汇能源,600256,7.88,204.88,26,华泰证券股份有限公司总部,中信证券股份有限公司上海分公司,否
2024-11-12,科美诊断,688468,7.55,604,80,中信证券股份有限公司总部(非营业场所),中信证券股份有限公司北京紫竹院路证券营业部,否
2024-11-12,汇嘉时代,603101,6.86,3214.94,468.65,开源证券股份有限公司深圳第一分公司,中国银河证券股份有限公司总部,否
2024-11-12,汇嘉时代,603101,6.86,3214.94,468.65,财达证券股份有限公司保定定州兴定西路证券营业部,中国银河证券股份有限公司总部,否
2024-11-12,兴业证券,601377,6.81,204.3,30,华泰证券股份有限公司总部,中信证券股份有限公司上海分公司,否
2024-11-12,集友股份,603429,6.8,1802.95,265.14,中信证券股份有限公司绍兴群贤路证券营业部,中信证券股份有限公司绍兴群贤路证券营业部,否
2024-11-12,岳阳林纸,600963,6.68,207.08,31,华泰证券股份有限公司总部,中信证券股份有限公司上海分公司,否
2024-11-12,中国建筑,601668,5.89,294.5,50,方正证券股份有限公司长沙芙蓉中路证券营业部,招商证券股份有限公司北京建国路证券营业部,否
2024-11-12,中储股份,600787,5.87,5870,1000,中信证券股份有限公司总部(非营业场所),民生证券股份有限公司上海漕溪北路证券营业部,否
2024-11-12,海南华铁,603300,5.7,205.2,36,华泰证券股份有限公司总部,中信证券股份有限公司上海分公司,否
2024-11-12,海南华铁,603300,5.31,666.46,125.51,国泰君安证券股份有限公司总部,中国中金财富证券有限公司杭州教工路证券营业部,否
2024-11-12,武进不锈,603878,5.14,372.65,72.5,海通证券股份有限公司常州健身路证券营业部,海通证券股份有限公司新余分宜钤山东路证券营业部,否
2024-11-12,中国联通,600050,5.09,1272.5,250,国泰君安证券股份有限公司北京鲁谷路证券营业部,国泰君安证券股份有限公司总部,否
2024-11-12,中国联通,600050,5.09,254.5,50,国泰君安证券股份有限公司北京鲁谷路证券营业部,国泰君安证券股份有限公司总部,否
2024-11-12,瑞丰银行,601528,4.8,3360,700,财通证券股份有限公司绍兴迪荡湖路证券营业部,财通证券股份有限公司绍兴迪荡湖路证券营业部,否
2024-11-12,丽尚国潮,600738,4.73,9318.1,1970,联储证券股份有限公司上海分公司,华林证券股份有限公司上海分公司,否
2024-11-12,农业银行,601288,4.65,1395,300,国泰君安证券股份有限公司北京鲁谷路证券营业部,国泰君安证券股份有限公司总部,否
2024-11-12,龙元建设,600491,4.28,205.44,48,华泰证券股份有限公司总部,中信证券股份有限公司上海分公司,否
2024-11-12,美凯龙,601828,4.19,205.31,49,华泰证券股份有限公司总部,中信证券股份有限公司上海分公司,否
2024-11-12,和辉光电,688538,2.66,1330,500,中信证券股份有限公司总部(非营业场所),海通证券股份有限公司上海静安区北京西路证券营业部,否
2024-11-12,和辉光电,688538,2.66,1330,500,方正证券股份有限公司总部,海通证券股份有限公司上海静安区北京西路证券营业部,否
2024-11-12,红豆股份,600400,2.63,6049,2300,中信证券股份有限公司上海世博馆路证券营业部,国联证券股份有限公司无锡东亭中路证券营业部,否
2024-11-12,宝泰隆,601011,2.58,206.4,80,华泰证券股份有限公司总部,中信证券股份有限公司上海分公司,否
2024-11-12,*ST卓朗,600225,2.1,93.35,44.45,财通证券股份有限公司杭州文二西路证券营业部,开源证券股份有限公司杭州婺江路证券营业部,否
2024-11-12,*ST卓朗,600225,2.1,63,30,财通证券股份有限公司杭州文二西路证券营业部,申万宏源证券有限公司桐乡和平路证券营业部,否
2024-11-12,包钢股份,600010,2.07,207,100,华泰证券股份有限公司总部,中信证券股份有限公司上海分公司,否
2024-11-12,ST明诚,600136,2.05,61.5,30,中信证券股份有限公司武汉天地证券营业部,中信证券股份有限公司湖北分公司,否
2024-11-12,永泰能源,600157,1.94,898.22,463,中国中金财富证券有限公司北京北三环东路证券营业部,方正证券股份有限公司马鞍山佳山路证券营业部,否
2024-11-12,香港证券,513090,1.61,4012.5,2500,瑞银证券有限责任公司上海花园石桥路证券营业部,华宝证券股份有限公司上海东大名路证券营业部,否
2024-11-12,美国50,513850,1.37,479.85,350,瑞银证券有限责任公司上海花园石桥路证券营业部,华宝证券股份有限公司上海东大名路证券营业部,否
2024-11-12,东南亚,513730,1.33,1066.4,800,瑞银证券有限责任公司上海花园石桥路证券营业部,华宝证券股份有限公司上海东大名路证券营业部,否
2024-11-12,科创100C,588800,0.98,977,1000,中国银河证券股份有限公司总部,财通证券股份有限公司义乌江滨西路证券营业部,否
2024-11-12,光伏50,516880,0.75,275.21,365,国泰君安证券股份有限公司总部,光大证券股份有限公司福州五一北路证券营业部,否
2024-11-12,医药ETF,512010,0.4,361.8,900,兴业证券股份有限公司福州鳌峰路证券营业部,中国国际金融股份有限公司北京建国门外大街证券营业部,否
2024-11-11,茂莱光学,688502,321.11,674.33,2.1,华泰证券股份有限公司天津东丽开发区二纬路证券营业部,国投证券股份有限公司南京华创路证券营业部,否
2024-11-11,拓荆科技,688072,209.26,3138.9,15,机构专用,招商证券股份有限公司沈阳浑南证券营业部,否
2024-11-11,澜起科技,688008,69.7,2091,30,机构专用,中国中金财富证券有限公司上海浦东新区世纪大道证券营业部,否
2024-11-11,澜起科技,688008,69.7,522.75,7.5,国都证券股份有限公司江苏分公司,中国中金财富证券有限公司上海浦东新区世纪大道证券营业部,否
2024-11-11,澜起科技,688008,69.7,522.75,7.5,浙商证券股份有限公司绍兴分公司,中国中金财富证券有限公司上海浦东新区世纪大道证券营业部,否
2024-11-11,澜起科技,688008,69.7,348.5,5,华泰证券股份有限公司南京文澜路证券营业部,中国中金财富证券有限公司上海浦东新区世纪大道证券营业部,否
2024-11-11,澜起科技,688008,69.7,243.95,3.5,机构专用,中国中金财富证券有限公司上海浦东新区世纪大道证券营业部,否
2024-11-11,拓普集团,601689,57.95,579.5,10,华泰证券股份有限公司总部,中信证券股份有限公司上海分公司,否
2024-11-11,艾力斯,688578,51.13,204.52,4,国泰君安证券股份有限公司总部,中信证券股份有限公司上海分公司,否
2024-11-11,艾力斯,688578,51.13,204.52,4,机构专用,中信证券股份有限公司上海分公司,否
2024-11-11,厦钨新能,688778,50.29,1005.8,20,机构专用,中信建投证券股份有限公司北京海淀分公司,否
2024-11-11,厦钨新能,688778,50.29,799.61,15.9,中信证券股份有限公司徐州建国西路证券营业部,中信建投证券股份有限公司北京海淀分公司,否
2024-11-11,厦钨新能,688778,50.29,301.74,6,长江证券股份有限公司北京百万庄大街证券营业部,中信建投证券股份有限公司北京海淀分公司,否
2024-11-11,厦钨新能,688778,50.29,201.16,4,国信证券股份有限公司深圳泰然九路证券营业部,中信建投证券股份有限公司北京海淀分公司,否
2024-11-11,长光华芯,688048,45.34,2131.84,47.02,国泰君安证券股份有限公司重庆解放碑证券营业部,广发证券股份有限公司北京中关村东路证券营业部,否
2024-11-11,美芯晟,688458,39.2,1176,30,机构专用,万联证券股份有限公司广州珠江新城证券营业部,否
2024-11-11,甬矽电子,688362,29.5,1239,42,开源证券股份有限公司江苏分公司,中信证券股份有限公司杭州延安路证券营业部,否
2024-11-11,甬矽电子,688362,29.5,1091.5,37,开源证券股份有限公司江苏分公司,中信证券股份有限公司杭州延安路证券营业部,否
2024-11-11,甬矽电子,688362,29.5,885,30,开源证券股份有限公司江苏分公司,中信证券股份有限公司杭州延安路证券营业部,否
2024-11-11,英科再生,688087,28.88,202.16,7,广发证券股份有限公司诸暨东二路证券营业部,华创证券有限责任公司上海肇嘉浜路证券营业部,否
2024-11-11,安孚科技,603031,27.41,411.15,15,机构专用,方正证券股份有限公司北京荣华中路证券营业部,否
2024-11-11,金鸿顺,603922,26,2230.59,85.79,财通证券股份有限公司杭州庆春路证券营业部,光大证券股份有限公司上海虹口区东大名路证券营业部,否
2024-11-11,交控科技,688015,23.32,699.6,30,中信证券股份有限公司总部(非营业场所),光大证券股份有限公司北京中关村大街证券营业部,否
2024-11-11,晶合集成,688249,22.55,2255,100,国泰君安证券股份有限公司总部,中信证券华南股份有限公司佛山分公司,否
2024-11-11,威迈斯,688612,20.92,1046,50,中信证券股份有限公司深圳前海分公司,中信证券股份有限公司深圳前海分公司,否
2024-11-11,信宇人,688573,19.36,387.2,20,浙商证券股份有限公司上海长乐路证券营业部,中国银河证券股份有限公司深圳深南大道证券营业部,否
2024-11-11,上海汽配,603107,17.21,516.3,30,东兴证券股份有限公司成都都江堰市迎宾路证券营业部,兴业证券股份有限公司上海自由贸易试验区分公司,否
2024-11-11,英集芯,688209,17,340,20,机构专用,申港证券股份有限公司湖北分公司,否
2024-11-11,英集芯,688209,17,204,12,华鑫证券有限责任公司深圳财富大厦证券营业部,华福证券有限责任公司上海东方路证券营业部,否
2024-11-11,英集芯,688209,17,204,12,摩根大通证券（中国）有限公司上海银城中路证券营业部,申港证券股份有限公司湖北分公司,否
2024-11-11,英集芯,688209,17,204,12,机构专用,申港证券股份有限公司湖北分公司,否
2024-11-11,英集芯,688209,17,204,12,机构专用,申港证券股份有限公司湖北分公司,否
2024-11-11,康众医疗,688607,13.85,223.39,16.13,机构专用,中信证券股份有限公司上海分公司,否
2024-11-11,宣泰医药,688247,12.44,1244,100,机构专用,国泰君安证券股份有限公司上海江苏路证券营业部,否
2024-11-11,上海临港,600848,11.18,4472,400,国投证券股份有限公司福州分公司,招商证券股份有限公司深圳招商证券大厦证券营业部,否
2024-11-11,山大地纬,688579,10.99,2198,200,机构专用,中国国际金融股份有限公司北京建国门外大街证券营业部,否
2024-11-11,安凯微,688620,10.42,521,50,方正证券股份有限公司上海杨高南路证券营业部,中信建投证券股份有限公司北京德胜门证券营业部,否
2024-11-11,涪陵电力,600452,10.39,228.58,22,中信建投证券股份有限公司北京京西分公司,中信建投证券股份有限公司北京京西分公司,否
2024-11-11,鼎胜新材,603876,10.1,1212,120,机构专用,中信证券股份有限公司北京天通苑证券营业部,否
2024-11-11,鼎胜新材,603876,10.1,303,30,国泰君安证券股份有限公司总部,中信证券股份有限公司北京天通苑证券营业部,否
2024-11-11,鼎胜新材,603876,10.1,299.97,29.7,华泰证券股份有限公司宿迁洪泽湖路证券营业部,中信证券股份有限公司北京天通苑证券营业部,否
2024-11-11,鼎胜新材,603876,10.1,299.47,29.65,中信证券股份有限公司徐州建国西路证券营业部,中信证券股份有限公司北京天通苑证券营业部,否
2024-11-11,鼎胜新材,603876,10.1,252.5,25,机构专用,中信证券股份有限公司北京天通苑证券营业部,否
2024-11-11,鼎胜新材,603876,10.1,202,20,华泰证券股份有限公司深圳后海中心路证券营业部,中信证券股份有限公司北京天通苑证券营业部,否
2024-11-11,鼎胜新材,603876,10.1,200.08,19.81,国投证券股份有限公司连云港郁州北路证券营业部,中信证券股份有限公司北京天通苑证券营业部,否
2024-11-11,鼎胜新材,603876,10.1,200.08,19.81,国投证券股份有限公司连云港郁州北路证券营业部,中信证券股份有限公司北京天通苑证券营业部,否
2024-11-11,XD广钢气,688548,9.41,1239.67,131.74,机构专用,申港证券股份有限公司湖北分公司,否
2024-11-11,科美诊断,688468,7.55,604,80,中信证券股份有限公司总部(非营业场所),中信证券股份有限公司北京紫竹院路证券营业部,否
2024-11-11,汇嘉时代,603101,5.9,2448.5,415,浙商证券股份有限公司上海第一分公司,中国银河证券股份有限公司总部,否
2024-11-11,汇嘉时代,603101,5.9,2065,350,华林证券股份有限公司深圳民田路证券营业部,中国银河证券股份有限公司总部,否
2024-11-11,汇嘉时代,603101,5.9,1032.5,175,华林证券股份有限公司深圳民田路证券营业部,中国银河证券股份有限公司总部,否
2024-11-11,海南华铁,603300,5.3,2173,410,国泰君安证券股份有限公司总部,中国中金财富证券有限公司杭州教工路证券营业部,否
2024-11-11,和辉光电,688538,2.77,2770,1000,中信证券股份有限公司总部(非营业场所),海通证券股份有限公司上海静安区北京西路证券营业部,否
2024-11-11,和辉光电,688538,2.77,2770,1000,中信证券股份有限公司总部(非营业场所),海通证券股份有限公司上海静安区北京西路证券营业部,否
2024-11-11,和辉光电,688538,2.77,2770,1000,方正证券股份有限公司总部,海通证券股份有限公司上海静安区北京西路证券营业部,否
2024-11-11,*ST卓朗,600225,2.21,98.23,44.45,开源证券股份有限公司杭州婺江路证券营业部,华安证券股份有限公司合肥大通路证券营业部,否
2024-11-11,ST明诚,600136,1.95,58.5,30,中信证券股份有限公司武汉天地证券营业部,中信证券股份有限公司湖北分公司,否
2024-11-11,香港证券,513090,1.66,6149.4,3700,瑞银证券有限责任公司上海花园石桥路证券营业部,华宝证券股份有限公司上海东大名路证券营业部,否
2024-11-11,酒ETF,512690,0.67,268,400,中国中金财富证券有限公司福州五四路证券营业部,中国国际金融股份有限公司北京建国门外大街证券营业部,否
2024-11-11,恒指科技,513180,0.64,190.8,300,中国银河证券股份有限公司总部,国信证券股份有限公司深圳互联网分公司,否
2024-11-11,医药ETF,512010,0.4,555.8,1400,浙商证券股份有限公司上海第一分公司,中国国际金融股份有限公司北京建国门外大街证券营业部,否
2024-11-08,贵州茅台,600519,1609.97,3219.94,2,中信证券股份有限公司上海分公司,机构专用,否
2024-11-08,茂莱光学,688502,301.4,452.1,1.5,兴业证券股份有限公司哈尔滨友谊路证券营业部,国投证券股份有限公司南京华创路证券营业部,否
2024-11-08,茂莱光学,688502,301.4,452.1,1.5,开源证券股份有限公司江苏分公司,国投证券股份有限公司南京华创路证券营业部,否
2024-11-08,金山办公,688111,285,1262.86,4.43,中信证券股份有限公司上海红宝石路证券营业部,平安证券股份有限公司广西分公司,否
2024-11-08,华熙生物,688363,59.5,202.3,3.4,国泰君安证券股份有限公司总部,中国国际金融股份有限公司北京建国门外大街证券营业部,否
2024-11-08,国科军工,688543,51.68,206.72,4,机构专用,国联证券股份有限公司深圳壹方中心证券营业部,否
2024-11-08,芯动联科,688582,48.02,480.2,10,东兴证券股份有限公司成都都江堰市迎宾路证券营业部,海通证券股份有限公司上海黄浦区合肥路证券营业部,否
2024-11-08,松井股份,688157,40,280,7,第一创业证券股份有限公司长沙分公司,方正证券股份有限公司长沙芙蓉中路证券营业部,否
2024-11-08,招商银行,600036,38.8,3414.4,88,中信证券股份有限公司上海分公司,机构专用,否
2024-11-08,美芯晟,688458,38.61,1158.3,30,开源证券股份有限公司江苏分公司,万联证券股份有限公司广州珠江新城证券营业部,否
2024-11-08,中信证券,600030,31.39,246.41,7.85,招商证券股份有限公司苏州华池街证券营业部,招商证券股份有限公司苏州华池街证券营业部,否
2024-11-08,伊利股份,600887,30.3,2695.79,88.97,中信证券股份有限公司上海红宝石路证券营业部,平安证券股份有限公司广西分公司,否
2024-11-08,松炀资源,603863,29.52,1194.08,40.45,广发证券股份有限公司杭州博奥路证券营业部,国海证券股份有限公司深圳深南大道证券营业部,否
2024-11-08,松炀资源,603863,29.52,1114.97,37.77,广发证券股份有限公司杭州博奥路证券营业部,平安证券股份有限公司深圳蛇口招商路招商大厦证券营业部,否
2024-11-08,松炀资源,603863,29.52,686.34,23.25,广发证券股份有限公司杭州博奥路证券营业部,联储证券股份有限公司上海分公司,否
2024-11-08,晶方科技,603005,27.93,6982.5,250,中信证券股份有限公司总部(非营业场所),东吴证券股份有限公司苏州工业园区现代大道证券营业部,否
2024-11-08,晶方科技,603005,27.93,6982.5,250,机构专用,东吴证券股份有限公司苏州工业园区现代大道证券营业部,否
2024-11-08,金鸿顺,603922,26.08,573.76,22,开源证券股份有限公司河北分公司,中信证券股份有限公司北京国贸证券营业部,否
2024-11-08,金鸿顺,603922,26.08,286.88,11,开源证券股份有限公司河北分公司,中航证券有限公司北京东三环证券营业部,否
2024-11-08,金鸿顺,603922,26.08,208.64,8,开源证券股份有限公司河北分公司,机构专用,否
2024-11-08,概伦电子,688206,22.79,341.85,15,机构专用,申港证券股份有限公司湖北分公司,否
2024-11-08,金证股份,600446,17.7,480.91,27.17,中国中金财富证券有限公司福州五四路证券营业部,中国国际金融股份有限公司北京建国门外大街证券营业部,否
2024-11-08,上海汽配,603107,16.97,509.1,30,东兴证券股份有限公司成都都江堰市迎宾路证券营业部,兴业证券股份有限公司上海自由贸易试验区分公司,否
2024-11-08,明志科技,688355,14.9,217.48,14.6,东吴证券股份有限公司苏州干将东路证券营业部,东吴证券股份有限公司苏州干将东路证券营业部,否
2024-11-08,宣泰医药,688247,11.9,1190,100,机构专用,国泰君安证券股份有限公司上海江苏路证券营业部,否
2024-11-08,上海临港,600848,11.73,4692,400,浙商证券股份有限公司上海长乐路证券营业部,招商证券股份有限公司深圳招商证券大厦证券营业部,否
2024-11-08,赛伍技术,603212,11.68,300.18,25.7,中信证券股份有限公司徐州建国西路证券营业部,中国国际金融股份有限公司北京建国门外大街证券营业部,否
2024-11-08,赛伍技术,603212,11.68,300.18,25.7,长江证券股份有限公司北京百万庄大街证券营业部,中国国际金融股份有限公司北京建国门外大街证券营业部,否
2024-11-08,赛伍技术,603212,11.68,200.9,17.2,中信证券股份有限公司北京京城大厦证券营业部,中国国际金融股份有限公司北京建国门外大街证券营业部,否
2024-11-08,赛伍技术,603212,11.68,200.9,17.2,国信证券股份有限公司深圳泰然九路证券营业部,中国国际金融股份有限公司北京建国门外大街证券营业部,否
2024-11-08,赛伍技术,603212,11.68,200.9,17.2,国金证券股份有限公司北京长椿街证券营业部,中国国际金融股份有限公司北京建国门外大街证券营业部,否
2024-11-08,中巨芯,688549,11.01,3192.9,290,机构专用,中国中金财富证券有限公司上海徐汇区淮海中路证券营业部,否
2024-11-08,国家电投,508028,10.05,361.62,36,中信证券股份有限公司客户资产管理部,机构专用,否
2024-11-08,复洁环保,688335,9.73,214.06,22,财通证券股份有限公司深圳分公司,国泰君安证券股份有限公司上海商城路证券营业部,否
2024-11-08,鼎胜新材,603876,9.63,385.2,40,中信证券股份有限公司总部(非营业场所),中信证券股份有限公司北京天通苑证券营业部,否
2024-11-08,鼎胜新材,603876,9.63,308.16,32,机构专用,中信证券股份有限公司北京天通苑证券营业部,否
2024-11-08,鼎胜新材,603876,9.63,288.9,30,中信建投证券股份有限公司总部,中信证券股份有限公司北京天通苑证券营业部,否
2024-11-08,鼎胜新材,603876,9.63,240.75,25,机构专用,中信证券股份有限公司北京天通苑证券营业部,否
2024-11-08,鼎胜新材,603876,9.63,221.49,23,中信证券股份有限公司总部(非营业场所),中信证券股份有限公司北京天通苑证券营业部,否
2024-11-08,鼎胜新材,603876,9.63,202.23,21,中泰证券股份有限公司北京中关村大街证券营业部,中信证券股份有限公司北京天通苑证券营业部,否
2024-11-08,鼎胜新材,603876,9.63,202.23,21,华泰证券股份有限公司广州云城东路证券营业部,中信证券股份有限公司北京天通苑证券营业部,否
2024-11-08,鼎胜新材,603876,9.63,200.3,20.8,长城证券股份有限公司总部,中信证券股份有限公司北京天通苑证券营业部,否
2024-11-08,上海电力,600021,9.61,20884.59,2173.21,海通证券股份有限公司嵊州高杨路证券营业部,华泰证券股份有限公司上海分公司,否
2024-11-08,广钢气体,688548,9.3,306.9,33,中信建投证券股份有限公司总部,申港证券股份有限公司湖北分公司,否
2024-11-08,广钢气体,688548,9.3,204.6,22,华鑫证券有限责任公司深圳财富大厦证券营业部,申港证券股份有限公司湖北分公司,否
2024-11-08,广钢气体,688548,9.3,200.04,21.51,国投证券股份有限公司连云港郁州北路证券营业部,申港证券股份有限公司湖北分公司,否
2024-11-08,力帆科技,601777,8.73,1658.7,190,方正证券股份有限公司总部,方正证券股份有限公司重庆万象城证券营业部,否
2024-11-08,科美诊断,688468,7.22,361,50,中信证券股份有限公司总部(非营业场所),中信证券股份有限公司北京紫竹院路证券营业部,否
2024-11-08,武进不锈,603878,5.17,449.79,87,海通证券股份有限公司常州健身路证券营业部,海通证券股份有限公司新余分宜钤山东路证券营业部,否
2024-11-08,和辉光电,688538,2.66,3990,1500,中信证券股份有限公司总部(非营业场所),海通证券股份有限公司上海静安区北京西路证券营业部,否
2024-11-08,和辉光电,688538,2.66,2660,1000,方正证券股份有限公司总部,海通证券股份有限公司上海静安区北京西路证券营业部,否
2024-11-08,和辉光电,688538,2.66,1330,500,机构专用,海通证券股份有限公司上海静安区北京西路证券营业部,否
2024-11-08,香港证券,513090,1.69,3709.26,2201.34,瑞银证券有限责任公司上海花园石桥路证券营业部,华宝证券股份有限公司上海东大名路证券营业部,否
2024-11-08,科创芯片,588200,1.35,1890.19,1400.14,中信证券股份有限公司绍兴群贤路证券营业部,长城证券股份有限公司绍兴金柯桥大道证券营业部,否
2024-11-08,恒指科技,513180,0.64,2108.7,3300,国泰君安证券股份有限公司总部,华宝证券股份有限公司上海东大名路证券营业部,否
2024-11-08,恒生科技,513130,0.63,1703.7,2700,瑞银证券有限责任公司上海花园石桥路证券营业部,华宝证券股份有限公司上海东大名路证券营业部,否
2024-11-07,金山办公,688111,277,1894.9,6.84,中信证券股份有限公司上海红宝石路证券营业部,平安证券股份有限公司广西分公司,否
2024-11-07,茂莱光学,688502,250.4,375.6,1.5,兴业证券股份有限公司哈尔滨友谊路证券营业部,国投证券股份有限公司南京华创路证券营业部,否
2024-11-07,茂莱光学,688502,250.4,375.6,1.5,方正证券股份有限公司总部,国投证券股份有限公司南京华创路证券营业部,否
2024-11-07,赛力斯,601127,135.87,467.39,3.44,招商证券股份有限公司深圳益田路免税商务大厦证券营业部,中信建投证券股份有限公司上海闵行区顾戴路证券营业部,否
2024-11-07,兆易创新,603986,85.07,510.42,6,中信证券（山东）有限责任公司荣成成山大道证券营业部,中信证券股份有限公司上海世博馆路证券营业部,否
2024-11-07,南微医学,688029,75.76,378.8,5,中国国际金融股份有限公司北京建国门外大街证券营业部,平安证券股份有限公司深圳金田路证券营业部,否
2024-11-07,澜起科技,688008,65,1950,30,机构专用,中国中金财富证券有限公司上海浦东新区世纪大道证券营业部,否
2024-11-07,澜起科技,688008,65,325,5,中信建投证券股份有限公司总部,中国中金财富证券有限公司上海浦东新区世纪大道证券营业部,否
2024-11-07,伟测科技,688372,64.81,1620.25,25,机构专用,国联证券股份有限公司无锡梁清路证券营业部,否
2024-11-07,华熙生物,688363,61.03,500.45,8.2,国泰君安证券股份有限公司深圳登良路证券营业部,中国国际金融股份有限公司北京建国门外大街证券营业部,否
2024-11-07,华熙生物,688363,61.03,201.4,3.3,中信建投证券股份有限公司北京望京证券营业部,中国国际金融股份有限公司北京建国门外大街证券营业部,否
2024-11-07,华熙生物,688363,61.03,201.4,3.3,长城证券股份有限公司总部,中国国际金融股份有限公司北京建国门外大街证券营业部,否
2024-11-07,华勤技术,603296,57.18,2024.47,35.41,中信证券股份有限公司总部(非营业场所),中信证券股份有限公司北京国贸证券营业部,否
2024-11-07,华勤技术,603296,57.18,834.53,14.59,中信证券股份有限公司总部(非营业场所),中信证券股份有限公司北京国贸证券营业部,否
2024-11-07,澜起科技,688008,54.72,9794.88,179,中信证券股份有限公司上海环球金融中心证券营业部,中信证券股份有限公司上海环球金融中心证券营业部,否
2024-11-07,芯动联科,688582,46.5,465,10,东兴证券股份有限公司成都都江堰市迎宾路证券营业部,海通证券股份有限公司上海黄浦区合肥路证券营业部,否
2024-11-07,呈和科技,688625,41.13,411.3,10,浙商证券股份有限公司上海长乐路证券营业部,广发证券股份有限公司广州天河路证券营业部,否
2024-11-07,松井股份,688157,40,280,7,第一创业证券股份有限公司长沙分公司,方正证券股份有限公司长沙芙蓉中路证券营业部,否
2024-11-07,美芯晟,688458,37.13,1113.9,30,开源证券股份有限公司江苏分公司,万联证券股份有限公司广州珠江新城证券营业部,否
2024-11-07,中金公司,601995,36.54,1498.14,41,国泰君安证券股份有限公司深圳登良路证券营业部,中国国际金融股份有限公司北京建国门外大街证券营业部,否
2024-11-07,中金公司,601995,36.54,657.72,18,国泰君安证券股份有限公司总部,中国国际金融股份有限公司北京建国门外大街证券营业部,否
2024-11-07,中金公司,601995,36.54,456.75,12.5,中信证券股份有限公司总部(非营业场所),中国国际金融股份有限公司北京建国门外大街证券营业部,否
2024-11-07,中金公司,601995,36.54,365.4,10,中信建投证券股份有限公司总部,中国国际金融股份有限公司北京建国门外大街证券营业部,否
2024-11-07,中金公司,601995,36.54,292.32,8,民生证券股份有限公司苏州分公司,中国国际金融股份有限公司北京建国门外大街证券营业部,否
2024-11-07,中金公司,601995,36.54,255.78,7,中信建投证券股份有限公司北京望京证券营业部,中国国际金融股份有限公司北京建国门外大街证券营业部,否
2024-11-07,中金公司,601995,36.54,255.78,7,华泰证券股份有限公司南京分公司,中国国际金融股份有限公司北京建国门外大街证券营业部,否
2024-11-07,中金公司,601995,36.54,255.78,7,国泰君安证券股份有限公司深圳红荔西路证券营业部,中国国际金融股份有限公司北京建国门外大街证券营业部,否
2024-11-07,中金公司,601995,36.54,255.78,7,国都证券股份有限公司江苏分公司,中国国际金融股份有限公司北京建国门外大街证券营业部,否
2024-11-07,中金公司,601995,36.54,255.78,7,浙商证券股份有限公司台州环城东路证券营业部,中国国际金融股份有限公司北京建国门外大街证券营业部,否
2024-11-07,中金公司,601995,36.54,255.78,7,浙商证券股份有限公司绍兴分公司,中国国际金融股份有限公司北京建国门外大街证券营业部,否
2024-11-07,中金公司,601995,36.54,255.78,7,浙商证券股份有限公司绍兴分公司,中国国际金融股份有限公司北京建国门外大街证券营业部,否
2024-11-07,中金公司,601995,36.54,200.97,5.5,长城证券股份有限公司总部,中国国际金融股份有限公司北京建国门外大街证券营业部,否
2024-11-07,中信证券,600030,34.19,549.78,16.08,中国中金财富证券有限公司福州五四路证券营业部,中国国际金融股份有限公司北京建国门外大街证券营业部,否
2024-11-07,伟创电气,688698,29,5337,184.03,机构专用,国泰君安证券股份有限公司深圳益田路证券营业部,否
2024-11-07,伟创电气,688698,29,2000,68.97,机构专用,国泰君安证券股份有限公司深圳益田路证券营业部,否
2024-11-07,沐邦高科,603398,25,5000,200,中国银河证券股份有限公司杭州东宁路证券营业部,中国银河证券股份有限公司宁波柳汀街证券营业部,否
2024-11-07,航天晨光,600501,22.64,226.4,10,中国国际金融股份有限公司北京建国门外大街证券营业部,平安证券股份有限公司深圳金田路证券营业部,否
2024-11-07,交控科技,688015,20.78,761.89,36.66,机构专用,光大证券股份有限公司北京中关村大街证券营业部,否
2024-11-07,甬金股份,603995,19.94,398.8,20,中国国际金融股份有限公司北京建国门外大街证券营业部,平安证券股份有限公司深圳金田路证券营业部,否
2024-11-07,上海汽配,603107,17.07,341.4,20,东兴证券股份有限公司成都都江堰市迎宾路证券营业部,兴业证券股份有限公司上海自由贸易试验区分公司,否
2024-11-07,爱婴室,603214,16.99,202.35,11.91,国投证券股份有限公司连云港郁州北路证券营业部,中信证券股份有限公司上海五角场证券营业部,否
2024-11-07,英集芯,688209,15.5,209.25,13.5,中信证券股份有限公司总部(非营业场所),申港证券股份有限公司湖北分公司,否
2024-11-07,汇宇制药,688553,15.46,1994.34,129,国信证券股份有限公司福建分公司,国盛证券有限责任公司南昌金融大街证券营业部,否
2024-11-07,埃夫特,688165,10,300,30,东北证券股份有限公司太原桃园北路证券营业部,中国中金财富证券有限公司北京建国门外大街证券营业部,否
2024-11-07,埃夫特,688165,10,300,30,长江证券股份有限公司北京百万庄大街证券营业部,中国中金财富证券有限公司北京建国门外大街证券营业部,否
2024-11-07,埃夫特,688165,10,200,20,东方财富证券股份有限公司拉萨东环路第二证券营业部,中国中金财富证券有限公司北京建国门外大街证券营业部,否
2024-11-07,埃夫特,688165,10,200,20,东方财富证券股份有限公司拉萨团结路第一证券营业部,中国中金财富证券有限公司北京建国门外大街证券营业部,否
2024-11-07,埃夫特,688165,10,200,20,中信证券股份有限公司天津南开证券营业部,中国中金财富证券有限公司北京建国门外大街证券营业部,否
2024-11-07,埃夫特,688165,10,200,20,国金证券股份有限公司北京长椿街证券营业部,中国中金财富证券有限公司北京建国门外大街证券营业部,否
2024-11-07,复洁环保,688335,9.68,212.96,22,财通证券股份有限公司深圳分公司,国泰君安证券股份有限公司上海商城路证券营业部,否
2024-11-07,古越龙山,600059,9.44,283.2,30,中国国际金融股份有限公司北京建国门外大街证券营业部,平安证券股份有限公司深圳金田路证券营业部,否
2024-11-07,广钢气体,688548,9.12,912,100,机构专用,申港证券股份有限公司湖北分公司,否
2024-11-07,广钢气体,688548,9.12,492.48,54,中信证券股份有限公司总部(非营业场所),申港证券股份有限公司湖北分公司,否
2024-11-07,太极实业,600667,8.91,490.58,55.06,中国中金财富证券有限公司福州五四路证券营业部,中国国际金融股份有限公司北京建国门外大街证券营业部,否
2024-11-07,中国西电,601179,7.83,80271.32,10251.76,摩根大通证券（中国）有限公司上海银城中路证券营业部,中国国际金融股份有限公司上海分公司,否
2024-11-07,科美诊断,688468,7.19,575.2,80,中信证券股份有限公司总部(非营业场所),中信证券股份有限公司北京紫竹院路证券营业部,否
2024-11-07,集友股份,603429,6.75,2981.16,441.65,中信证券股份有限公司绍兴群贤路证券营业部,长城证券股份有限公司绍兴金柯桥大道证券营业部,否
2024-11-07,中储股份,600787,5.42,1788.6,330,机构专用,民生证券股份有限公司上海漕溪北路证券营业部,否
2024-11-07,农业银行,601288,4.68,187.2,40,华泰证券股份有限公司深圳益田路证券营业部,华泰证券股份有限公司深圳益田路证券营业部,否
2024-11-07,国中水务,600187,4.49,314.3,70,财信证券股份有限公司长沙芙蓉中路证券营业部,招商证券股份有限公司北京建国路证券营业部,否
2024-11-07,英利汽车,601279,4.26,479.55,112.57,国泰君安证券股份有限公司总部,机构专用,否
2024-11-07,海南机场,600515,3.59,66155.62,18427.75,兴业证券股份有限公司北京分公司,国都证券股份有限公司北京阜外大街证券营业部,否
2024-11-07,中安科,600654,3.03,909,300,机构专用,江海证券有限公司安徽分公司,否
2024-11-07,红豆股份,600400,2.67,2332.73,873.68,机构专用,首创证券股份有限公司烟台南大街证券营业部,否
2024-11-07,ST百利,603959,2.65,132.5,50,国信证券股份有限公司烟台环山路证券营业部,联储证券股份有限公司烟台分公司,否
2024-11-07,和辉光电,688538,2.63,5260,2000,中信证券股份有限公司总部(非营业场所),海通证券股份有限公司上海静安区北京西路证券营业部,否
2024-11-07,和辉光电,688538,2.63,2630,1000,方正证券股份有限公司总部,海通证券股份有限公司上海静安区北京西路证券营业部,否
2024-11-07,和辉光电,688538,2.63,2630,1000,机构专用,海通证券股份有限公司上海静安区北京西路证券营业部,否
2024-11-07,*ST卓朗,600225,2.45,122.5,50,东亚前海证券有限责任公司苏州留园路证券营业部,东海证券股份有限公司福州长乐北路证券营业部,否
2024-11-07,亨通股份,600226,2.41,2330.45,966.99,东吴证券股份有限公司苏州吴江区中山北路证券营业部,广发证券股份有限公司湖州高富路证券营业部,否
2024-11-07,亨通股份,600226,2.41,1928,800,国泰君安证券股份有限公司无锡湖滨路证券营业部,广发证券股份有限公司湖州高富路证券营业部,否
2024-11-07,酒ETF,512690,0.7,140,200,中国中金财富证券有限公司福州五四路证券营业部,中国国际金融股份有限公司北京建国门外大街证券营业部,否
2024-11-07,恒生科技,513130,0.64,38340,60000,广发证券股份有限公司总部,中信证券股份有限公司上海分公司,否
2024-11-07,港股科技,513010,0.64,2311.08,3594.21,机构专用,国泰君安证券股份有限公司总部,否
2024-11-07,港股科技,513010,0.64,988.92,1540.37,机构专用,国泰君安证券股份有限公司总部,否
2024-11-06,茂莱光学,688502,255.2,382.8,1.5,开源证券股份有限公司江苏分公司,国投证券股份有限公司南京华创路证券营业部,否
2024-11-06,茂莱光学,688502,255.2,382.8,1.5,机构专用,国投证券股份有限公司南京华创路证券营业部,否
2024-11-06,茂莱光学,688502,255.2,382.8,1.5,机构专用,国投证券股份有限公司南京华创路证券营业部,否
2024-11-06,赛力斯,601127,134.2,805.2,6,招商证券股份有限公司深圳益田路免税商务大厦证券营业部,中信建投证券股份有限公司上海闵行区顾戴路证券营业部,否
2024-11-06,伟测科技,688372,65.66,1357.16,20.67,机构专用,国联证券股份有限公司无锡梁清路证券营业部,否
2024-11-06,伟测科技,688372,65.66,1313.2,20,机构专用,国联证券股份有限公司无锡梁清路证券营业部,否
2024-11-06,联创光电,600363,61.78,741.36,12,长城证券股份有限公司湖北分公司,中航证券有限公司吉安广场北路证券营业部,否
2024-11-06,中航沈飞,600760,59,549.88,9.32,中国中金财富证券有限公司福州五四路证券营业部,中国国际金融股份有限公司北京建国门外大街证券营业部,否
2024-11-06,恒瑞医药,600276,53.55,7164.45,133.79,中国银河证券股份有限公司连云港通灌南路证券营业部,国投证券股份有限公司连云港郁州北路证券营业部,否
2024-11-06,万润新能,688275,48.9,1956,40,中信证券股份有限公司总部(非营业场所),中信建投证券股份有限公司武汉中北路证券营业部,否
2024-11-06,芯动联科,688582,46.31,463.1,10,东兴证券股份有限公司成都都江堰市迎宾路证券营业部,海通证券股份有限公司上海黄浦区合肥路证券营业部,否
2024-11-06,闻泰科技,600745,44.18,1360.74,30.8,光大证券股份有限公司顺德大良证券营业部,光大证券股份有限公司顺德大良证券营业部,否
2024-11-06,安博通,688168,39.73,496.63,12.5,西部证券股份有限公司西安东大街证券营业部,广发证券股份有限公司江门开平东兴大道证券营业部,否
2024-11-06,中信证券,600030,31.08,435.12,14,华泰证券股份有限公司北京雍和宫证券营业部,国泰君安证券股份有限公司总部,否
2024-11-06,伊利股份,600887,29.3,2100.22,71.68,中信证券股份有限公司上海红宝石路证券营业部,平安证券股份有限公司广西分公司,否
2024-11-06,金鸿顺,603922,25.92,1477.44,57,渤海证券股份有限公司天津云际道分公司,华龙证券股份有限公司杭州玉古路证券营业部,否
2024-11-06,永信至诚,688244,23.97,203.75,8.5,中信建投证券股份有限公司北京京西分公司,中信建投证券股份有限公司北京京西分公司,否
2024-11-06,骏亚科技,603386,13.32,2366.96,177.7,华泰证券股份有限公司总部,中信证券股份有限公司上海世博馆路证券营业部,否
2024-11-06,骏亚科技,603386,13.32,1629.04,122.3,中国中金财富证券有限公司深圳爱国路证券营业部,中信证券股份有限公司上海世博馆路证券营业部,否
2024-11-06,赛伍技术,603212,11.58,200.33,17.3,华泰证券股份有限公司广州云城东路证券营业部,中国国际金融股份有限公司北京建国门外大街证券营业部,否
2024-11-06,赛伍技术,603212,11.58,200.33,17.3,国金证券股份有限公司北京长椿街证券营业部,中国国际金融股份有限公司北京建国门外大街证券营业部,否
2024-11-06,复洁环保,688335,9.49,208.78,22,财通证券股份有限公司深圳分公司,国泰君安证券股份有限公司上海商城路证券营业部,否
2024-11-06,科美诊断,688468,6.97,348.5,50,中信证券股份有限公司总部(非营业场所),中信证券股份有限公司北京紫竹院路证券营业部,否
2024-11-06,集友股份,603429,6.65,1763.18,265.14,中信证券股份有限公司绍兴群贤路证券营业部,中信证券股份有限公司绍兴群贤路证券营业部,否
2024-11-06,南京交通,508069,5.47,300.85,55,平安证券股份有限公司总部,国联证券股份有限公司总部,否
2024-11-06,瑞丰银行,601528,4.83,2994.6,620,财通证券股份有限公司绍兴迪荡湖路证券营业部,财通证券股份有限公司绍兴迪荡湖路证券营业部,否
2024-11-06,和辉光电,688538,2.58,3870,1500,中信证券股份有限公司总部(非营业场所),海通证券股份有限公司上海静安区北京西路证券营业部,否
2024-11-06,*ST卓朗,600225,2.58,88.73,34.39,东亚前海证券有限责任公司苏州留园路证券营业部,华泰证券股份有限公司天津东丽开发区二纬路证券营业部,否
2024-11-06,红豆股份,600400,2.51,1706.8,680,机构专用,首创证券股份有限公司烟台南大街证券营业部,否
2024-11-06,红豆股份,600400,2.51,803.2,320,海通证券股份有限公司上海黄浦区合肥路证券营业部,首创证券股份有限公司烟台南大街证券营业部,否
2024-11-06,红豆股份,600400,2.51,539.65,215,中信建投证券股份有限公司淄博政通路证券营业部,首创证券股份有限公司烟台南大街证券营业部,否
2024-11-06,红豆股份,600400,2.51,527.1,210,华泰证券股份有限公司上海长宁区凯旋路证券营业部,首创证券股份有限公司烟台南大街证券营业部,否
2024-11-06,红豆股份,600400,2.51,188.25,75,华泰证券股份有限公司南京长江路证券营业部,首创证券股份有限公司烟台南大街证券营业部,否
2024-11-06,津开产园,508022,2.47,1211.3,491,招商证券股份有限公司内设营业部（自营）,中信证券股份有限公司总部(非营业场所),否
2024-11-06,香港证券,513090,1.61,1771,1100,瑞银证券有限责任公司上海花园石桥路证券营业部,华宝证券股份有限公司上海东大名路证券营业部,否
2024-11-06,科创50,588000,1.05,1050,1000,中国中金财富证券有限公司福州五四路证券营业部,东吴证券股份有限公司投资总部,否
2024-11-06,港股互联,513770,0.88,2104.8,2400,瑞银证券有限责任公司上海花园石桥路证券营业部,华宝证券股份有限公司上海东大名路证券营业部,否
2024-11-05,贵州茅台,600519,1520,1520,1,中银国际证券股份有限公司北京宣外大街证券营业部,中银国际证券股份有限公司北京宣外大街证券营业部,否
2024-11-05,茂莱光学,688502,236.18,472.36,2,兴业证券股份有限公司哈尔滨友谊路证券营业部,国投证券股份有限公司南京华创路证券营业部,否
2024-11-05,茂莱光学,688502,236.18,472.36,2,开源证券股份有限公司江苏分公司,国投证券股份有限公司南京华创路证券营业部,否
2024-11-05,茂莱光学,688502,236.18,472.36,2,机构专用,国投证券股份有限公司南京华创路证券营业部,否
2024-11-05,科德数控,688305,75,885,11.8,华安证券股份有限公司上海浦东南路证券营业部,中信证券股份有限公司上海世博馆路证券营业部,否
2024-11-05,澜起科技,688008,63.41,1585.25,25,高盛（中国）证券有限责任公司上海浦东新区世纪大道证券营业部,中国中金财富证券有限公司上海浦东新区世纪大道证券营业部,否
2024-11-05,伟测科技,688372,63.31,1329.51,21,机构专用,国联证券股份有限公司无锡梁清路证券营业部,否
2024-11-05,伟测科技,688372,63.31,1266.2,20,方正证券股份有限公司安阳紫薇大道证券营业部,国联证券股份有限公司无锡梁清路证券营业部,否
2024-11-05,中国平安,601318,58.75,825.44,14.05,中信证券股份有限公司大连分公司,机构专用,否
2024-11-05,联创光电,600363,56.16,13366.08,238,长城证券股份有限公司湖北分公司,中航证券有限公司吉安广场北路证券营业部,否
2024-11-05,澜起科技,688008,52.84,9997.33,189.2,中信证券股份有限公司上海环球金融中心证券营业部,中信证券股份有限公司上海环球金融中心证券营业部,否
2024-11-05,敏芯股份,688286,50.97,815.52,16,机构专用,华泰证券股份有限公司苏州干将西路证券营业部,否
2024-11-05,芯动联科,688582,46.9,469,10,东兴证券股份有限公司成都都江堰市迎宾路证券营业部,海通证券股份有限公司上海黄浦区合肥路证券营业部,否
2024-11-05,闻泰科技,600745,45.2,1395.78,30.88,光大证券股份有限公司顺德大良证券营业部,光大证券股份有限公司顺德大良证券营业部,否
2024-11-05,瑞可达,688800,41.78,2089,50,机构专用,中国银河证券股份有限公司北京中关村大街证券营业部,否
2024-11-05,海天味业,603288,41.65,1798.28,43.18,平安证券股份有限公司佛山季华六路证券营业部,平安证券股份有限公司客户资产管理部,否
2024-11-05,松井股份,688157,40,280,7,第一创业证券股份有限公司长沙分公司,方正证券股份有限公司长沙芙蓉中路证券营业部,否
2024-11-05,招商银行,600036,39.08,807,20.65,广发证券股份有限公司上海南泉北路证券营业部,机构专用,否
2024-11-05,汇通能源,600605,35.79,429.48,12,机构专用,海通证券股份有限公司北京中关村南大街证券营业部,否
2024-11-05,云天励飞,688343,32.9,3290,100,机构专用,方正证券股份有限公司北京阜外大街证券营业部,否
2024-11-05,大地熊,688077,28.88,1155.2,40,光大证券股份有限公司上海黄浦区西藏中路证券营业部,招商证券股份有限公司合肥望江西路证券营业部,否
2024-11-05,安孚科技,603031,26.68,533.6,20,机构专用,方正证券股份有限公司北京荣华中路证券营业部,否
2024-11-05,沐邦高科,603398,24.49,2460.02,100.45,财通证券股份有限公司杭州文二西路证券营业部,广发证券股份有限公司杭州顺福商务中心证券营业部,否
2024-11-05,克来机电,603960,24.26,223.68,9.22,中信证券股份有限公司泉州温陵北路证券营业部,中国国际金融股份有限公司北京建国门外大街证券营业部,否
2024-11-05,四方光电,688665,24.07,382.47,15.89,招商证券股份有限公司上海肇嘉浜路证券营业部,东方证券股份有限公司上海青浦区五厍浜路证券营业部,否
2024-11-05,倍轻松,688793,23.95,565.46,23.61,江海证券有限公司济南经十路证券营业部,江海证券有限公司济南经十路证券营业部,否
2024-11-05,威迈斯,688612,20.28,811.2,40,中信证券股份有限公司深圳前海分公司,中信证券股份有限公司深圳前海分公司,否
2024-11-05,甬金股份,603995,19.25,385,20,中国国际金融股份有限公司北京建国门外大街证券营业部,平安证券股份有限公司深圳金田路证券营业部,否
2024-11-05,紫金矿业,601899,17.7,816.15,46.11,华泰证券股份有限公司深圳前海证券营业部,机构专用,否
2024-11-05,掌阅科技,603533,17,14620,860,财通证券股份有限公司宁波环城北路证券营业部,平安证券股份有限公司北京望京证券营业部,否
2024-11-05,国睿科技,600562,17,340,20,中国中金财富证券有限公司石家庄中华南大街证券营业部,财通证券股份有限公司宁波环城北路证券营业部,否
2024-11-05,英集芯,688209,15,546,36.4,机构专用,申港证券股份有限公司湖北分公司,否
2024-11-05,英集芯,688209,15,274.5,18.3,机构专用,华福证券有限责任公司上海东方路证券营业部,否
2024-11-05,英集芯,688209,15,229.5,15.3,机构专用,华福证券有限责任公司上海东方路证券营业部,否
2024-11-05,英集芯,688209,15,202.5,13.5,中信证券股份有限公司总部(非营业场所),申港证券股份有限公司湖北分公司,否
2024-11-05,英集芯,688209,15,202.5,13.5,中信证券股份有限公司总部(非营业场所),申港证券股份有限公司湖北分公司,否
2024-11-05,英集芯,688209,15,202.5,13.5,国泰君安证券股份有限公司总部,华福证券有限责任公司上海东方路证券营业部,否
2024-11-05,英集芯,688209,15,201,13.4,华泰证券股份有限公司宿迁洪泽湖路证券营业部,申港证券股份有限公司湖北分公司,否
2024-11-05,中金黄金,600489,14.3,715,50,中国国际金融股份有限公司北京建国门外大街证券营业部,平安证券股份有限公司深圳金田路证券营业部,否
2024-11-05,龙净环保,600388,13.13,6039.8,460,申万宏源证券有限公司证券投资总部,申万宏源证券有限公司石狮石龙路证券营业部,否
2024-11-05,颀中科技,688352,12.9,207.8,16.11,中信证券股份有限公司昆山前进路证券营业部,中信证券股份有限公司昆山前进路证券营业部,否
2024-11-05,九联科技,688609,12.51,750.6,60,机构专用,广发证券股份有限公司惠州仲恺陈江证券营业部,否
2024-11-05,安迪苏,600299,11.72,234.4,20,中国国际金融股份有限公司北京建国门外大街证券营业部,平安证券股份有限公司深圳金田路证券营业部,否
2024-11-05,赛伍技术,603212,11.34,226.8,20,国信证券股份有限公司深圳泰然九路证券营业部,中国国际金融股份有限公司北京建国门外大街证券营业部,否
2024-11-05,赛伍技术,603212,11.34,226.8,20,国泰君安证券股份有限公司总部,中国国际金融股份有限公司北京建国门外大街证券营业部,否
2024-11-05,赛伍技术,603212,11.34,204.12,18,中信证券股份有限公司总部(非营业场所),中国国际金融股份有限公司北京建国门外大街证券营业部,否
2024-11-05,赛伍技术,603212,11.34,204.12,18,机构专用,中国国际金融股份有限公司北京建国门外大街证券营业部,否
2024-11-05,复洁环保,688335,9.55,210.1,22,财通证券股份有限公司深圳分公司,国泰君安证券股份有限公司上海商城路证券营业部,否
2024-11-05,科美诊断,688468,6.96,348,50,中信证券股份有限公司总部(非营业场所),中信证券股份有限公司北京紫竹院路证券营业部,否
2024-11-05,莱绅通灵,603900,5.64,169.2,30,国投证券股份有限公司连云港郁州北路证券营业部,华泰证券股份有限公司南京清凉门大街证券营业部,否
2024-11-05,莱绅通灵,603900,5.64,169.2,30,国投证券股份有限公司连云港郁州北路证券营业部,华泰证券股份有限公司南京清凉门大街证券营业部,否
2024-11-05,武进不锈,603878,4.95,177.79,35.92,海通证券股份有限公司常州健身路证券营业部,海通证券股份有限公司厦门展鸿路证券营业部,否
2024-11-05,瑞丰银行,601528,4.74,2199.36,464,财通证券股份有限公司绍兴迪荡湖路证券营业部,财通证券股份有限公司绍兴迪荡湖路证券营业部,否
2024-11-05,*ST卓朗,600225,2.72,136,50,东亚前海证券有限责任公司苏州留园路证券营业部,华泰证券股份有限公司天津东丽开发区二纬路证券营业部,否
2024-11-05,*ST卓朗,600225,2.72,136,50,华源证券股份有限公司江苏分公司,华泰证券股份有限公司天津东丽开发区二纬路证券营业部,否
2024-11-05,和辉光电,688538,2.59,3885,1500,中信证券股份有限公司总部(非营业场所),海通证券股份有限公司上海静安区北京西路证券营业部,否
2024-11-05,标普ETF,513650,1.46,2488.8,1700,瑞银证券有限责任公司上海花园石桥路证券营业部,华宝证券股份有限公司上海东大名路证券营业部,否
2024-11-05,纳指ETF,513100,1.44,575.6,400,瑞银证券有限责任公司上海花园石桥路证券营业部,华宝证券股份有限公司上海东大名路证券营业部,否
2024-11-05,美国50,513850,1.29,1157.4,900,瑞银证券有限责任公司上海花园石桥路证券营业部,华宝证券股份有限公司上海东大名路证券营业部,否
2024-11-05,军工龙头,512710,0.7,210,300,中国中金财富证券有限公司福州五四路证券营业部,中国国际金融股份有限公司北京建国门外大街证券营业部,否
2024-11-04,贵州茅台,600519,1525,1525,1,中银国际证券股份有限公司北京宣外大街证券营业部,中银国际证券股份有限公司北京宣外大街证券营业部,否
2024-11-04,赛力斯,601127,125.32,807.06,6.44,招商证券股份有限公司深圳益田路免税商务大厦证券营业部,中信建投证券股份有限公司上海闵行区顾戴路证券营业部,否
2024-11-04,赛力斯,601127,125.32,268.18,2.14,华泰证券股份有限公司深圳前海证券营业部,中信建投证券股份有限公司上海闵行区顾戴路证券营业部,否
2024-11-04,科德数控,688305,72.13,865.56,12,华安证券股份有限公司上海浦东南路证券营业部,中信证券股份有限公司上海世博馆路证券营业部,否
2024-11-04,澜起科技,688008,61.43,3071.5,50,国泰君安证券股份有限公司总部,中国中金财富证券有限公司上海浦东新区世纪大道证券营业部,否
2024-11-04,澜起科技,688008,61.43,921.45,15,汇丰前海证券有限责任公司深圳前海证券营业部,中国中金财富证券有限公司上海浦东新区世纪大道证券营业部,否
2024-11-04,伟测科技,688372,60.2,1204,20,方正证券股份有限公司安阳紫薇大道证券营业部,国联证券股份有限公司无锡梁清路证券营业部,否
2024-11-04,伟测科技,688372,60.2,1204,20,机构专用,国联证券股份有限公司无锡梁清路证券营业部,否
2024-11-04,澜起科技,688008,51.64,9997.5,193.6,中信证券股份有限公司上海环球金融中心证券营业部,中信证券股份有限公司上海环球金融中心证券营业部,否
2024-11-04,芯动联科,688582,44.92,673.8,15,东兴证券股份有限公司成都都江堰市迎宾路证券营业部,海通证券股份有限公司上海黄浦区合肥路证券营业部,否
2024-11-04,呈和科技,688625,41.52,415.2,10,方正证券股份有限公司总部,广发证券股份有限公司广州天河路证券营业部,否
2024-11-04,中国太保,601601,36.86,442.32,12,恒泰证券股份有限公司上海陆家嘴证券营业部,方正证券股份有限公司上海浦东新区成山路证券营业部,否
2024-11-04,剑桥科技,603083,36.83,287.27,7.8,东方财富证券股份有限公司拉萨团结路第一证券营业部,中国银河证券股份有限公司杭州未来科技城舒心路证券营业部,否
2024-11-04,伟创电气,688698,30,585,19.5,中国银河证券股份有限公司金华证券营业部,国泰君安证券股份有限公司深圳益田路证券营业部,否
2024-11-04,伟创电气,688698,30,510,17,中信证券股份有限公司南京洪武北路证券营业部,国泰君安证券股份有限公司深圳益田路证券营业部,否
2024-11-04,伟创电气,688698,30,480,16,国都证券股份有限公司江苏分公司,国泰君安证券股份有限公司深圳益田路证券营业部,否
2024-11-04,伟创电气,688698,30,450,15,中信证券股份有限公司南京洪武北路证券营业部,国泰君安证券股份有限公司深圳益田路证券营业部,否
2024-11-04,伟创电气,688698,30,450,15,中信证券股份有限公司徐州建国西路证券营业部,国泰君安证券股份有限公司深圳益田路证券营业部,否
2024-11-04,伟创电气,688698,30,420,14,海通证券股份有限公司南京常府街证券营业部,国泰君安证券股份有限公司深圳益田路证券营业部,否
2024-11-04,伟创电气,688698,30,390,13,中信证券股份有限公司总部(非营业场所),国泰君安证券股份有限公司深圳益田路证券营业部,否
2024-11-04,伟创电气,688698,30,390,13,海通证券股份有限公司南京常府街证券营业部,国泰君安证券股份有限公司深圳益田路证券营业部,否
2024-11-04,伟创电气,688698,30,345,11.5,华泰证券股份有限公司南京分公司,国泰君安证券股份有限公司深圳益田路证券营业部,否
2024-11-04,伟创电气,688698,30,345,11.5,华泰证券股份有限公司南京大光路证券营业部,国泰君安证券股份有限公司深圳益田路证券营业部,否
2024-11-04,伟创电气,688698,30,225,7.5,华泰证券股份有限公司南京庐山路证券营业部,国泰君安证券股份有限公司深圳益田路证券营业部,否
2024-11-04,伟创电气,688698,30,210,7,国投证券股份有限公司连云港郁州北路证券营业部,国泰君安证券股份有限公司深圳益田路证券营业部,否
2024-11-04,伟创电气,688698,30,210,7,国投证券股份有限公司连云港郁州北路证券营业部,国泰君安证券股份有限公司深圳益田路证券营业部,否
2024-11-04,大地熊,688077,26.01,2861.1,110,长江证券股份有限公司上海都市路证券营业部,招商证券股份有限公司合肥望江西路证券营业部,否
2024-11-04,晶方科技,603005,25.38,12690,500,机构专用,东吴证券股份有限公司苏州工业园区现代大道证券营业部,否
2024-11-04,宇通客车,600066,23.82,2382,100,华泰证券股份有限公司总部,中国国际金融股份有限公司上海分公司,否
2024-11-04,宇通客车,600066,23.82,1667.4,70,华泰证券股份有限公司总部,中国国际金融股份有限公司上海分公司,否
2024-11-04,四方光电,688665,23.76,237.6,10,招商证券股份有限公司上海肇嘉浜路证券营业部,东方证券股份有限公司上海青浦区五厍浜路证券营业部,否
2024-11-04,文灿股份,603348,23.54,264.83,11.25,国泰君安证券股份有限公司重庆中山三路证券营业部,国泰君安证券股份有限公司重庆南坪惠工路证券营业部,否
2024-11-04,泰坦科技,688133,22.16,210.52,9.5,中信证券股份有限公司上海万源路证券营业部,中信建投证券股份有限公司上海市华灵路证券营业部,否
2024-11-04,莱特光电,688150,21.41,599.48,28,中信证券股份有限公司总部(非营业场所),中信证券股份有限公司北京金融大街证券营业部,否
2024-11-04,莱特光电,688150,21.41,471.02,22,中信证券股份有限公司总部(非营业场所),中信证券股份有限公司北京金融大街证券营业部,否
2024-11-04,沐邦高科,603398,20.6,9998.83,485.38,中国银河证券股份有限公司宁波柳汀街证券营业部,财通证券股份有限公司杭州新北街证券营业部,否
2024-11-04,威迈斯,688612,19.28,1378.52,71.5,中信证券股份有限公司深圳前海分公司,中信证券股份有限公司深圳前海分公司,否
2024-11-04,兴业银行,601166,18.28,4570,250,中国国际金融股份有限公司深圳分公司,中国中金财富证券有限公司厦门分公司,否
2024-11-04,华光新材,688379,18.04,415.63,23.04,中国银河证券股份有限公司杭州凤起路证券营业部,中国银河证券股份有限公司庆元濛洲街证券营业部,否
2024-11-04,湘电股份,600416,13,416,32,华福证券有限责任公司湖北分公司,华金证券股份有限公司湖北分公司,否
2024-11-04,西藏珠峰,600338,11.6,821.74,70.84,中信证券股份有限公司杭州玉皇山南基金小镇证券营业部,华福证券有限责任公司慈溪新城大道北路证券营业部,否
2024-11-04,赛伍技术,603212,11.3,293.8,26,中信建投证券股份有限公司总部,中国国际金融股份有限公司北京建国门外大街证券营业部,否
2024-11-04,良品铺子,603719,11.05,200.01,18.1,国投证券股份有限公司佛山北滘证券营业部,广发证券股份有限公司武汉纺织路证券营业部,否
2024-11-04,复洁环保,688335,9.34,205.48,22,财通证券股份有限公司深圳分公司,国泰君安证券股份有限公司上海商城路证券营业部,否
2024-11-04,大丰实业,603081,9.1,2548,280,长城证券股份有限公司义乌银海路证券营业部,中国银河证券股份有限公司灌云人民中路证券营业部,否
2024-11-04,湘财股份,600095,6.94,1110.4,160,摩根大通证券（中国）有限公司上海银城中路证券营业部,湘财证券股份有限公司杭州文二西路证券营业部,否
2024-11-04,湘财股份,600095,6.94,1006.3,145,中信证券股份有限公司徐州建国西路证券营业部,湘财证券股份有限公司杭州文二西路证券营业部,否
2024-11-04,湘财股份,600095,6.94,499.68,72,中信证券股份有限公司总部(非营业场所),湘财证券股份有限公司杭州文二西路证券营业部,否
2024-11-04,湘财股份,600095,6.94,347,50,机构专用,湘财证券股份有限公司杭州文二西路证券营业部,否
2024-11-04,湘财股份,600095,6.94,347,50,高盛（中国）证券有限责任公司上海浦东新区世纪大道证券营业部,湘财证券股份有限公司杭州文二西路证券营业部,否
2024-11-04,湘财股份,600095,6.94,201.26,29,国投证券股份有限公司佛山北滘证券营业部,湘财证券股份有限公司杭州文二西路证券营业部,否
2024-11-04,湘财股份,600095,6.94,201.26,29,机构专用,湘财证券股份有限公司杭州文二西路证券营业部,否
2024-11-04,湘财股份,600095,6.94,201.26,29,民生证券股份有限公司苏州分公司,湘财证券股份有限公司杭州文二西路证券营业部,否
2024-11-04,湘财股份,600095,6.94,200.57,28.9,机构专用,湘财证券股份有限公司杭州文二西路证券营业部,否
2024-11-04,科美诊断,688468,6.7,335,50,中信证券股份有限公司总部(非营业场所),中信证券股份有限公司北京紫竹院路证券营业部,否
2024-11-04,瑞丰银行,601528,4.67,2998.14,642,财通证券股份有限公司绍兴迪荡湖路证券营业部,财通证券股份有限公司绍兴迪荡湖路证券营业部,否
2024-11-04,东峰集团,601515,3.19,1269.62,398,平安证券股份有限公司湖北分公司,东方证券股份有限公司上海徐汇广元西路证券营业部,否
2024-11-04,东方集团,600811,2.78,10008,3600,广发证券股份有限公司深圳深南大道证券营业部,平安证券股份有限公司惠州文昌一路证券营业部,否
2024-11-04,和辉光电,688538,2.48,2480,1000,方正证券股份有限公司总部,海通证券股份有限公司上海静安区北京西路证券营业部,否
2024-11-04,海航控股,600221,1.67,3340,2000,中信证券股份有限公司总部(非营业场所),华泰证券股份有限公司北京分公司,否
2024-11-04,A500基金,563360,1.02,1022,1000,广发证券股份有限公司总部,兴业证券股份有限公司北京大望路证券营业部,否
2024-11-04,恒指科技,513180,0.61,183.6,300,国信证券股份有限公司深圳互联网分公司,中国银河证券股份有限公司总部,否
2024-11-01,茂莱光学,688502,213.64,1281.84,6,浙商证券股份有限公司上海长乐路证券营业部,国投证券股份有限公司南京华创路证券营业部,否
2024-11-01,赛力斯,601127,113.93,366.85,3.22,国联证券股份有限公司深圳益田路证券营业部,中信建投证券股份有限公司上海闵行区顾戴路证券营业部,否
2024-11-01,赛力斯,601127,113.93,244.95,2.15,华泰证券股份有限公司深圳前海证券营业部,中信建投证券股份有限公司上海闵行区顾戴路证券营业部,否
2024-11-01,赛力斯,601127,113.93,227.86,2,华泰证券股份有限公司总部,中信证券股份有限公司上海分公司,否
2024-11-01,奕瑞科技,688301,113.42,11908.84,105,中信证券股份有限公司总部(非营业场所),华泰证券股份有限公司成都蜀金路证券营业部,否
2024-11-01,奕瑞科技,688301,113.42,5600.38,49.38,机构专用,华泰证券股份有限公司成都蜀金路证券营业部,否
2024-11-01,万泰生物,603392,72.5,5684.1,78.4,申万宏源证券有限公司盐城射阳兴阳广场证券营业部,招商证券股份有限公司上海陆家嘴东路证券营业部,否
2024-11-01,中国平安,601318,51,765,15,中信证券华南股份有限公司广州广州大道中证券营业部,中信证券华南股份有限公司广州广州大道中证券营业部,否
2024-11-01,松发股份,603268,45.06,225.3,5,兴业证券股份有限公司哈尔滨友谊路证券营业部,招商证券股份有限公司北京海淀大街证券营业部,否
2024-11-01,芯动联科,688582,43.05,645.75,15,东兴证券股份有限公司成都都江堰市迎宾路证券营业部,海通证券股份有限公司上海黄浦区合肥路证券营业部,否
2024-11-01,海天味业,603288,40.71,2031.43,49.9,平安证券股份有限公司佛山季华六路证券营业部,平安证券股份有限公司客户资产管理部,否
2024-11-01,招商银行,600036,38.01,3002.79,79,华安证券股份有限公司郑州陇海路证券营业部,中信证券股份有限公司上海分公司,否
2024-11-01,北方稀土,600111,23.61,236.1,10,华泰证券股份有限公司总部,中信证券股份有限公司上海分公司,否
2024-11-01,银都股份,603277,22.41,200.08,8.93,国联证券股份有限公司浙江分公司,国信证券股份有限公司杭州分公司,否
2024-11-01,银都股份,603277,22.41,200.08,8.93,国联证券股份有限公司浙江分公司,国信证券股份有限公司杭州分公司,否
2024-11-01,银都股份,603277,22.41,200.08,8.93,国联证券股份有限公司浙江分公司,国信证券股份有限公司杭州分公司,否
2024-11-01,银都股份,603277,21.68,7984.31,368.28,国信证券股份有限公司浙江分公司,国信证券股份有限公司杭州分公司,否
2024-11-01,银都股份,603277,21.68,1209.75,55.8,海通证券股份有限公司杭州富春路证券营业部,国信证券股份有限公司杭州分公司,否
2024-11-01,银都股份,603277,21.68,1209.75,55.8,海通证券股份有限公司杭州富春路证券营业部,国信证券股份有限公司杭州分公司,否
2024-11-01,银都股份,603277,21.68,1161.35,53.57,海通证券股份有限公司杭州富春路证券营业部,国信证券股份有限公司杭州分公司,否
2024-11-01,银都股份,603277,21.68,1064.58,49.1,国联证券股份有限公司浙江分公司,国信证券股份有限公司杭州分公司,否
2024-11-01,银都股份,603277,21.68,967.79,44.64,国联证券股份有限公司浙江分公司,国信证券股份有限公司杭州分公司,否
2024-11-01,银都股份,603277,21.68,967.79,44.64,国联证券股份有限公司浙江分公司,国信证券股份有限公司杭州分公司,否
2024-11-01,银都股份,603277,21.68,967.79,44.64,国联证券股份有限公司浙江分公司,国信证券股份有限公司杭州分公司,否
2024-11-01,银都股份,603277,21.68,483.9,22.32,国联证券股份有限公司浙江分公司,国信证券股份有限公司杭州分公司,否
2024-11-01,银都股份,603277,21.68,483.9,22.32,国联证券股份有限公司浙江分公司,国信证券股份有限公司杭州分公司,否
2024-11-01,银都股份,603277,21.68,241.94,11.16,国联证券股份有限公司浙江分公司,国信证券股份有限公司杭州分公司,否
2024-11-01,银都股份,603277,21.68,241.94,11.16,国联证券股份有限公司浙江分公司,国信证券股份有限公司杭州分公司,否
2024-11-01,银都股份,603277,21.68,241.94,11.16,国联证券股份有限公司浙江分公司,国信证券股份有限公司杭州分公司,否
2024-11-01,银都股份,603277,21.68,241.94,11.16,国联证券股份有限公司浙江分公司,国信证券股份有限公司杭州分公司,否
2024-11-01,爱婴室,603214,16.83,774.18,46,机构专用,中信证券股份有限公司上海五角场证券营业部,否
2024-11-01,爱婴室,603214,16.83,385.41,22.9,机构专用,中信证券股份有限公司上海五角场证券营业部,否
2024-11-01,爱婴室,603214,16.83,323.3,19.21,机构专用,中信证券股份有限公司上海五角场证券营业部,否
2024-11-01,转债ETF,511380,11.04,220.8,20,机构专用,国融证券股份有限公司杭州江汉路证券营业部,否
2024-11-01,大丰实业,603081,9.3,2883,310,联储证券股份有限公司浙江分公司,中国银河证券股份有限公司灌云人民中路证券营业部,否
2024-11-01,中青旅,600138,9.13,207.62,22.74,长江证券股份有限公司上海东明路证券营业部,长江证券股份有限公司上海东明路证券营业部,否
2024-11-01,中谷物流,603565,7.52,20003.2,2660,申万宏源证券有限公司上海浦东新区成山路证券营业部,中国中金财富证券有限公司上海黄浦区湖滨路证券营业部,否
2024-11-01,中谷物流,603565,7.52,4151.04,552,国泰君安证券股份有限公司总部,中国中金财富证券有限公司上海黄浦区湖滨路证券营业部,否
2024-11-01,中谷物流,603565,7.52,3842.72,511,国泰君安证券股份有限公司总部,中国中金财富证券有限公司上海黄浦区湖滨路证券营业部,否
2024-11-01,中谷物流,603565,7.52,1015.2,135,机构专用,中国中金财富证券有限公司上海黄浦区湖滨路证券营业部,否
2024-11-01,中谷物流,603565,7.52,601.6,80,机构专用,中国中金财富证券有限公司上海黄浦区湖滨路证券营业部,否
2024-11-01,中谷物流,603565,7.52,564,75,机构专用,中国中金财富证券有限公司上海黄浦区湖滨路证券营业部,否
2024-11-01,中谷物流,603565,7.52,526.4,70,机构专用,中国中金财富证券有限公司上海黄浦区湖滨路证券营业部,否
2024-11-01,中谷物流,603565,7.52,451.2,60,机构专用,中国中金财富证券有限公司上海黄浦区湖滨路证券营业部,否
2024-11-01,中谷物流,603565,7.52,219.03,29.13,机构专用,中国中金财富证券有限公司上海黄浦区湖滨路证券营业部,否
2024-11-01,中谷物流,603565,7.52,210.56,28,机构专用,中国中金财富证券有限公司上海黄浦区湖滨路证券营业部,否
2024-11-01,力帆科技,601777,7.32,3294,450,机构专用,方正证券股份有限公司重庆万象城证券营业部,否
2024-11-01,力帆科技,601777,7.32,366,50,中信证券股份有限公司总部(非营业场所),方正证券股份有限公司重庆万象城证券营业部,否
2024-11-01,返利科技,600228,5.58,1617.92,289.95,兴业证券股份有限公司哈尔滨友谊路证券营业部,华泰证券股份有限公司南京中山东路华泰证券大厦证券营业部,否
2024-11-01,返利科技,600228,5.58,435.26,78,兴业证券股份有限公司哈尔滨友谊路证券营业部,华泰证券股份有限公司南京中山东路华泰证券大厦证券营业部,否
2024-11-01,国中水务,600187,4.57,296,64.77,中信证券股份有限公司泉州温陵北路证券营业部,中国国际金融股份有限公司北京建国门外大街证券营业部,否
2024-11-01,芯联集成,688469,4.1,205,50,国泰君安证券股份有限公司总部,光大证券股份有限公司上海虹口区东大名路证券营业部,否
2024-11-01,芯联集成,688469,4.1,205,50,国泰君安证券股份有限公司总部,招商证券股份有限公司北京东四十条证券营业部,否
2024-11-01,*ST卓朗,600225,3.01,150.5,50,东海证券股份有限公司福州长乐北路证券营业部,华泰证券股份有限公司天津东丽开发区二纬路证券营业部,否
2024-11-01,50ETF,510050,2.76,9523.38,3448,财通证券股份有限公司义乌江滨西路证券营业部,中国国际金融股份有限公司北京建国门外大街证券营业部,否
2024-11-01,海航控股,600221,1.52,1480.7,974.14,机构专用,中信建投证券股份有限公司北京商务中心区机构专用证券营业部,否
2024-11-01,酒ETF,512690,0.62,311.5,500,广发证券股份有限公司总部,国信证券股份有限公司深圳泰然九路证券营业部,否
2024-11-01,医药ETF,512010,0.37,74.2,200,中国银河证券股份有限公司总部,兴业证券股份有限公司福州湖东路证券营业部,否
2024-10-31,茂莱光学,688502,212.43,637.29,3,开源证券股份有限公司江苏分公司,国投证券股份有限公司南京华创路证券营业部,否
2024-10-31,茂莱光学,688502,212.43,637.29,3,方正证券股份有限公司上海杨高南路证券营业部,国投证券股份有限公司南京华创路证券营业部,否
2024-10-31,茂莱光学,688502,212.43,637.29,3,方正证券股份有限公司总部,国投证券股份有限公司南京华创路证券营业部,否
2024-10-31,赛力斯,601127,116.7,375.77,3.22,国联证券股份有限公司深圳益田路证券营业部,中信建投证券股份有限公司上海闵行区顾戴路证券营业部,否
2024-10-31,赛力斯,601127,116.7,250.91,2.15,华泰证券股份有限公司深圳前海证券营业部,中信建投证券股份有限公司上海闵行区顾戴路证券营业部,否
2024-10-31,澜起科技,688008,63.62,1717.74,27,瑞银证券有限责任公司上海花园石桥路证券营业部,中国中金财富证券有限公司上海浦东新区世纪大道证券营业部,否
2024-10-31,澜起科技,688008,63.62,1272.4,20,机构专用,中国中金财富证券有限公司上海浦东新区世纪大道证券营业部,否
2024-10-31,澜起科技,688008,63.62,763.44,12,中信证券股份有限公司总部(非营业场所),中国中金财富证券有限公司上海浦东新区世纪大道证券营业部,否
2024-10-31,澜起科技,688008,63.62,222.67,3.5,国泰君安证券股份有限公司总部,中国中金财富证券有限公司上海浦东新区世纪大道证券营业部,否
2024-10-31,澜起科技,688008,63.62,203.58,3.2,民生证券股份有限公司苏州分公司,中国中金财富证券有限公司上海浦东新区世纪大道证券营业部,否
2024-10-31,伟测科技,688372,58.88,1177.6,20,机构专用,国联证券股份有限公司无锡梁清路证券营业部,否
2024-10-31,伟测科技,688372,58.88,883.2,15,机构专用,国联证券股份有限公司无锡梁清路证券营业部,否
2024-10-31,恒瑞医药,600276,51.25,14495.04,282.83,中国银河证券股份有限公司连云港通灌南路证券营业部,国投证券股份有限公司连云港郁州北路证券营业部,否
2024-10-31,恒瑞医药,600276,51.25,5084.51,99.21,中国银河证券股份有限公司连云港通灌南路证券营业部,国投证券股份有限公司连云港郁州北路证券营业部,否
2024-10-31,恒瑞医药,600276,51.25,2540.46,49.57,中国银河证券股份有限公司连云港通灌南路证券营业部,国投证券股份有限公司连云港郁州北路证券营业部,否
2024-10-31,海天味业,603288,41.06,2032.47,49.5,平安证券股份有限公司佛山季华六路证券营业部,平安证券股份有限公司客户资产管理部,否
2024-10-31,松发股份,603268,40.96,409.6,10,西部证券股份有限公司西安东大街证券营业部,招商证券股份有限公司北京海淀大街证券营业部,否
2024-10-31,瑞可达,688800,39.34,1573.6,40,机构专用,中国银河证券股份有限公司北京中关村大街证券营业部,否
2024-10-31,江淮汽车,600418,36.9,1592.24,43.15,中信证券股份有限公司杭州延安路证券营业部,华创证券有限责任公司杭州东信大道证券营业部,否
2024-10-31,世运电路,603920,28.71,4880.7,170,兴业证券股份有限公司哈尔滨友谊路证券营业部,国信证券股份有限公司珠海分公司,否
2024-10-31,天能股份,688819,27.96,223.99,8.01,财信证券股份有限公司长沙芙蓉中路证券营业部,招商证券股份有限公司北京建国路证券营业部,否
2024-10-31,长盈通,688143,27.05,676.25,25,机构专用,中国银河证券股份有限公司武汉新华路证券营业部,否
2024-10-31,四方光电,688665,24.39,412.19,16.9,招商证券股份有限公司上海肇嘉浜路证券营业部,海通证券股份有限公司上海静安区北京西路证券营业部,否
2024-10-31,天合光能,688599,23.58,4278.83,181.46,招商证券股份有限公司北京建国路证券营业部,中信证券股份有限公司上海分公司,否
2024-10-31,莱特光电,688150,22.82,638.96,28,中信证券股份有限公司总部(非营业场所),中信证券股份有限公司北京金融大街证券营业部,否
2024-10-31,莱特光电,688150,22.82,502.04,22,中信证券股份有限公司总部(非营业场所),中信证券股份有限公司北京金融大街证券营业部,否
2024-10-31,圣泉集团,605589,21.47,7299.8,340,华泰证券股份有限公司总部,中国国际金融股份有限公司上海分公司,否
2024-10-31,威迈斯,688612,20.16,2417.18,119.9,招商证券股份有限公司深圳南山南油大道证券营业部,中信证券（山东）有限责任公司青岛西海岸新区长江中路证券营业部,否
2024-10-31,交控科技,688015,19.78,791.2,40,机构专用,光大证券股份有限公司北京中关村大街证券营业部,否
2024-10-31,国泰君安,601211,18.92,709.5,37.5,华泰证券股份有限公司总部,海通证券股份有限公司上海崮山路证券营业部,否
2024-10-31,卧龙电驱,600580,14.99,202.37,13.5,东方证券股份有限公司上海嘉定区金沙路证券营业部,华安证券股份有限公司广东分公司,否
2024-10-31,格灵深瞳,688207,13.1,4172.61,318.52,中信证券股份有限公司杭州凤起路证券营业部,中国国际金融股份有限公司上海分公司,否
2024-10-31,康众医疗,688607,12.74,203.84,16,东北证券股份有限公司太原桃园北路证券营业部,中信证券股份有限公司上海分公司,否
2024-10-31,康众医疗,688607,12.74,203.84,16,中信证券股份有限公司北京京城大厦证券营业部,中信证券股份有限公司上海分公司,否
2024-10-31,龙净环保,600388,12.25,13242.25,1081,机构专用,广发证券股份有限公司福州望龙二路证券营业部,否
2024-10-31,良品铺子,603719,11.3,553.7,49,机构专用,广发证券股份有限公司武汉纺织路证券营业部,否
2024-10-31,良品铺子,603719,11.3,271.2,24,机构专用,广发证券股份有限公司武汉纺织路证券营业部,否
2024-10-31,良品铺子,603719,11.3,226,20,机构专用,广发证券股份有限公司武汉纺织路证券营业部,否
2024-10-31,良品铺子,603719,11.3,203.4,18,国泰君安证券股份有限公司总部,广发证券股份有限公司武汉纺织路证券营业部,否
2024-10-31,邦基科技,603151,10.68,277.68,26,财达证券股份有限公司深圳分公司,太平洋证券股份有限公司成都分公司,否
2024-10-31,海南椰岛,600238,8.48,338.78,39.95,财达证券股份有限公司深圳分公司,湘财证券股份有限公司成都西一环路证券营业部,否
2024-10-31,科美诊断,688468,6.8,340,50,中信证券股份有限公司总部(非营业场所),中信证券股份有限公司北京紫竹院路证券营业部,否
2024-10-31,电子城,600658,4.92,200.24,40.7,机构专用,国金证券股份有限公司北京建国门内大街证券营业部,否
2024-10-31,正元地信,688509,4.33,866,200,机构专用,中国中金财富证券有限公司北京北三环东路证券营业部,否
2024-10-31,芯联集成,688469,4.11,698.7,170,国泰君安证券股份有限公司总部,光大证券股份有限公司上海虹口区东大名路证券营业部,否
2024-10-31,芯联集成,688469,4.11,616.5,150,国泰君安证券股份有限公司总部,招商证券股份有限公司北京东四十条证券营业部,否
2024-10-31,芯联集成,688469,4.11,411,100,国泰君安证券股份有限公司总部,光大证券股份有限公司上海虹口区东大名路证券营业部,否
2024-10-31,芯联集成,688469,4.11,411,100,国泰君安证券股份有限公司总部,招商证券股份有限公司北京东四十条证券营业部,否
2024-10-31,芯联集成,688469,4.11,411,100,高盛（中国）证券有限责任公司上海浦东新区世纪大道证券营业部,光大证券股份有限公司上海虹口区东大名路证券营业部,否
2024-10-31,芯联集成,688469,4.11,411,100,高盛（中国）证券有限责任公司上海浦东新区世纪大道证券营业部,光大证券股份有限公司上海虹口区东大名路证券营业部,否
2024-10-31,芯联集成,688469,4.11,328.8,80,国泰君安证券股份有限公司总部,招商证券股份有限公司北京东四十条证券营业部,否
2024-10-31,实达集团,600734,3.27,1962,600,机构专用,金元证券股份有限公司广州中山大道证券营业部,否
2024-10-31,龙江交通,601188,3.26,211.9,65,机构专用,中泰证券股份有限公司上海周家嘴路证券营业部,否
2024-10-31,龙江交通,601188,3.26,97.8,30,机构专用,中泰证券股份有限公司上海周家嘴路证券营业部,否
2024-10-31,海南机场,600515,3.09,309,100,兴业证券股份有限公司北京分公司,国都证券股份有限公司北京阜外大街证券营业部,否
2024-10-31,ST通葡,600365,2.78,136.22,49,财达证券股份有限公司深圳分公司,太平洋证券股份有限公司成都分公司,否
2024-10-31,ST通葡,600365,2.75,137.5,50,华泰证券股份有限公司成都蜀金路证券营业部,太平洋证券股份有限公司成都分公司,否
2024-10-31,和辉光电,688538,2.5,2500,1000,方正证券股份有限公司总部,海通证券股份有限公司上海静安区北京西路证券营业部,否
2024-10-31,康美药业,600518,1.91,3056,1600,机构专用,天风证券股份有限公司深圳后海证券营业部,否
2024-10-31,海航控股,600221,1.38,3726,2700,机构专用,中信建投证券股份有限公司北京商务中心区机构专用证券营业部,否
2024-10-31,光伏ETF,515790,0.91,273,300,中国中金财富证券有限公司福州五四路证券营业部,中国国际金融股份有限公司北京建国门外大街证券营业部,否
2024-10-31,科创100C,588800,0.86,1724,2000,财通证券股份有限公司义乌江滨西路证券营业部,中国银河证券股份有限公司总部,否
2024-10-31,科创100C,588800,0.86,862,1000,财通证券股份有限公司义乌江滨西路证券营业部,中国银河证券股份有限公司总部,否
2024-10-31,数字ETF,560800,0.72,202.16,280,财达证券股份有限公司深圳分公司,太平洋证券股份有限公司成都分公司,否
2024-10-30,汇顶科技,603160,97.46,1499.91,15.39,国信证券股份有限公司深圳金田路证券营业部,国泰君安证券股份有限公司深圳海岸城海德三道证券营业部,否
2024-10-30,伟测科技,688372,57.79,1502.54,26,机构专用,国联证券股份有限公司无锡梁清路证券营业部,否
2024-10-30,伟测科技,688372,57.79,1155.8,20,机构专用,国联证券股份有限公司无锡梁清路证券营业部,否
2024-10-30,聚和材料,688503,40.19,630.98,15.7,机构专用,国泰君安证券股份有限公司上海江苏路证券营业部,否
2024-10-30,聚和材料,688503,40.19,253.19,6.3,机构专用,国泰君安证券股份有限公司上海江苏路证券营业部,否
2024-10-30,安博通,688168,39.45,394.5,10,中信证券股份有限公司总部(非营业场所),长江证券股份有限公司武汉彭刘杨路证券营业部,否
2024-10-30,联创光电,600363,39.08,6135.56,157,海通证券股份有限公司上海临港分公司,招商证券股份有限公司南昌北京西路证券营业部,否
2024-10-30,联创光电,600363,39.08,5666.6,145,长江证券股份有限公司上海都市路证券营业部,招商证券股份有限公司南昌北京西路证券营业部,否
2024-10-30,联创光电,600363,39.08,1626.81,41.63,华安证券股份有限公司上海浦东南路证券营业部,招商证券股份有限公司南昌北京西路证券营业部,否
2024-10-30,松发股份,603268,37.24,744.8,20,机构专用,招商证券股份有限公司北京海淀大街证券营业部,否
2024-10-30,骄成超声,688392,32.82,436.42,13.3,申万宏源证券有限公司大连分公司,中国银河证券股份有限公司庆元濛洲街证券营业部,否
2024-10-30,景业智能,688290,31,279,9,海通证券股份有限公司上海黄浦区福州路证券营业部,华泰证券股份有限公司浙江分公司,否
2024-10-30,景业智能,688290,31,279,9,海通证券股份有限公司深圳分公司华富路证券营业部,华泰证券股份有限公司浙江分公司,否
2024-10-30,景业智能,688290,31,248,8,天风证券股份有限公司深圳分公司,华泰证券股份有限公司浙江分公司,否
2024-10-30,景业智能,688290,31,201.5,6.5,海通证券股份有限公司深圳海德三道证券营业部,华泰证券股份有限公司浙江分公司,否
2024-10-30,莱特光电,688150,22.79,638.12,28,中信证券股份有限公司总部(非营业场所),中信证券股份有限公司北京金融大街证券营业部,否
2024-10-30,莱特光电,688150,22.79,501.38,22,中信证券股份有限公司总部(非营业场所),中信证券股份有限公司北京金融大街证券营业部,否
2024-10-30,圣泉集团,605589,21.4,7490,350,华泰证券股份有限公司总部,中国国际金融股份有限公司上海分公司,否
2024-10-30,威迈斯,688612,20,1330,66.5,中信证券股份有限公司深圳前海分公司,中信证券股份有限公司深圳前海分公司,否
2024-10-30,威迈斯,688612,20,1200,60,招商证券股份有限公司深圳南山南油大道证券营业部,中信证券（山东）有限责任公司青岛西海岸新区长江中路证券营业部,否
2024-10-30,新相微,688593,17.9,16450.1,919,中信证券股份有限公司上海南京西路证券营业部,中国中金财富证券有限公司上海分公司,否
2024-10-30,汇宇制药,688553,14.79,1996.65,135,国信证券股份有限公司福建分公司,国盛证券有限责任公司南昌金融大街证券营业部,否
2024-10-30,如通股份,603036,13.65,1961.64,143.71,中信建投证券股份有限公司北京东三环中路证券营业部,招商证券股份有限公司南昌北京西路证券营业部,否
2024-10-30,如通股份,603036,13.65,1740.65,127.52,中信建投证券股份有限公司北京东三环中路证券营业部,招商证券股份有限公司南昌北京西路证券营业部,否
2024-10-30,如通股份,603036,13.65,918.37,67.28,中信建投证券股份有限公司北京东三环中路证券营业部,招商证券股份有限公司南昌北京西路证券营业部,否
2024-10-30,九联科技,688609,13.54,812.4,60,机构专用,广发证券股份有限公司惠州仲恺陈江证券营业部,否
2024-10-30,华菱精工,603356,12.8,2355.2,184,财达证券股份有限公司深圳分公司,太平洋证券股份有限公司成都分公司,否
2024-10-30,海星股份,603115,12.8,1830.4,143,中国银河证券股份有限公司北京阜成路证券营业部,中信证券股份有限公司南京浦口大道证券营业部,否
2024-10-30,金种子酒,600199,12.6,2268,180,财达证券股份有限公司深圳分公司,太平洋证券股份有限公司成都分公司,否
2024-10-30,上海临港,600848,10.93,207.67,19,恒泰证券股份有限公司上海陆家嘴证券营业部,东兴证券股份有限公司三明列东街证券营业部,否
2024-10-30,科捷智能,688455,8.59,953.83,111.04,高盛（中国）证券有限责任公司上海浦东新区世纪大道证券营业部,国泰君安证券股份有限公司青岛南京路证券营业部,否
2024-10-30,海南椰岛,600238,7.9,1232.4,156,财达证券股份有限公司深圳分公司,太平洋证券股份有限公司成都分公司,否
2024-10-30,方正证券,601901,7.75,747.02,96.39,华宝证券股份有限公司杭州学院路证券营业部,长城证券股份有限公司宁波华严街证券营业部,否
2024-10-30,力帆科技,601777,7.64,3361.6,440,机构专用,方正证券股份有限公司重庆万象城证券营业部,否
2024-10-30,力帆科技,601777,7.64,458.4,60,中信证券股份有限公司总部(非营业场所),方正证券股份有限公司重庆万象城证券营业部,否
2024-10-30,XD山东高,508007,7.53,919.92,122.2,中信证券股份有限公司客户资产管理部,华泰证券股份有限公司成都蜀金路证券营业部,否
2024-10-30,科美诊断,688468,6.76,338,50,中信证券股份有限公司总部(非营业场所),中信证券股份有限公司北京紫竹院路证券营业部,否
2024-10-30,宁波联合,600051,6.5,520,80,国海证券股份有限公司深圳深南大道证券营业部,太平洋证券股份有限公司成都分公司,否
2024-10-30,上港集团,600018,6.12,489.6,80,恒泰证券股份有限公司上海陆家嘴证券营业部,东兴证券股份有限公司三明列东街证券营业部,否
2024-10-30,莱绅通灵,603900,5.82,203.7,35,国泰君安证券股份有限公司总部,华泰证券股份有限公司南京清凉门大街证券营业部,否
2024-10-30,莱绅通灵,603900,5.82,174.6,30,机构专用,华泰证券股份有限公司南京清凉门大街证券营业部,否
2024-10-30,莱绅通灵,603900,5.82,174.6,30,机构专用,华泰证券股份有限公司南京清凉门大街证券营业部,否
2024-10-30,友好集团,600778,5.76,489.6,85,国海证券股份有限公司深圳深南大道证券营业部,太平洋证券股份有限公司成都分公司,否
2024-10-30,大众公用,600635,5.06,303.6,60,华泰证券股份有限公司总部,中信证券股份有限公司上海分公司,否
2024-10-30,武进不锈,603878,5.05,970.99,192.28,海通证券股份有限公司常州健身路证券营业部,海通证券股份有限公司常州健身路证券营业部,否
2024-10-30,凤竹纺织,600493,5,1100,220,财达证券股份有限公司深圳分公司,太平洋证券股份有限公司成都分公司,否
2024-10-30,中交REIT,508018,4.89,161.3,33,中信证券股份有限公司客户资产管理部,华泰证券股份有限公司成都蜀金路证券营业部,否
2024-10-30,城投控股,600649,4.84,174.24,36,恒泰证券股份有限公司上海陆家嘴证券营业部,东兴证券股份有限公司三明列东街证券营业部,否
2024-10-30,芯联集成,688469,4.11,1438.5,350,国泰君安证券股份有限公司总部,招商证券股份有限公司北京东四十条证券营业部,否
2024-10-30,芯联集成,688469,4.11,1027.5,250,瑞银证券有限责任公司上海花园石桥路证券营业部,招商证券股份有限公司北京东四十条证券营业部,否
2024-10-30,芯联集成,688469,4.11,822,200,瑞银证券有限责任公司上海花园石桥路证券营业部,光大证券股份有限公司上海虹口区东大名路证券营业部,否
2024-10-30,芯联集成,688469,4.11,822,200,瑞银证券有限责任公司上海花园石桥路证券营业部,光大证券股份有限公司上海虹口区东大名路证券营业部,否
2024-10-30,芯联集成,688469,4.11,822,200,高盛（中国）证券有限责任公司上海浦东新区世纪大道证券营业部,光大证券股份有限公司上海虹口区东大名路证券营业部,否
2024-10-30,芯联集成,688469,4.11,822,200,高盛（中国）证券有限责任公司上海浦东新区世纪大道证券营业部,光大证券股份有限公司上海虹口区东大名路证券营业部,否
2024-10-30,芯联集成,688469,4.11,616.5,150,国泰君安证券股份有限公司总部,招商证券股份有限公司北京东四十条证券营业部,否
2024-10-30,芯联集成,688469,4.11,411,100,国泰君安证券股份有限公司总部,光大证券股份有限公司上海虹口区东大名路证券营业部,否
2024-10-30,芯联集成,688469,4.11,411,100,摩根大通证券（中国）有限公司上海银城中路证券营业部,招商证券股份有限公司北京东四十条证券营业部,否
2024-10-30,芯联集成,688469,4.11,411,100,机构专用,招商证券股份有限公司北京东四十条证券营业部,否
2024-10-30,芯联集成,688469,4.11,205.5,50,机构专用,光大证券股份有限公司上海虹口区东大名路证券营业部,否
2024-10-30,正元地信,688509,4.08,734.4,180,机构专用,中国中金财富证券有限公司北京北三环东路证券营业部,否
2024-10-30,实达集团,600734,3.3,3554.1,1077,方正证券股份有限公司总部,金元证券股份有限公司广州中山大道证券营业部,否
2024-10-30,实达集团,600734,3.3,1320,400,财通证券股份有限公司深圳分公司,金元证券股份有限公司广州中山大道证券营业部,否
2024-10-30,实达集团,600734,3.3,990,300,机构专用,金元证券股份有限公司广州中山大道证券营业部,否
2024-10-30,中华企业,600675,3.06,168.3,55,恒泰证券股份有限公司上海陆家嘴证券营业部,东兴证券股份有限公司三明列东街证券营业部,否
2024-10-30,正平股份,603843,2.98,599.87,201.3,长城证券股份有限公司佛山南海城南二路证券营业部,长城证券股份有限公司佛山三水张边路证券营业部,否
2024-10-30,京东仓储,508098,2.61,1044,400,国泰君安证券股份有限公司总部,平安证券股份有限公司总部,否
2024-10-30,上海建工,600170,2.47,234.65,95,恒泰证券股份有限公司上海陆家嘴证券营业部,东兴证券股份有限公司三明列东街证券营业部,否
2024-10-30,亨通股份,600226,2.06,682.89,331.5,中信证券股份有限公司上海南京西路证券营业部,东方证券股份有限公司上海黄浦区中华路证券营业部,否
2024-10-30,亨通股份,600226,2.06,168.92,82,中信证券股份有限公司上海南京西路证券营业部,东方证券股份有限公司上海黄浦区中华路证券营业部,否
2024-10-30,绿地控股,600606,1.96,172.48,88,恒泰证券股份有限公司上海陆家嘴证券营业部,东兴证券股份有限公司三明列东街证券营业部,否
2024-10-30,科创芯片,588200,1.35,529.4,391.57,华泰证券股份有限公司南京大光路证券营业部,中国国际金融股份有限公司北京建国门外大街证券营业部,否
2024-10-30,科创芯片,588200,1.35,529.4,391.57,华泰证券股份有限公司深圳后海中心路证券营业部,中国国际金融股份有限公司北京建国门外大街证券营业部,否
2024-10-30,半导体,512480,0.96,500.76,520,华泰证券股份有限公司苏州干将西路证券营业部,申万宏源证券有限公司证券投资总部,否
2024-10-30,光伏ETF,515790,0.88,176,200,中国中金财富证券有限公司福州五四路证券营业部,中国国际金融股份有限公司北京建国门外大街证券营业部,否
2024-10-30,医药ETF,512010,0.37,74.6,200,兴业证券股份有限公司福州鳌峰路证券营业部,中国国际金融股份有限公司北京建国门外大街证券营业部,否
2024-10-29,茂莱光学,688502,183.14,549.42,3,机构专用,国投证券股份有限公司南京华创路证券营业部,否
2024-10-29,茂莱光学,688502,183.14,549.42,3,机构专用,国投证券股份有限公司南京华创路证券营业部,否
2024-10-29,赛力斯,601127,109.2,632.27,5.79,中邮证券有限责任公司湖南分公司,中信建投证券股份有限公司上海闵行区顾戴路证券营业部,否
2024-10-29,索辰科技,688507,57.67,466.03,8.08,中信证券股份有限公司总部(非营业场所),机构专用,否
2024-10-29,华勤技术,603296,57.32,1217.65,21.24,中信证券股份有限公司总部(非营业场所),中信证券股份有限公司北京国贸证券营业部,否
2024-10-29,华勤技术,603296,57.32,501.95,8.76,中信证券股份有限公司总部(非营业场所),中信证券股份有限公司北京国贸证券营业部,否
2024-10-29,艾力斯,688578,50,1000,20,高盛（中国）证券有限责任公司上海浦东新区世纪大道证券营业部,中信证券股份有限公司上海分公司,否
2024-10-29,艾力斯,688578,50,1000,20,高盛（中国）证券有限责任公司上海浦东新区世纪大道证券营业部,中信证券股份有限公司上海分公司,否
2024-10-29,艾力斯,688578,50,797.5,15.95,国泰君安证券股份有限公司广州东风中路证券营业部,中信证券股份有限公司上海分公司,否
2024-10-29,艾力斯,688578,50,529.81,10.6,国泰君安证券股份有限公司广州东风中路证券营业部,中信证券股份有限公司上海分公司,否
2024-10-29,艾力斯,688578,50,500,10,机构专用,中信证券股份有限公司上海分公司,否
2024-10-29,艾力斯,688578,50,267.7,5.35,国泰君安证券股份有限公司广州东风中路证券营业部,中信证券股份有限公司上海分公司,否
2024-10-29,艾力斯,688578,50,250,5,机构专用,中信证券股份有限公司上海分公司,否
2024-10-29,海天味业,603288,42.2,2021.38,47.9,平安证券股份有限公司佛山季华六路证券营业部,平安证券股份有限公司客户资产管理部,否
2024-10-29,中国软件,600536,40.25,247.54,6.15,机构专用,招商证券股份有限公司上海闵行区申长路证券营业部,否
2024-10-29,骄成超声,688392,35.29,254.79,7.22,申万宏源证券有限公司大连分公司,中国银河证券股份有限公司庆元濛洲街证券营业部,否
2024-10-29,苑东生物,688513,35,205.8,5.88,中泰证券股份有限公司客户资产管理部,机构专用,否
2024-10-29,松发股份,603268,33.85,236.95,7,兴业证券股份有限公司福州鳌峰路证券营业部,招商证券股份有限公司北京海淀大街证券营业部,否
2024-10-29,景业智能,688290,31,682,22,海通证券股份有限公司上海普陀区金沙江路证券营业部,华泰证券股份有限公司浙江分公司,否
2024-10-29,景业智能,688290,31,279,9,海通证券股份有限公司杭州富春路证券营业部,华泰证券股份有限公司浙江分公司,否
2024-10-29,景业智能,688290,31,210.32,6.78,兴业证券股份有限公司广州分公司,华泰证券股份有限公司浙江分公司,否
2024-10-29,景业智能,688290,31,201.5,6.5,中信证券股份有限公司深圳滨海大道证券营业部,华泰证券股份有限公司浙江分公司,否
2024-10-29,景业智能,688290,31,201.5,6.5,华西证券股份有限公司深圳海天一路证券营业部,华泰证券股份有限公司浙江分公司,否
2024-10-29,美芯晟,688458,30.64,612.8,20,机构专用,广发证券股份有限公司广州江湾证券营业部,否
2024-10-29,安孚科技,603031,27.34,1093.6,40,机构专用,方正证券股份有限公司北京荣华中路证券营业部,否
2024-10-29,易德龙,603380,21.41,727.94,34,中国银河证券股份有限公司金华证券营业部,南京证券股份有限公司苏州南天成路证券营业部,否
2024-10-29,易德龙,603380,21.41,706.53,33,中信证券股份有限公司南京双龙大道证券营业部,南京证券股份有限公司苏州南天成路证券营业部,否
2024-10-29,易德龙,603380,21.41,706.53,33,招商证券股份有限公司西安北大街证券营业部,南京证券股份有限公司苏州南天成路证券营业部,否
2024-10-29,莱特光电,688150,20.92,585.76,28,中信证券股份有限公司总部(非营业场所),中信证券股份有限公司北京金融大街证券营业部,否
2024-10-29,莱特光电,688150,20.92,460.24,22,中信证券股份有限公司总部(非营业场所),中信证券股份有限公司北京金融大街证券营业部,否
2024-10-29,威迈斯,688612,20.68,4983.88,241,招商证券股份有限公司深圳南山南油大道证券营业部,中信证券（山东）有限责任公司青岛西海岸新区长江中路证券营业部,否
2024-10-29,中国汽研,601965,19.18,1263.58,65.88,中信证券股份有限公司北京首体南路证券营业部,长江证券股份有限公司深圳分公司,否
2024-10-29,中国汽研,601965,19.18,367.87,19.18,中国中金财富证券有限公司北京建国门外大街证券营业部,广发证券股份有限公司潍坊东方路证券营业部,否
2024-10-29,兴业银行,601166,19.01,798.42,42,国联证券股份有限公司总部,广发证券股份有限公司总部,否
2024-10-29,新相微,688593,18,16542,919,中信证券股份有限公司上海南京西路证券营业部,国元证券股份有限公司台州世纪大道证券营业部,否
2024-10-29,宝丰能源,600989,16.22,1799.45,110.94,中国国际金融股份有限公司北京建国门外大街证券营业部,平安证券股份有限公司深圳金田路证券营业部,否
2024-10-29,华曙高科,688433,16.22,1794.64,110.64,中信证券股份有限公司湖南分公司,中信证券股份有限公司湖南分公司,否
2024-10-29,华曙高科,688433,16.22,555.48,34.25,中信证券股份有限公司湖南分公司,中信证券股份有限公司湖南分公司,否
2024-10-29,华曙高科,688433,16.22,512.75,31.61,国金证券股份有限公司重庆江北嘴证券营业部,中信证券股份有限公司湖南分公司,否
2024-10-29,华曙高科,688433,16.22,427.29,26.34,西部证券股份有限公司湖南分公司,中信证券股份有限公司湖南分公司,否
2024-10-29,华曙高科,688433,16.22,264.92,16.33,中信证券股份有限公司湖南分公司,中信证券股份有限公司湖南分公司,否
2024-10-29,明泰铝业,601677,13.25,1915.16,144.54,中国国际金融股份有限公司北京建国门外大街证券营业部,平安证券股份有限公司深圳金田路证券营业部,否
2024-10-29,西藏珠峰,600338,11.12,1035.05,93.08,金元证券股份有限公司浙江分公司,华福证券有限责任公司慈溪新城大道北路证券营业部,否
2024-10-29,西藏珠峰,600338,11.12,726.25,65.31,中信证券股份有限公司杭州玉皇山南基金小镇证券营业部,华福证券有限责任公司慈溪新城大道北路证券营业部,否
2024-10-29,西藏珠峰,600338,11.12,301.57,27.12,中信建投证券股份有限公司杭州庆春路证券营业部,华福证券有限责任公司慈溪新城大道北路证券营业部,否
2024-10-29,汇成股份,688403,9.38,908.95,96.9,海通证券股份有限公司合肥黄山路证券营业部,海通证券股份有限公司合肥黄山路证券营业部,否
2024-10-29,皖天然气,603689,9.35,924.53,98.88,中信证券股份有限公司北京首体南路证券营业部,长江证券股份有限公司深圳分公司,否
2024-10-29,博敏电子,603936,8.81,393.9,44.71,华泰证券股份有限公司深圳深南大道基金大厦证券营业部,中信证券股份有限公司总部(非营业场所),否
2024-10-29,古越龙山,600059,8.7,2242.86,257.8,中国国际金融股份有限公司北京建国门外大街证券营业部,平安证券股份有限公司深圳金田路证券营业部,否
2024-10-29,新安股份,600596,8.37,1603.69,191.6,中国国际金融股份有限公司北京建国门外大街证券营业部,平安证券股份有限公司深圳金田路证券营业部,否
2024-10-29,力帆科技,601777,7.83,1566,200,机构专用,华泰证券股份有限公司南京大光路证券营业部,否
2024-10-29,力帆科技,601777,7.83,1174.5,150,机构专用,方正证券股份有限公司重庆万象城证券营业部,否
2024-10-29,力帆科技,601777,7.83,391.5,50,中信证券股份有限公司总部(非营业场所),方正证券股份有限公司重庆万象城证券营业部,否
2024-10-29,天富能源,600509,7.8,202.8,26,中信建投证券股份有限公司福清福和路证券营业部,中国国际金融股份有限公司北京建国门外大街证券营业部,否
2024-10-29,科美诊断,688468,6.94,347,50,中信证券股份有限公司总部(非营业场所),中信证券股份有限公司北京紫竹院路证券营业部,否
2024-10-29,武进不锈,603878,5.34,2397.66,449,海通证券股份有限公司常州健身路证券营业部,海通证券股份有限公司常州健身路证券营业部,否
2024-10-29,金杯汽车,600609,5.26,263,50,中信建投证券股份有限公司福清福和路证券营业部,中国国际金融股份有限公司北京建国门外大街证券营业部,否
2024-10-29,亚邦股份,603188,5.04,2772,550,平安证券股份有限公司温州市府路证券营业部,平安证券股份有限公司上海分公司,否
2024-10-29,芯联集成,688469,4.1,820,200,高盛（中国）证券有限责任公司上海浦东新区世纪大道证券营业部,光大证券股份有限公司上海虹口区东大名路证券营业部,否
2024-10-29,芯联集成,688469,4.1,820,200,高盛（中国）证券有限责任公司上海浦东新区世纪大道证券营业部,光大证券股份有限公司上海虹口区东大名路证券营业部,否
2024-10-29,方正科技,600601,3.72,855.6,230,中信证券股份有限公司北京北苑证券营业部,方正证券股份有限公司北京阜外大街证券营业部,否
2024-10-29,方正科技,600601,3.72,372,100,国信证券股份有限公司佛山分公司,方正证券股份有限公司北京阜外大街证券营业部,否
2024-10-29,方正科技,600601,3.72,223.62,60.11,联储证券股份有限公司北京分公司,方正证券股份有限公司北京阜外大街证券营业部,否
2024-10-29,医药ETF,512010,0.38,302.4,800,兴业证券股份有限公司福州鳌峰路证券营业部,中国国际金融股份有限公司北京建国门外大街证券营业部,否
2024-10-29,医药ETF,512010,0.38,113.4,300,中国银河证券股份有限公司总部,兴业证券股份有限公司福州湖东路证券营业部,否
2024-10-28,贵州茅台,600519,1471,205.94,0.14,国新证券股份有限公司长沙韶山路证券营业部,国新证券股份有限公司长沙韶山路证券营业部,否
2024-10-28,茂莱光学,688502,181.79,545.37,3,国泰君安证券股份有限公司总部,国投证券股份有限公司南京华创路证券营业部,否
2024-10-28,茂莱光学,688502,181.79,545.37,3,开源证券股份有限公司江苏分公司,国投证券股份有限公司南京华创路证券营业部,否
2024-10-28,赛力斯,601127,102.47,1385.39,13.52,国泰君安证券股份有限公司深圳海岸城海德三道证券营业部,中信建投证券股份有限公司上海闵行区顾戴路证券营业部,否
2024-10-28,赛力斯,601127,102.47,593.3,5.79,招商证券股份有限公司深圳益田路免税商务大厦证券营业部,中信建投证券股份有限公司上海闵行区顾戴路证券营业部,否
2024-10-28,赛力斯,601127,102.47,494.93,4.83,招商证券股份有限公司深圳益田路免税商务大厦证券营业部,中信建投证券股份有限公司上海闵行区顾戴路证券营业部,否
2024-10-28,赛力斯,601127,102.47,329.95,3.22,华泰证券股份有限公司深圳前海证券营业部,中信建投证券股份有限公司上海闵行区顾戴路证券营业部,否
2024-10-28,赛力斯,601127,102.47,329.95,3.22,国联证券股份有限公司深圳益田路证券营业部,中信建投证券股份有限公司上海闵行区顾戴路证券营业部,否
2024-10-28,赛力斯,601127,102.47,307.41,3,华泰证券股份有限公司总部,中信证券股份有限公司上海分公司,否
2024-10-28,中国中免,601888,70,212.8,3.04,国金证券股份有限公司杭州利一路证券营业部,华西证券股份有限公司杭州学院路证券营业部,否
2024-10-28,索辰科技,688507,60.54,605.4,10,中信证券股份有限公司总部(非营业场所),机构专用,否
2024-10-28,索辰科技,688507,60.54,302.7,5,机构专用,机构专用,否
2024-10-28,华勤技术,603296,57.14,2023.05,35.41,中信证券股份有限公司总部(非营业场所),中信证券股份有限公司北京国贸证券营业部,否
2024-10-28,华勤技术,603296,57.14,833.95,14.59,中信证券股份有限公司总部(非营业场所),中信证券股份有限公司北京国贸证券营业部,否
2024-10-28,密尔克卫,603713,55.15,965.13,17.5,机构专用,中国国际金融股份有限公司北京建国门外大街证券营业部,否
2024-10-28,密尔克卫,603713,55.15,965.13,17.5,机构专用,中国国际金融股份有限公司北京建国门外大街证券营业部,否
2024-10-28,中国平安,601318,53,583,11,中信证券华南股份有限公司广州广州大道中证券营业部,中信证券华南股份有限公司广州广州大道中证券营业部,否
2024-10-28,浙江鼎力,603338,50.1,221.94,4.43,国泰君安证券股份有限公司重庆中山三路证券营业部,国泰君安证券股份有限公司重庆南坪惠工路证券营业部,否
2024-10-28,拓普集团,601689,46.39,6760.88,145.74,广发证券股份有限公司总部,机构专用,否
2024-10-28,拓普集团,601689,46.39,6468.62,139.44,广发证券股份有限公司总部,机构专用,否
2024-10-28,拓普集团,601689,46.39,4005.78,86.35,广发证券股份有限公司总部,机构专用,否
2024-10-28,拓普集团,601689,46.39,856.36,18.46,广发证券股份有限公司总部,中信证券股份有限公司深圳深南中路中信大厦证券营业部,否
2024-10-28,拓普集团,601689,46.39,764.04,16.47,广发证券股份有限公司总部,招商证券股份有限公司北京分公司,否
2024-10-28,拓普集团,601689,46.39,755.69,16.29,广发证券股份有限公司总部,广发证券股份有限公司北京鲁谷路证券营业部,否
2024-10-28,拓普集团,601689,46.39,701.42,15.12,广发证券股份有限公司总部,长江证券股份有限公司北京国贸证券营业部,否
2024-10-28,拓普集团,601689,46.39,636.93,13.73,广发证券股份有限公司总部,方正证券股份有限公司北京安慧东里证券营业部,否
2024-10-28,拓普集团,601689,46.39,553.43,11.93,广发证券股份有限公司总部,机构专用,否
2024-10-28,拓普集团,601689,46.39,540.44,11.65,广发证券股份有限公司总部,招商证券股份有限公司北京分公司,否
2024-10-28,拓普集团,601689,46.39,520.96,11.23,广发证券股份有限公司总部,中国银河证券股份有限公司北京阜成路证券营业部,否
2024-10-28,拓普集团,601689,46.39,502.4,10.83,广发证券股份有限公司总部,招商证券股份有限公司北京分公司,否
2024-10-28,拓普集团,601689,46.39,487.56,10.51,广发证券股份有限公司总部,东吴证券股份有限公司杭州金城路证券营业部,否
2024-10-28,拓普集团,601689,46.39,487.56,10.51,广发证券股份有限公司总部,招商证券股份有限公司北京分公司,否
2024-10-28,拓普集团,601689,46.39,467.61,10.08,广发证券股份有限公司总部,招商证券股份有限公司青岛金家岭金融区证券营业部,否
2024-10-28,拓普集团,601689,46.39,452.3,9.75,广发证券股份有限公司总部,中国国际金融股份有限公司北京建国门外大街证券营业部,否
2024-10-28,拓普集团,601689,46.39,437.46,9.43,广发证券股份有限公司总部,中国中金财富证券有限公司深圳分公司,否
2024-10-28,拓普集团,601689,46.39,423.54,9.13,广发证券股份有限公司总部,机构专用,否
2024-10-28,拓普集团,601689,46.39,422.61,9.11,广发证券股份有限公司总部,浙商证券股份有限公司杭州杭大路证券营业部,否
2024-10-28,拓普集团,601689,46.39,408.23,8.8,广发证券股份有限公司总部,广发证券股份有限公司北京鲁谷路证券营业部,否
2024-10-28,拓普集团,601689,46.39,391.53,8.44,广发证券股份有限公司总部,机构专用,否
2024-10-28,拓普集团,601689,46.39,388.28,8.37,广发证券股份有限公司总部,机构专用,否
2024-10-28,拓普集团,601689,46.39,373.44,8.05,广发证券股份有限公司总部,机构专用,否
2024-10-28,拓普集团,601689,46.39,369.73,7.97,广发证券股份有限公司总部,广发证券股份有限公司北京鲁谷路证券营业部,否
2024-10-28,拓普集团,601689,46.39,366.94,7.91,广发证券股份有限公司总部,方正证券股份有限公司北京安慧东里证券营业部,否
2024-10-28,拓普集团,601689,46.39,365.55,7.88,广发证券股份有限公司总部,机构专用,否
2024-10-28,拓普集团,601689,46.39,364.63,7.86,广发证券股份有限公司总部,招商证券股份有限公司青岛金家岭金融区证券营业部,否
2024-10-28,拓普集团,601689,46.39,360.45,7.77,广发证券股份有限公司总部,浙商证券股份有限公司杭州杭大路证券营业部,否
2024-10-28,拓普集团,601689,46.39,360.45,7.77,广发证券股份有限公司总部,长江证券股份有限公司北京百万庄大街证券营业部,否
2024-10-28,拓普集团,601689,46.39,359.06,7.74,广发证券股份有限公司总部,浙商证券股份有限公司平湖城南东路证券营业部,否
2024-10-28,拓普集团,601689,46.39,334.94,7.22,广发证券股份有限公司总部,中国中金财富证券有限公司深圳分公司,否
2024-10-28,拓普集团,601689,46.39,332.62,7.17,广发证券股份有限公司总部,机构专用,否
2024-10-28,拓普集团,601689,46.39,332.62,7.17,广发证券股份有限公司总部,机构专用,否
2024-10-28,拓普集团,601689,46.39,327.98,7.07,广发证券股份有限公司总部,机构专用,否
2024-10-28,拓普集团,601689,46.39,239.84,5.17,广发证券股份有限公司总部,中国国际金融股份有限公司北京建国门外大街证券营业部,否
2024-10-28,长江电力,600900,27.54,6721.69,244.07,广发证券股份有限公司总部,机构专用,否
2024-10-28,长江电力,600900,27.54,6159.05,223.64,广发证券股份有限公司总部,机构专用,否
2024-10-28,长江电力,600900,27.54,3800.24,137.99,广发证券股份有限公司总部,机构专用,否
2024-10-28,长江电力,600900,27.54,1145.39,41.59,广发证券股份有限公司总部,中国中金财富证券有限公司深圳分公司,否
2024-10-28,长江电力,600900,27.54,898.63,32.63,广发证券股份有限公司总部,中国中金财富证券有限公司深圳分公司,否
2024-10-28,长江电力,600900,27.54,856.22,31.09,广发证券股份有限公司总部,中信证券股份有限公司深圳深南中路中信大厦证券营业部,否
2024-10-28,长江电力,600900,27.54,759,27.56,广发证券股份有限公司总部,招商证券股份有限公司北京分公司,否
2024-10-28,长江电力,600900,27.54,751.57,27.29,广发证券股份有限公司总部,广发证券股份有限公司北京鲁谷路证券营业部,否
2024-10-28,长江电力,600900,27.54,701.99,25.49,广发证券股份有限公司总部,长江证券股份有限公司北京国贸证券营业部,否
2024-10-28,长江电力,600900,27.54,635.9,23.09,广发证券股份有限公司总部,方正证券股份有限公司北京安慧东里证券营业部,否
2024-10-28,长江电力,600900,27.54,548.87,19.93,广发证券股份有限公司总部,机构专用,否
2024-10-28,长江电力,600900,27.54,540.06,19.61,广发证券股份有限公司总部,中国中金财富证券有限公司北京宋庄路证券营业部,否
2024-10-28,长江电力,600900,27.54,538.13,19.54,广发证券股份有限公司总部,招商证券股份有限公司北京分公司,否
2024-10-28,长江电力,600900,27.54,520.78,18.91,广发证券股份有限公司总部,中国银河证券股份有限公司北京阜成路证券营业部,否
2024-10-28,长江电力,600900,27.54,499.3,18.13,广发证券股份有限公司总部,招商证券股份有限公司北京分公司,否
2024-10-28,长江电力,600900,27.54,488.28,17.73,广发证券股份有限公司总部,东吴证券股份有限公司杭州金城路证券营业部,否
2024-10-28,长江电力,600900,27.54,479.75,17.42,广发证券股份有限公司总部,招商证券股份有限公司青岛金家岭金融区证券营业部,否
2024-10-28,长江电力,600900,27.54,479.2,17.4,广发证券股份有限公司总部,招商证券股份有限公司北京分公司,否
2024-10-28,长江电力,600900,27.54,448.08,16.27,广发证券股份有限公司总部,中国国际金融股份有限公司北京建国门外大街证券营业部,否
2024-10-28,长江电力,600900,27.54,423.29,15.37,广发证券股份有限公司总部,机构专用,否
2024-10-28,长江电力,600900,27.54,412,14.96,广发证券股份有限公司总部,浙商证券股份有限公司杭州杭大路证券营业部,否
2024-10-28,长江电力,600900,27.54,408.42,14.83,广发证券股份有限公司总部,广发证券股份有限公司北京鲁谷路证券营业部,否
2024-10-28,长江电力,600900,27.54,407.87,14.81,广发证券股份有限公司总部,国都证券股份有限公司江苏分公司,否
2024-10-28,长江电力,600900,27.54,387.49,14.07,广发证券股份有限公司总部,机构专用,否
2024-10-28,长江电力,600900,27.54,382.26,13.88,广发证券股份有限公司总部,机构专用,否
2024-10-28,长江电力,600900,27.54,375.09,13.62,广发证券股份有限公司总部,机构专用,否
2024-10-28,长江电力,600900,27.54,371.24,13.48,广发证券股份有限公司总部,机构专用,否
2024-10-28,长江电力,600900,27.54,370.14,13.44,广发证券股份有限公司总部,招商证券股份有限公司青岛金家岭金融区证券营业部,否
2024-10-28,长江电力,600900,27.54,367.66,13.35,广发证券股份有限公司总部,中国中金财富证券有限公司深圳分公司,否
2024-10-28,长江电力,600900,27.54,366.01,13.29,广发证券股份有限公司总部,广发证券股份有限公司北京鲁谷路证券营业部,否
2024-10-28,长江电力,600900,27.54,366.01,13.29,广发证券股份有限公司总部,浙商证券股份有限公司杭州杭大路证券营业部,否
2024-10-28,长江电力,600900,27.54,365.18,13.26,广发证券股份有限公司总部,方正证券股份有限公司北京安慧东里证券营业部,否
2024-10-28,长江电力,600900,27.54,365.18,13.26,广发证券股份有限公司总部,浙商证券股份有限公司平湖城南东路证券营业部,否
2024-10-28,长江电力,600900,27.54,351.96,12.78,广发证券股份有限公司总部,中国中金财富证券有限公司北京北三环东路证券营业部,否
2024-10-28,长江电力,600900,27.54,343.7,12.48,广发证券股份有限公司总部,长江证券股份有限公司北京百万庄大街证券营业部,否
2024-10-28,长江电力,600900,27.54,342.32,12.43,广发证券股份有限公司总部,中国中金财富证券有限公司北京北三环东路证券营业部,否
2024-10-28,长江电力,600900,27.54,336.26,12.21,广发证券股份有限公司总部,机构专用,否
2024-10-28,长江电力,600900,27.54,335.16,12.17,广发证券股份有限公司总部,机构专用,否
2024-10-28,长江电力,600900,27.54,327.45,11.89,广发证券股份有限公司总部,机构专用,否
2024-10-28,长江电力,600900,27.54,240.98,8.75,广发证券股份有限公司总部,中国国际金融股份有限公司北京建国门外大街证券营业部,否
2024-10-28,安孚科技,603031,27.42,1096.8,40,机构专用,方正证券股份有限公司北京荣华中路证券营业部,否
2024-10-28,晶方科技,603005,24.95,374.25,15,中国中金财富证券有限公司福州五四路证券营业部,中国国际金融股份有限公司北京建国门外大街证券营业部,否
2024-10-28,紫金矿业,601899,17.2,6503.32,378.1,广发证券股份有限公司总部,机构专用,否
2024-10-28,紫金矿业,601899,17.2,5970.29,347.11,广发证券股份有限公司总部,机构专用,否
2024-10-28,紫金矿业,601899,17.2,3684.24,214.2,广发证券股份有限公司总部,机构专用,否
2024-10-28,紫金矿业,601899,17.2,1109.23,64.49,广发证券股份有限公司总部,中国中金财富证券有限公司深圳分公司,否
2024-10-28,紫金矿业,601899,17.2,870.15,50.59,广发证券股份有限公司总部,中国中金财富证券有限公司深圳分公司,否
2024-10-28,紫金矿业,601899,17.2,829.21,48.21,广发证券股份有限公司总部,中信证券股份有限公司深圳深南中路中信大厦证券营业部,否
2024-10-28,紫金矿业,601899,17.2,734.78,42.72,广发证券股份有限公司总部,招商证券股份有限公司北京分公司,否
2024-10-28,紫金矿业,601899,17.2,727.73,42.31,广发证券股份有限公司总部,广发证券股份有限公司北京鲁谷路证券营业部,否
2024-10-28,紫金矿业,601899,17.2,679.92,39.53,广发证券股份有限公司总部,长江证券股份有限公司北京国贸证券营业部,否
2024-10-28,紫金矿业,601899,17.2,616.62,35.85,广发证券股份有限公司总部,方正证券股份有限公司北京安慧东里证券营业部,否
2024-10-28,紫金矿业,601899,17.2,531.82,30.92,广发证券股份有限公司总部,机构专用,否
2024-10-28,紫金矿业,601899,17.2,523.22,30.42,广发证券股份有限公司总部,中国中金财富证券有限公司北京宋庄路证券营业部,否
2024-10-28,紫金矿业,601899,17.2,520.99,30.29,广发证券股份有限公司总部,招商证券股份有限公司北京分公司,否
2024-10-28,紫金矿业,601899,17.2,504.48,29.33,广发证券股份有限公司总部,中国银河证券股份有限公司北京阜成路证券营业部,否
2024-10-28,紫金矿业,601899,17.2,483.66,28.12,广发证券股份有限公司总部,招商证券股份有限公司北京分公司,否
2024-10-28,紫金矿业,601899,17.2,470.76,27.37,广发证券股份有限公司总部,东吴证券股份有限公司杭州金城路证券营业部,否
2024-10-28,紫金矿业,601899,17.2,464.74,27.02,广发证券股份有限公司总部,招商证券股份有限公司青岛金家岭金融区证券营业部,否
2024-10-28,紫金矿业,601899,17.2,464.06,26.98,广发证券股份有限公司总部,招商证券股份有限公司北京分公司,否
2024-10-28,紫金矿业,601899,17.2,434.13,25.24,广发证券股份有限公司总部,中国国际金融股份有限公司北京建国门外大街证券营业部,否
2024-10-28,紫金矿业,601899,17.2,410.22,23.85,广发证券股份有限公司总部,机构专用,否
2024-10-28,紫金矿业,601899,17.2,398.7,23.18,广发证券股份有限公司总部,浙商证券股份有限公司杭州杭大路证券营业部,否
2024-10-28,紫金矿业,601899,17.2,395.77,23.01,广发证券股份有限公司总部,广发证券股份有限公司北京鲁谷路证券营业部,否
2024-10-28,紫金矿业,601899,17.2,375.65,21.84,广发证券股份有限公司总部,机构专用,否
2024-10-28,紫金矿业,601899,17.2,370.49,21.54,广发证券股份有限公司总部,机构专用,否
2024-10-28,紫金矿业,601899,17.2,369.8,21.5,广发证券股份有限公司总部,国都证券股份有限公司江苏分公司,否
2024-10-28,紫金矿业,601899,17.2,363.78,21.15,广发证券股份有限公司总部,机构专用,否
2024-10-28,紫金矿业,601899,17.2,360,20.93,广发证券股份有限公司总部,机构专用,否
2024-10-28,紫金矿业,601899,17.2,358.28,20.83,广发证券股份有限公司总部,招商证券股份有限公司青岛金家岭金融区证券营业部,否
2024-10-28,紫金矿业,601899,17.2,354.66,20.62,广发证券股份有限公司总部,广发证券股份有限公司北京鲁谷路证券营业部,否
2024-10-28,紫金矿业,601899,17.2,354.49,20.61,广发证券股份有限公司总部,浙商证券股份有限公司杭州杭大路证券营业部,否
2024-10-28,紫金矿业,601899,17.2,353.63,20.56,广发证券股份有限公司总部,浙商证券股份有限公司平湖城南东路证券营业部,否
2024-10-28,紫金矿业,601899,17.2,353.46,20.55,广发证券股份有限公司总部,方正证券股份有限公司北京安慧东里证券营业部,否
2024-10-28,紫金矿业,601899,17.2,332.82,19.35,广发证券股份有限公司总部,长江证券股份有限公司北京百万庄大街证券营业部,否
2024-10-28,紫金矿业,601899,17.2,326.28,18.97,广发证券股份有限公司总部,机构专用,否
2024-10-28,紫金矿业,601899,17.2,324.91,18.89,广发证券股份有限公司总部,机构专用,否
2024-10-28,紫金矿业,601899,17.2,317.51,18.46,广发证券股份有限公司总部,机构专用,否
2024-10-28,紫金矿业,601899,17.2,297.39,17.29,广发证券股份有限公司总部,中国中金财富证券有限公司深圳分公司,否
2024-10-28,紫金矿业,601899,17.2,233.23,13.56,广发证券股份有限公司总部,中国国际金融股份有限公司北京建国门外大街证券营业部,否
2024-10-28,宝丰能源,600989,16.42,582.91,35.5,中信证券股份有限公司总部(非营业场所),华泰证券股份有限公司北京月坛南街证券营业部,否
2024-10-28,荣泰健康,603579,14.5,959.61,66.18,中信证券股份有限公司北京首体南路证券营业部,长江证券股份有限公司深圳分公司,否
2024-10-28,荣泰健康,603579,14.5,665.26,45.88,中国中金财富证券有限公司北京建国门外大街证券营业部,广发证券股份有限公司潍坊东方路证券营业部,否
2024-10-28,荣泰健康,603579,14.5,317.26,21.88,中信证券股份有限公司北京首体南路证券营业部,国投证券股份有限公司广州新港东路证券营业部,否
2024-10-28,康众医疗,688607,12.65,253,20,中信证券股份有限公司总部(非营业场所),中信证券股份有限公司上海分公司,否
2024-10-28,好莱客,603898,9.1,927.11,101.88,中信证券股份有限公司北京首体南路证券营业部,长江证券股份有限公司深圳分公司,否
2024-10-28,好莱客,603898,9.1,836.11,91.88,中国中金财富证券有限公司北京建国门外大街证券营业部,广发证券股份有限公司潍坊东方路证券营业部,否
2024-10-28,好莱客,603898,9.1,318.5,35,中信证券股份有限公司北京首体南路证券营业部,国投证券股份有限公司广州新港东路证券营业部,否
2024-10-28,博敏电子,603936,8.98,688.5,76.67,华泰证券股份有限公司深圳深南大道基金大厦证券营业部,中信证券股份有限公司总部(非营业场所),否
2024-10-28,中国中车,601766,8.25,412.5,50,国泰君安证券股份有限公司总部,华泰证券股份有限公司北京雍和宫证券营业部,否
2024-10-28,财通证券,601108,8.25,223.08,27.04,国泰君安证券股份有限公司总部,华泰证券股份有限公司北京雍和宫证券营业部,否
2024-10-28,山东高速,508007,7.68,983.04,128,中信证券股份有限公司客户资产管理部,华泰证券股份有限公司成都蜀金路证券营业部,否
2024-10-28,科美诊断,688468,7.16,358,50,中信证券股份有限公司总部(非营业场所),中信证券股份有限公司北京紫竹院路证券营业部,否
2024-10-28,力帆科技,601777,7.12,1424,200,机构专用,华泰证券股份有限公司南京大光路证券营业部,否
2024-10-28,力源科技,688565,6.24,187.2,30,机构专用,兴业证券股份有限公司深圳东海国际证券营业部,否
2024-10-28,莱绅通灵,603900,5.88,627.75,106.76,东亚前海证券有限责任公司浙江分公司,华泰证券股份有限公司南京郑和中路证券营业部,否
2024-10-28,武进不锈,603878,5.11,2371.04,464,海通证券股份有限公司常州健身路证券营业部,海通证券股份有限公司常州健身路证券营业部,否
2024-10-28,灵康药业,603669,4.99,1497,300,机构专用,国信证券股份有限公司杭州向往街证券营业部,否
2024-10-28,灵康药业,603669,4.99,1497,300,浙商证券股份有限公司上海长乐路证券营业部,国信证券股份有限公司杭州向往街证券营业部,否
2024-10-28,正元地信,688509,4.21,757.8,180,机构专用,中国中金财富证券有限公司北京北三环东路证券营业部,否
2024-10-28,芯联集成,688469,4.1,1230,300,国泰君安证券股份有限公司总部,招商证券股份有限公司北京东四十条证券营业部,否
2024-10-28,芯联集成,688469,4.1,820,200,高盛（中国）证券有限责任公司上海浦东新区世纪大道证券营业部,光大证券股份有限公司上海虹口区东大名路证券营业部,否
2024-10-28,芯联集成,688469,4.1,410,100,机构专用,光大证券股份有限公司上海虹口区东大名路证券营业部,否
2024-10-28,芯联集成,688469,4.1,246,60,机构专用,光大证券股份有限公司上海虹口区东大名路证券营业部,否
2024-10-28,芯联集成,688469,4.1,205,50,华泰证券股份有限公司总部,光大证券股份有限公司上海虹口区东大名路证券营业部,否
2024-10-28,方正科技,600601,3.64,764.4,210,中信证券股份有限公司北京北苑证券营业部,方正证券股份有限公司北京阜外大街证券营业部,否
2024-10-28,方正科技,600601,3.64,691.6,190,联储证券股份有限公司北京分公司,方正证券股份有限公司北京阜外大街证券营业部,否
2024-10-28,方正科技,600601,3.64,327.6,90,国信证券股份有限公司佛山分公司,方正证券股份有限公司北京阜外大街证券营业部,否
2024-10-28,方正科技,600601,3.64,222.04,61,东亚前海证券有限责任公司浙江分公司,方正证券股份有限公司北京阜外大街证券营业部,否
2024-10-28,实达集团,600734,3.4,567.8,167,南京证券股份有限公司温州市府路证券营业部,国融证券股份有限公司湖北分公司,否
2024-10-28,龙江交通,601188,3.22,299.46,93,中信证券股份有限公司徐州建国西路证券营业部,中泰证券股份有限公司上海周家嘴路证券营业部,否
2024-10-28,龙江交通,601188,3.22,161,50,国投证券股份有限公司佛山北滘证券营业部,中泰证券股份有限公司上海周家嘴路证券营业部,否
2024-10-28,龙江交通,601188,3.22,96.6,30,华泰证券股份有限公司广东分公司,中泰证券股份有限公司上海周家嘴路证券营业部,否
2024-10-28,亨通股份,600226,2.25,2025,900,广发证券股份有限公司湖州高富路证券营业部,申万宏源证券有限公司湖州太湖路证券营业部,否
2024-10-28,百联消费,508002,2.25,1800,800,中国银河证券股份有限公司宁波柳汀街证券营业部,中信证券股份有限公司宁波海晏北路证券营业部,否
2024-10-28,和邦生物,603077,2.11,1477,700,中国国际金融股份有限公司北京建国门外大街证券营业部,中信建投证券股份有限公司芜湖中山南路证券营业部,否
2024-10-28,和邦生物,603077,2.11,569.7,270,中国国际金融股份有限公司北京建国门外大街证券营业部,国投证券股份有限公司连云港郁州北路证券营业部,否
2024-10-28,ST百利,603959,1.99,71.7,36.03,国信证券股份有限公司烟台环山路证券营业部,联储证券股份有限公司烟台分公司,否
2024-10-28,康美药业,600518,1.96,2744,1400,机构专用,天风证券股份有限公司深圳后海证券营业部,否
2024-10-25,赛力斯,601127,96.38,931.99,9.67,华泰证券股份有限公司深圳前海证券营业部,中信建投证券股份有限公司上海闵行区顾戴路证券营业部,否
2024-10-25,福昕软件,688095,66.9,1746.2,26.1,湘财证券股份有限公司上海陆家嘴证券营业部,湘财证券股份有限公司上海陆家嘴证券营业部,否
2024-10-25,华勤技术,603296,57.74,2044.3,35.41,中信证券股份有限公司总部(非营业场所),中信证券股份有限公司北京国贸证券营业部,否
2024-10-25,华勤技术,603296,57.74,842.7,14.59,中信证券股份有限公司总部(非营业场所),中信证券股份有限公司北京国贸证券营业部,否
2024-10-25,恒瑞医药,600276,52.7,1000,18.98,财通证券股份有限公司常熟枫林路证券营业部,国投证券股份有限公司连云港郁州北路证券营业部,否
2024-10-25,九号公司,689009,43.33,866.6,20,机构专用,国投证券股份有限公司江苏分公司,否
2024-10-25,九号公司,689009,43.33,866.6,20,机构专用,机构专用,否
2024-10-25,九号公司,689009,43.33,866.6,20,高盛（中国）证券有限责任公司上海浦东新区世纪大道证券营业部,国投证券股份有限公司江苏分公司,否
2024-10-25,九号公司,689009,43.33,711.48,16.42,中信证券股份有限公司徐州建国西路证券营业部,国投证券股份有限公司江苏分公司,否
2024-10-25,九号公司,689009,43.33,649.95,15,机构专用,国投证券股份有限公司江苏分公司,否
2024-10-25,九号公司,689009,43.33,649.95,15,机构专用,机构专用,否
2024-10-25,九号公司,689009,43.33,433.3,10,机构专用,国投证券股份有限公司江苏分公司,否
2024-10-25,九号公司,689009,43.33,345.3,7.97,机构专用,国投证券股份有限公司江苏分公司,否
2024-10-25,九号公司,689009,43.33,303.98,7.02,机构专用,国投证券股份有限公司江苏分公司,否
2024-10-25,九号公司,689009,43.33,303.98,7.02,机构专用,机构专用,否
2024-10-25,海天味业,603288,40.44,1944.19,48.08,平安证券股份有限公司佛山季华六路证券营业部,平安证券股份有限公司客户资产管理部,否
2024-10-25,三一重能,688349,32.5,3255.53,100.17,招商证券股份有限公司江宁双龙大道证券营业部,招商证券股份有限公司江宁双龙大道证券营业部,否
2024-10-25,逸飞激光,688646,30.88,308.8,10,中信证券股份有限公司总部(非营业场所),中信建投证券股份有限公司武汉珞喻东路证券营业部,否
2024-10-25,景业智能,688290,30.5,533.75,17.5,华泰证券股份有限公司南京文澜路证券营业部,华泰证券股份有限公司浙江分公司,否
2024-10-25,景业智能,688290,30.5,320.25,10.5,中国银河证券股份有限公司南京洪武路证券营业部,华泰证券股份有限公司浙江分公司,否
2024-10-25,景业智能,688290,30.5,320.25,10.5,中国银河证券股份有限公司金华证券营业部,华泰证券股份有限公司浙江分公司,否
2024-10-25,景业智能,688290,30.5,320.25,10.5,国泰君安证券股份有限公司深圳红荔西路证券营业部,华泰证券股份有限公司浙江分公司,否
2024-10-25,景业智能,688290,30.5,213.5,7,华泰证券股份有限公司南京分公司,华泰证券股份有限公司浙江分公司,否
2024-10-25,景业智能,688290,30.5,213.5,7,华泰证券股份有限公司南京文澜路证券营业部,华泰证券股份有限公司浙江分公司,否
2024-10-25,景业智能,688290,30.5,213.5,7,浙商证券股份有限公司台州环城东路证券营业部,华泰证券股份有限公司浙江分公司,否
2024-10-25,安孚科技,603031,27.63,2210.4,80,机构专用,方正证券股份有限公司北京荣华中路证券营业部,否
2024-10-25,沐邦高科,603398,19.45,2999.19,154.2,华福证券有限责任公司慈溪新城大道北路证券营业部,广发证券股份有限公司杭州顺福商务中心证券营业部,否
2024-10-25,沐邦高科,603398,19.45,2165.17,111.32,财通证券股份有限公司杭州文二西路证券营业部,广发证券股份有限公司杭州顺福商务中心证券营业部,否
2024-10-25,沐邦高科,603398,19.45,1792.32,92.15,财通证券股份有限公司杭州文二西路证券营业部,广发证券股份有限公司杭州顺福商务中心证券营业部,否
2024-10-25,阿特斯,688472,15.11,528.85,35,机构专用,中国国际金融股份有限公司上海分公司,否
2024-10-25,高凌信息,688175,14.69,201.25,13.7,华泰证券股份有限公司广州云城东路证券营业部,广发证券股份有限公司深圳深南大道证券营业部,否
2024-10-25,中青旅,600138,9.29,200.2,21.55,长江证券股份有限公司上海东明路证券营业部,长江证券股份有限公司上海东明路证券营业部,否
2024-10-25,博敏电子,603936,9.01,1199.95,133.18,华泰证券股份有限公司深圳深南大道基金大厦证券营业部,中信证券股份有限公司总部(非营业场所),否
2024-10-25,东吴证券,601555,7.88,1249.93,158.62,国泰君安证券股份有限公司青岛南京路证券营业部,中信证券股份有限公司客户资产管理部,否
2024-10-25,力帆科技,601777,6.42,1284,200,方正证券股份有限公司总部,方正证券股份有限公司重庆万象城证券营业部,否
2024-10-25,大晟文化,600892,4.8,1147.2,239,联储证券股份有限公司上海分公司,长城证券股份有限公司深圳分公司,否
2024-10-25,西南证券,600369,4.63,49642.05,10721.82,西南证券股份有限公司重庆第三分公司,中信建投证券股份有限公司北京商务中心区机构专用证券营业部,否
2024-10-25,芯联集成,688469,4.1,287,70,机构专用,招商证券股份有限公司北京东四十条证券营业部,否
2024-10-25,芯联集成,688469,4.1,205,50,华泰证券股份有限公司总部,光大证券股份有限公司上海虹口区东大名路证券营业部,否
2024-10-25,方正科技,600601,3.6,742.9,206.36,东亚前海证券有限责任公司浙江分公司,方正证券股份有限公司北京阜外大街证券营业部,否
2024-10-25,方正科技,600601,3.6,504,140,中信证券股份有限公司总部(非营业场所),方正证券股份有限公司北京阜外大街证券营业部,否
2024-10-25,方正科技,600601,3.6,468,130,中信证券股份有限公司江西分公司,方正证券股份有限公司北京阜外大街证券营业部,否
2024-10-25,方正科技,600601,3.6,432,120,华泰证券股份有限公司淮安淮安区翔宇大道证券营业部,方正证券股份有限公司北京阜外大街证券营业部,否
2024-10-25,方正科技,600601,3.6,360,100,海通证券股份有限公司上海共和新路证券营业部,方正证券股份有限公司北京阜外大街证券营业部,否
2024-10-25,方正科技,600601,3.6,252,70,国信证券股份有限公司佛山分公司,方正证券股份有限公司北京阜外大街证券营业部,否
2024-10-25,方正科技,600601,3.6,252,70,广发证券股份有限公司北京宣武门外大街证券营业部,方正证券股份有限公司北京阜外大街证券营业部,否
2024-10-25,方正科技,600601,3.6,208.8,58,联储证券股份有限公司北京分公司,方正证券股份有限公司北京阜外大街证券营业部,否
2024-10-25,方正科技,600601,3.6,144,40,中信证券股份有限公司北京北苑证券营业部,方正证券股份有限公司北京阜外大街证券营业部,否
2024-10-25,实达集团,600734,3.3,759,230,南京证券股份有限公司温州市府路证券营业部,国融证券股份有限公司湖北分公司,否
2024-10-25,红豆股份,600400,2.35,799,340,万和证券股份有限公司深圳沙嘴路证券营业部,万和证券股份有限公司深圳沙嘴路证券营业部,否
2024-10-25,和邦生物,603077,2.09,1463,700,中信建投证券股份有限公司芜湖中山南路证券营业部,中国国际金融股份有限公司北京建国门外大街证券营业部,否
2024-10-25,和邦生物,603077,2.09,564.3,270,国投证券股份有限公司连云港郁州北路证券营业部,中国国际金融股份有限公司北京建国门外大街证券营业部,否
2024-10-25,康美药业,600518,1.92,3840,2000,机构专用,天风证券股份有限公司深圳后海证券营业部,否
2024-10-25,香港红利,513630,1.14,365.44,320,华泰证券股份有限公司合肥创新大道证券营业部,兴业证券股份有限公司重庆分公司,否
2024-10-24,国盾量子,688027,172.56,1454.7,8.43,华泰证券股份有限公司无锡永乐路证券营业部,招商证券股份有限公司铜陵北京西路证券营业部,否
2024-10-24,赛力斯,601127,97.49,389.96,4,华泰证券股份有限公司总部,中信证券股份有限公司上海分公司,否
2024-10-24,炬光科技,688167,59.79,887.73,14.85,高盛（中国）证券有限责任公司上海浦东新区世纪大道证券营业部,国投证券股份有限公司北京阜成门证券营业部,否
2024-10-24,炬光科技,688167,59.79,496.26,8.3,中信证券股份有限公司总部(非营业场所),国投证券股份有限公司北京阜成门证券营业部,否
2024-10-24,炬光科技,688167,59.79,269.65,4.51,中信证券股份有限公司徐州建国西路证券营业部,国投证券股份有限公司北京阜成门证券营业部,否
2024-10-24,炬光科技,688167,59.79,239.16,4,中信证券股份有限公司总部(非营业场所),国投证券股份有限公司北京阜成门证券营业部,否
2024-10-24,炬光科技,688167,59.79,209.27,3.5,机构专用,国投证券股份有限公司北京阜成门证券营业部,否
2024-10-24,炬光科技,688167,59.79,209.27,3.5,瑞银证券有限责任公司上海花园石桥路证券营业部,国投证券股份有限公司北京阜成门证券营业部,否
2024-10-24,炬光科技,688167,59.79,203.29,3.4,机构专用,国投证券股份有限公司北京阜成门证券营业部,否
2024-10-24,华勤技术,603296,58.08,2056.33,35.41,中信证券股份有限公司总部(非营业场所),中信证券股份有限公司北京国贸证券营业部,否
2024-10-24,华勤技术,603296,58.08,847.67,14.59,中信证券股份有限公司总部(非营业场所),中信证券股份有限公司北京国贸证券营业部,否
2024-10-24,恒瑞医药,600276,53.53,15422.62,288.11,财通证券股份有限公司常熟枫林路证券营业部,国投证券股份有限公司连云港郁州北路证券营业部,否
2024-10-24,恒瑞医药,600276,53.53,10921.64,204.03,财通证券股份有限公司常熟枫林路证券营业部,国投证券股份有限公司连云港郁州北路证券营业部,否
2024-10-24,恒瑞医药,600276,53.53,655.74,12.25,财通证券股份有限公司常熟枫林路证券营业部,国投证券股份有限公司连云港郁州北路证券营业部,否
2024-10-24,芯动联科,688582,46.23,1386.9,30,东兴证券股份有限公司成都都江堰市迎宾路证券营业部,海通证券股份有限公司上海黄浦区合肥路证券营业部,否
2024-10-24,海天味业,603288,40.9,2024.55,49.5,平安证券股份有限公司佛山季华六路证券营业部,平安证券股份有限公司客户资产管理部,否
2024-10-24,江淮汽车,600418,34.63,218.86,6.32,华泰证券股份有限公司总部,中信证券股份有限公司上海分公司,否
2024-10-24,中金公司,601995,33.38,1341.54,40.19,中信证券股份有限公司杭州婺江路证券营业部,浙商证券股份有限公司义乌江滨北路证券营业部,否
2024-10-24,剑桥科技,603083,32.08,481.2,15,国都证券股份有限公司江苏分公司,华泰证券股份有限公司上海分公司,否
2024-10-24,剑桥科技,603083,32.08,224.56,7,国泰君安证券股份有限公司深圳红荔西路证券营业部,华泰证券股份有限公司上海分公司,否
2024-10-24,剑桥科技,603083,32.08,224.56,7,浙商证券股份有限公司台州环城东路证券营业部,华泰证券股份有限公司上海分公司,否
2024-10-24,海尔智家,600690,31.25,2000,64,广发证券股份有限公司总部,中信证券股份有限公司北京天通苑证券营业部,否
2024-10-24,燕麦科技,688312,26.5,318,12,华泰证券股份有限公司南京文澜路证券营业部,中信证券股份有限公司北京金融大街证券营业部,否
2024-10-24,燕麦科技,688312,26.5,318,12,招商证券股份有限公司西安北大街证券营业部,中信证券股份有限公司北京金融大街证券营业部,否
2024-10-24,燕麦科技,688312,26.5,265,10,国投证券股份有限公司连云港郁州北路证券营业部,中信证券股份有限公司北京金融大街证券营业部,否
2024-10-24,燕麦科技,688312,26.5,241.15,9.1,华泰证券股份有限公司南京分公司,中信证券股份有限公司北京金融大街证券营业部,否
2024-10-24,中信证券,600030,25.09,1628.59,64.91,中信证券股份有限公司杭州婺江路证券营业部,浙商证券股份有限公司义乌江滨北路证券营业部,否
2024-10-24,沐邦高科,603398,19.92,1792.8,90,金元证券股份有限公司浙江分公司,财通证券股份有限公司杭州文二西路证券营业部,否
2024-10-24,交控科技,688015,19.31,965.5,50,中信证券股份有限公司总部(非营业场所),光大证券股份有限公司北京中关村大街证券营业部,否
2024-10-24,德马科技,688360,15.81,297.77,18.83,国投证券股份有限公司福州分公司,国金证券股份有限公司湖州公园路营业部,否
2024-10-24,中国银河,601881,14.55,221.45,15.22,华泰证券股份有限公司总部,中信证券股份有限公司上海分公司,否
2024-10-24,璞泰来,603659,14.51,201.91,13.92,中国中金财富证券有限公司上海分公司,申万宏源证券有限公司证券投资总部,否
2024-10-24,用友网络,600588,11.42,319.76,28,华泰证券股份有限公司总部,中信证券股份有限公司上海分公司,否
2024-10-24,中国中车,601766,8.27,413.5,50,国泰君安证券股份有限公司总部,华泰证券股份有限公司北京雍和宫证券营业部,否
2024-10-24,中国建筑,601668,6.33,506.4,80,国泰君安证券股份有限公司总部,华泰证券股份有限公司北京雍和宫证券营业部,否
2024-10-24,金枫酒业,600616,5.17,517,100,华泰证券股份有限公司郑州经三路证券营业部,国泰君安证券股份有限公司总部,否
2024-10-24,中交REIT,508018,4.9,3569.38,728,招商证券股份有限公司内设营业部（自营）,中国国际金融股份有限公司北京建国门外大街证券营业部,否
2024-10-24,民生银行,600016,3.91,3254.72,832.41,中信证券股份有限公司上海分公司,广发证券股份有限公司温州瓯江路证券营业部,否
2024-10-24,盟科药业,688373,3.84,249.6,65,中国银河证券股份有限公司杭州建国北路证券营业部,华泰证券股份有限公司北京分公司,否
2024-10-24,盟科药业,688373,3.84,249.6,65,招商证券股份有限公司西安北大街证券营业部,华泰证券股份有限公司北京分公司,否
2024-10-24,方正科技,600601,3.71,667.8,180,东亚前海证券有限责任公司浙江分公司,方正证券股份有限公司北京阜外大街证券营业部,否
2024-10-24,方正科技,600601,3.71,556.5,150,海通证券股份有限公司上海共和新路证券营业部,方正证券股份有限公司北京阜外大街证券营业部,否
2024-10-24,方正科技,600601,3.71,259.7,70,国信证券股份有限公司佛山分公司,方正证券股份有限公司北京阜外大街证券营业部,否
2024-10-24,方正科技,600601,3.71,111.3,30,中信证券股份有限公司北京北苑证券营业部,方正证券股份有限公司北京阜外大街证券营业部,否
2024-10-24,实达集团,600734,3.25,1105,340,南京证券股份有限公司温州市府路证券营业部,国融证券股份有限公司湖北分公司,否
2024-10-24,康美药业,600518,1.94,2328,1200,机构专用,天风证券股份有限公司深圳后海证券营业部,否
2024-10-24,225ETF,513000,1.38,1240.2,900,瑞银证券有限责任公司上海花园石桥路证券营业部,华宝证券股份有限公司上海东大名路证券营业部,否
2024-10-24,海航控股,600221,1.16,1067.2,920,方正证券股份有限公司上海杨高南路证券营业部,国元证券股份有限公司合肥寿春路第一证券营业部,否
2024-10-24,军工龙头,512710,0.65,130.4,200,华泰证券股份有限公司南京大光路证券营业部,中国国际金融股份有限公司北京建国门外大街证券营业部,否
2024-10-24,医疗ETF,512170,0.34,170,500,华泰证券股份有限公司南京大光路证券营业部,中国国际金融股份有限公司北京建国门外大街证券营业部,否
2024-10-23,贵州茅台,600519,1567.5,10141.73,6.47,国泰君安证券股份有限公司总部,中信证券股份有限公司总部(非营业场所),否
2024-10-23,中国移动,600941,104.35,209.74,2.01,华泰证券股份有限公司总部,中信证券股份有限公司上海分公司,否
2024-10-23,赛力斯,601127,100.56,210.17,2.09,华泰证券股份有限公司总部,中信证券股份有限公司上海分公司,否
2024-10-23,中芯国际,688981,92.31,600.02,6.5,华泰证券股份有限公司北京雍和宫证券营业部,国泰君安证券股份有限公司总部,否
2024-10-23,安井食品,603345,88.46,210.53,2.38,华泰证券股份有限公司总部,中信证券股份有限公司上海分公司,否
2024-10-23,万泰生物,603392,73.55,8964.21,121.88,招商证券股份有限公司上海陆家嘴东路证券营业部,招商证券股份有限公司上海陆家嘴东路证券营业部,否
2024-10-23,中科曙光,603019,54.46,599.06,11,海通证券股份有限公司上海嘉定区洪德路证券营业部,华泰证券股份有限公司总部,否
2024-10-23,药明康德,603259,51.49,514.9,10,中信证券股份有限公司总部(非营业场所),中信证券股份有限公司杭州富春路证券营业部,否
2024-10-23,中航沈飞,600760,48.71,205.56,4.22,华泰证券股份有限公司总部,中信证券股份有限公司上海分公司,否
2024-10-23,汇通能源,600605,33.95,339.5,10,国联证券股份有限公司杭州文晖路证券营业部,海通证券股份有限公司北京中关村南大街证券营业部,否
2024-10-23,逸飞激光,688646,29.84,298.4,10,中信证券股份有限公司总部(非营业场所),中信建投证券股份有限公司武汉珞喻东路证券营业部,否
2024-10-23,松炀资源,603863,27.99,1539.45,55,广发证券股份有限公司杭州博奥路证券营业部,招商证券股份有限公司深圳龙岗龙城大道证券营业部,否
2024-10-23,松炀资源,603863,27.99,1428.33,51.03,广发证券股份有限公司杭州博奥路证券营业部,开源证券股份有限公司深圳第一分公司,否
2024-10-23,科思科技,688788,26.73,320.76,12,东北证券股份有限公司太原桃园北路证券营业部,中国银河证券股份有限公司庆元濛洲街证券营业部,否
2024-10-23,云天化,600096,23.35,211.78,9.07,华泰证券股份有限公司总部,中信证券股份有限公司上海分公司,否
2024-10-23,兴发集团,600141,22.93,687.9,30,中信证券股份有限公司总部(非营业场所),中信证券股份有限公司杭州富春路证券营业部,否
2024-10-23,中科软,603927,22.19,343.95,15.5,中信建投证券股份有限公司北京知春路证券营业部,中国银河证券股份有限公司北京安贞门证券营业部,否
2024-10-23,大地熊,688077,18.85,479.17,25.42,中信证券股份有限公司总部(非营业场所),中信证券股份有限公司唐山大里北路证券营业部,否
2024-10-23,德马科技,688360,15.4,277.2,18,国投证券股份有限公司福州分公司,国金证券股份有限公司湖州公园路营业部,否
2024-10-23,璞泰来,603659,15.04,1034.07,68.75,兴业证券股份有限公司上海锦康路证券营业部,申万宏源证券有限公司证券投资总部,否
2024-10-23,璞泰来,603659,15.04,865.83,57.57,国泰君安证券股份有限公司北京望京阜通东大街证券营业部,申万宏源证券有限公司证券投资总部,否
2024-10-23,璞泰来,603659,15.04,488.44,32.48,兴业证券股份有限公司上海分公司,申万宏源证券有限公司证券投资总部,否
2024-10-23,璞泰来,603659,15.04,210.56,14,华泰证券股份有限公司总部,中信证券股份有限公司上海分公司,否
2024-10-23,阿特斯,688472,14.72,1000.96,68,机构专用,中国国际金融股份有限公司上海分公司,否
2024-10-23,中国银河,601881,14.45,206.78,14.31,华泰证券股份有限公司总部,中信证券股份有限公司上海分公司,否
2024-10-23,赛轮轮胎,601058,13.92,408.41,29.34,国泰君安证券股份有限公司深圳深南大道京基一百证券营业部,平安证券股份有限公司惠州文昌一路证券营业部,否
2024-10-23,山煤国际,600546,13.34,211.44,15.85,华泰证券股份有限公司总部,中信证券股份有限公司上海分公司,否
2024-10-23,用友网络,600588,11.5,217.35,18.9,华泰证券股份有限公司总部,中信证券股份有限公司上海分公司,否
2024-10-23,上证转债,511180,10.72,214.4,20,机构专用,国融证券股份有限公司杭州江汉路证券营业部,否
2024-10-23,四方科技,603339,10.53,589.68,56,方正证券股份有限公司长沙芙蓉中路证券营业部,招商证券股份有限公司北京建国路证券营业部,否
2024-10-23,中国铁建,601186,9.59,209.83,21.88,华泰证券股份有限公司总部,中信证券股份有限公司上海分公司,否
2024-10-23,大丰实业,603081,9.5,950,100,长城证券股份有限公司杭州钱江路证券营业部,中国银河证券股份有限公司灌云人民中路证券营业部,否
2024-10-23,汇成股份,688403,9.42,1997.04,212,海通证券股份有限公司合肥黄山路证券营业部,海通证券股份有限公司合肥黄山路证券营业部,否
2024-10-23,中国铝业,601600,8.72,209.28,24,华泰证券股份有限公司总部,中信证券股份有限公司上海分公司,否
2024-10-23,方正证券,601901,8.45,207.28,24.53,华泰证券股份有限公司总部,中信证券股份有限公司上海分公司,否
2024-10-23,东吴证券,601555,7.79,208.38,26.75,华泰证券股份有限公司总部,中信证券股份有限公司上海分公司,否
2024-10-23,交通银行,601328,7.33,16072.97,2192.77,中国国际金融股份有限公司北京建国门外大街证券营业部,华林证券股份有限公司总部,否
2024-10-23,交通银行,601328,7.33,4141.45,565,中国国际金融股份有限公司北京建国门外大街证券营业部,华林证券股份有限公司总部,否
2024-10-23,抚顺特钢,600399,7.14,203.99,28.57,华泰证券股份有限公司总部,中信证券股份有限公司上海分公司,否
2024-10-23,中国中铁,601390,6.7,210.65,31.44,华泰证券股份有限公司总部,中信证券股份有限公司上海分公司,否
2024-10-23,中国建筑,601668,6.48,209.37,32.31,华泰证券股份有限公司总部,中信证券股份有限公司上海分公司,否
2024-10-23,莱绅通灵,603900,6.39,639,100,东亚前海证券有限责任公司浙江分公司,华泰证券股份有限公司南京郑和中路证券营业部,否
2024-10-23,兴业证券,601377,6.37,208.04,32.66,华泰证券股份有限公司总部,中信证券股份有限公司上海分公司,否
2024-10-23,中国电建,601669,5.69,4218.43,741.38,国泰君安证券股份有限公司总部,广发证券股份有限公司揭阳临江北路证券营业部,否
2024-10-23,邮储银行,601658,5.55,6241.47,1124.59,中国国际金融股份有限公司北京建国门外大街证券营业部,华林证券股份有限公司总部,否
2024-10-23,邮储银行,601658,5.55,3163.5,570,中国国际金融股份有限公司北京建国门外大街证券营业部,华林证券股份有限公司总部,否
2024-10-23,中国联通,600050,5.14,616.8,120,国泰君安证券股份有限公司总部,华泰证券股份有限公司北京雍和宫证券营业部,否
2024-10-23,银龙股份,603969,5,840,168,华福证券有限责任公司湖北分公司,国融证券股份有限公司湖北分公司,否
2024-10-23,中国重工,601989,4.98,3585.6,720,方正证券股份有限公司上海杨高南路证券营业部,东方证券股份有限公司长沙劳动西路证券营业部,否
2024-10-23,中国银行,601988,4.96,13218.4,2665,中国国际金融股份有限公司北京建国门外大街证券营业部,华林证券股份有限公司总部,否
2024-10-23,中国银行,601988,4.96,5257.6,1060,中国国际金融股份有限公司北京建国门外大街证券营业部,华林证券股份有限公司总部,否
2024-10-23,中交REIT,508018,4.9,3568.66,728,中国国际金融股份有限公司北京建国门外大街证券营业部,中信证券股份有限公司总部(非营业场所),否
2024-10-23,ST盛屯,600711,4.76,142.8,30,中信证券股份有限公司上海分公司,广发证券股份有限公司温州瓯江路证券营业部,否
2024-10-23,芯联集成,688469,4.1,656,160,国泰君安证券股份有限公司总部,招商证券股份有限公司北京东四十条证券营业部,否
2024-10-23,芯联集成,688469,4.1,492,120,国泰君安证券股份有限公司总部,光大证券股份有限公司上海虹口区东大名路证券营业部,否
2024-10-23,芯联集成,688469,4.1,492,120,国泰君安证券股份有限公司总部,光大证券股份有限公司上海虹口区东大名路证券营业部,否
2024-10-23,芯联集成,688469,4,2400,600,机构专用,海通证券股份有限公司嵊州高杨路证券营业部,否
2024-10-23,芯联集成,688469,4,800,200,高盛（中国）证券有限责任公司上海浦东新区世纪大道证券营业部,海通证券股份有限公司嵊州高杨路证券营业部,否
2024-10-23,方正科技,600601,3.65,657,180,瑞银证券有限责任公司上海花园石桥路证券营业部,方正证券股份有限公司北京阜外大街证券营业部,否
2024-10-23,方正科技,600601,3.65,328.5,90,华泰证券股份有限公司南京文澜路证券营业部,方正证券股份有限公司北京阜外大街证券营业部,否
2024-10-23,方正科技,600601,3.65,328.5,90,国都证券股份有限公司江苏分公司,方正证券股份有限公司北京阜外大街证券营业部,否
2024-10-23,方正科技,600601,3.65,219,60,瑞银证券有限责任公司上海花园石桥路证券营业部,方正证券股份有限公司北京阜外大街证券营业部,否
2024-10-23,和邦生物,603077,2.02,215.33,106.6,华泰证券股份有限公司总部,中信证券股份有限公司上海分公司,否
2024-10-23,康美药业,600518,1.86,3348,1800,机构专用,天风证券股份有限公司深圳后海证券营业部,否
2024-10-23,海航控股,600221,1.15,1081,940,方正证券股份有限公司上海杨高南路证券营业部,国元证券股份有限公司合肥寿春路第一证券营业部,否
2024-10-22,贵州茅台,600519,1543,9983.21,6.47,国泰君安证券股份有限公司总部,中信证券股份有限公司总部(非营业场所),否
2024-10-22,贵州茅台,600519,1543,1990.47,1.29,中信证券股份有限公司总部(非营业场所),中信证券华南股份有限公司广州临江大道证券营业部,否
2024-10-22,石头科技,688169,248.4,8197.2,33,机构专用,机构专用,否
2024-10-22,石头科技,688169,248.4,6458.4,26,机构专用,机构专用,否
2024-10-22,石头科技,688169,248.4,248.4,1,中信建投证券股份有限公司总部,机构专用,否
2024-10-22,韦尔股份,603501,113.17,210.5,1.86,华泰证券股份有限公司总部,中信证券股份有限公司上海分公司,否
2024-10-22,斯达半导,603290,101.5,7176.05,70.7,高盛（中国）证券有限责任公司上海浦东新区世纪大道证券营业部,中国国际金融股份有限公司上海分公司,否
2024-10-22,斯达半导,603290,101.5,4699.45,46.3,高盛（中国）证券有限责任公司上海浦东新区世纪大道证券营业部,中国国际金融股份有限公司上海分公司,否
2024-10-22,中芯国际,688981,96.04,480.2,5,华泰证券股份有限公司北京雍和宫证券营业部,国泰君安证券股份有限公司总部,否
2024-10-22,赛力斯,601127,91.42,209.35,2.29,华泰证券股份有限公司总部,中信证券股份有限公司上海分公司,否
2024-10-22,华勤技术,603296,57.28,2028.01,35.41,中信证券股份有限公司总部(非营业场所),中信证券股份有限公司北京国贸证券营业部,否
2024-10-22,华勤技术,603296,57.28,835.99,14.59,中信证券股份有限公司总部(非营业场所),中信证券股份有限公司北京国贸证券营业部,否
2024-10-22,奥特维,688516,55.97,210.45,3.76,华泰证券股份有限公司总部,中信证券股份有限公司上海分公司,否
2024-10-22,中科曙光,603019,55.22,218.67,3.96,中国中金财富证券有限公司福州五四路证券营业部,中国国际金融股份有限公司北京建国门外大街证券营业部,否
2024-10-22,药明康德,603259,50.8,209.8,4.13,华泰证券股份有限公司总部,中信证券股份有限公司上海分公司,否
2024-10-22,海天味业,603288,40.17,1996.45,49.7,平安证券股份有限公司佛山季华六路证券营业部,平安证券股份有限公司客户资产管理部,否
2024-10-22,呈和科技,688625,38.88,427.68,11,方正证券股份有限公司总部,广发证券股份有限公司广州天河路证券营业部,否
2024-10-22,闻泰科技,600745,34.13,238.91,7,华泰证券股份有限公司泰州分公司,申万宏源证券有限公司证券投资总部,否
2024-10-22,海尔智家,600690,32.17,9998.44,310.8,中国国际金融股份有限公司北京建国门外大街证券营业部,中信证券股份有限公司北京天通苑证券营业部,否
2024-10-22,晨光股份,603899,30.47,210.85,6.92,华泰证券股份有限公司总部,中信证券股份有限公司上海分公司,否
2024-10-22,燕麦科技,688312,27.86,835.8,30,兴业证券股份有限公司南京庐山路证券营业部,中信证券股份有限公司北京金融大街证券营业部,否
2024-10-22,东威科技,688700,26.21,820.11,31.29,机构专用,中信建投证券股份有限公司常熟锁澜南路证券营业部,否
2024-10-22,力合微,688589,24.21,508.41,21,中国银河证券股份有限公司深圳罗湖证券营业部,中国银河证券股份有限公司庆元濛洲街证券营业部,否
2024-10-22,至纯科技,603690,23.72,210.87,8.89,华泰证券股份有限公司总部,中信证券股份有限公司上海分公司,否
2024-10-22,中科软,603927,22.51,234.55,10.42,中信建投证券股份有限公司北京知春路证券营业部,中国银河证券股份有限公司北京安贞门证券营业部,否
2024-10-22,莱特光电,688150,20.2,606,30,机构专用,中信证券股份有限公司西安锦业路证券营业部,否
2024-10-22,晶合集成,688249,20,700,35,华泰证券股份有限公司总部,中信证券华南股份有限公司佛山分公司,否
2024-10-22,晶合集成,688249,20,600,30,高盛（中国）证券有限责任公司上海浦东新区世纪大道证券营业部,中信证券华南股份有限公司佛山分公司,否
2024-10-22,晶合集成,688249,20,520,26,摩根大通证券（中国）有限公司上海银城中路证券营业部,中信证券华南股份有限公司佛山分公司,否
2024-10-22,晶合集成,688249,20,300,15,中信证券股份有限公司徐州建国西路证券营业部,中信证券华南股份有限公司佛山分公司,否
2024-10-22,晶合集成,688249,20,200,10,长城证券股份有限公司总部,中信证券华南股份有限公司佛山分公司,否
2024-10-22,润达医疗,603108,19.4,219.8,11.33,华泰证券股份有限公司总部,中信证券股份有限公司上海分公司,否
2024-10-22,爱威科技,688067,16.13,209.69,13,机构专用,国联证券股份有限公司北京建材城西路证券营业部,否
2024-10-22,东航物流,601156,15.03,2813.77,187.21,中信证券股份有限公司浙江分公司,华福证券有限责任公司北京亦庄荣华南路证券营业部,否
2024-10-22,东航物流,601156,15.03,2494.98,166,机构专用,华福证券有限责任公司北京亦庄荣华南路证券营业部,否
2024-10-22,东航物流,601156,15.03,751.5,50,中国中金财富证券有限公司杭州江河汇证券营业部,华福证券有限责任公司北京亦庄荣华南路证券营业部,否
2024-10-22,璞泰来,603659,14.89,215.61,14.48,华泰证券股份有限公司总部,中信证券股份有限公司上海分公司,否
2024-10-22,应流股份,603308,13.6,210.94,15.51,华泰证券股份有限公司总部,中信证券股份有限公司上海分公司,否
2024-10-22,三安光电,600703,13.28,210.36,15.84,华泰证券股份有限公司总部,中信证券股份有限公司上海分公司,否
2024-10-22,千禾味业,603027,12.76,213.35,16.72,华泰证券股份有限公司总部,中信证券股份有限公司上海分公司,否
2024-10-22,汇宇制药,688553,12.67,8108.8,640,国盛证券有限责任公司南昌金融大街证券营业部,兴业证券股份有限公司南昌洪城路证券营业部,否
2024-10-22,万东医疗,600055,12.32,295.68,24,招商证券股份有限公司上海娄山关路证券营业部,招商证券股份有限公司上海娄山关路证券营业部,否
2024-10-22,用友网络,600588,11.25,211.16,18.77,华泰证券股份有限公司总部,中信证券股份有限公司上海分公司,否
2024-10-22,红塔证券,601236,8.3,210.49,25.36,华泰证券股份有限公司总部,中信证券股份有限公司上海分公司,否
2024-10-22,莱绅通灵,603900,6.09,517.65,85,东亚前海证券有限责任公司浙江分公司,华泰证券股份有限公司南京郑和中路证券营业部,否
2024-10-22,无锡银行,600908,5.6,476,85,国泰君安证券股份有限公司成都剑南大道证券营业部,山西证券股份有限公司运城河东街证券营业部,否
2024-10-22,岳阳林纸,600963,5.47,217.54,39.77,华泰证券股份有限公司总部,中信证券股份有限公司上海分公司,否
2024-10-22,北京银行,601169,5.23,156.9,30,中信建投证券股份有限公司常州分公司,中信建投证券股份有限公司常州广电西路证券营业部,否
2024-10-22,齐鲁银行,601665,5.18,3626,700,高盛（中国）证券有限责任公司上海浦东新区世纪大道证券营业部,申万宏源证券有限公司重庆小新街证券营业部,否
2024-10-22,中交REIT,508018,4.9,3567.93,728,中信证券股份有限公司总部(非营业场所),招商证券股份有限公司内设营业部（自营）,否
2024-10-22,太平洋,601099,4.25,211.99,49.88,华泰证券股份有限公司总部,中信证券股份有限公司上海分公司,否
2024-10-22,芯联集成,688469,4.09,2045,500,国泰君安证券股份有限公司总部,海通证券股份有限公司嵊州高杨路证券营业部,否
2024-10-22,芯联集成,688469,4.09,2045,500,高盛（中国）证券有限责任公司上海浦东新区世纪大道证券营业部,海通证券股份有限公司嵊州高杨路证券营业部,否
2024-10-22,盟科药业,688373,3.75,750,200,华泰证券股份有限公司南京文澜路证券营业部,华泰证券股份有限公司北京分公司,否
2024-10-22,盟科药业,688373,3.75,112.5,30,中国中金财富证券有限公司深圳分公司,华泰证券股份有限公司北京分公司,否
2024-10-22,龙江交通,601188,3.26,489,150,中信建投证券股份有限公司总部,中泰证券股份有限公司上海周家嘴路证券营业部,否
2024-10-22,龙江交通,601188,3.26,489,150,中信证券股份有限公司总部(非营业场所),中泰证券股份有限公司上海周家嘴路证券营业部,否
2024-10-22,龙江交通,601188,3.26,211.9,65,机构专用,中泰证券股份有限公司上海周家嘴路证券营业部,否
2024-10-22,龙江交通,601188,3.26,202.12,62,广发证券股份有限公司广州黄埔大道证券营业部,中泰证券股份有限公司上海周家嘴路证券营业部,否
2024-10-22,龙江交通,601188,3.26,163,50,机构专用,中泰证券股份有限公司上海周家嘴路证券营业部,否
2024-10-22,龙江交通,601188,3.26,130.4,40,中泰证券股份有限公司客户资产管理部,中泰证券股份有限公司上海周家嘴路证券营业部,否
2024-10-22,龙江交通,601188,3.26,97.8,30,国金证券股份有限公司北京长椿街证券营业部,中泰证券股份有限公司上海周家嘴路证券营业部,否
2024-10-22,龙江交通,601188,3.26,97.8,30,浙商证券股份有限公司上海浦东杨高南路证券营业部,中泰证券股份有限公司上海周家嘴路证券营业部,否
2024-10-22,龙江交通,601188,3.26,97.8,30,海通证券股份有限公司哈尔滨果戈里大街证券营业部,中泰证券股份有限公司上海周家嘴路证券营业部,否
2024-10-22,京东仓储,508098,2.64,1003.2,380,国泰君安证券股份有限公司总部,平安证券股份有限公司总部,否
2024-10-22,红豆股份,600400,2.28,2508,1100,方正证券股份有限公司上海杨高南路证券营业部,申万宏源证券有限公司证券投资总部,否
2024-10-22,康美药业,600518,1.78,3204,1800,机构专用,天风证券股份有限公司深圳后海证券营业部,否
2024-10-22,地产ETF,512200,1.52,762,500,华泰证券股份有限公司南京大光路证券营业部,中国国际金融股份有限公司北京建国门外大街证券营业部,否
2024-10-22,科创芯片,588200,1.4,700,500,国信证券股份有限公司深圳泰然九路证券营业部,中国国际金融股份有限公司北京建国门外大街证券营业部,否
2024-10-22,海航控股,600221,1.12,1052.8,940,方正证券股份有限公司上海杨高南路证券营业部,国元证券股份有限公司合肥寿春路第一证券营业部,否
2024-10-22,油气基金,561570,1,499.5,500,华宝证券股份有限公司上海东大名路证券营业部,国泰君安证券股份有限公司总部,否
2024-10-22,港股互联,513770,0.85,2877.25,3392.98,瑞银证券有限责任公司上海花园石桥路证券营业部,国泰君安证券股份有限公司总部,否
2024-10-22,港股科技,513010,0.62,3738,6000,瑞银证券有限责任公司上海花园石桥路证券营业部,国泰君安证券股份有限公司总部,否
2024-10-22,港股科技,513010,0.62,1999.37,3230,机构专用,华宝证券股份有限公司上海东大名路证券营业部,否
2024-10-22,港股科技,513010,0.62,204.27,330,机构专用,机构专用,否
2024-10-21,索辰科技,688507,62.54,687.94,11,中信证券股份有限公司总部(非营业场所),机构专用,否
2024-10-21,华勤技术,603296,59.1,5021.87,84.97,中信证券股份有限公司总部(非营业场所),中信证券股份有限公司北京国贸证券营业部,否
2024-10-21,华勤技术,603296,59.1,2070.13,35.03,中信证券股份有限公司总部(非营业场所),中信证券股份有限公司北京国贸证券营业部,否
2024-10-21,中国平安,601318,52,520,10,中信证券华南股份有限公司广州广州大道中证券营业部,中信证券华南股份有限公司广州广州大道中证券营业部,否
2024-10-21,司南导航,688592,40.95,1228.5,30,浙商证券股份有限公司上海长乐路证券营业部,申万宏源证券有限公司北京东四环中路证券营业部,否
2024-10-21,剑桥科技,603083,31.32,626.4,20,摩根大通证券（中国）有限公司上海银城中路证券营业部,华泰证券股份有限公司上海分公司,否
2024-10-21,剑桥科技,603083,31.32,563.76,18,中信证券股份有限公司南京双龙大道证券营业部,华泰证券股份有限公司上海分公司,否
2024-10-21,剑桥科技,603083,31.32,469.8,15,招商证券股份有限公司西安北大街证券营业部,华泰证券股份有限公司上海分公司,否
2024-10-21,剑桥科技,603083,31.32,351.1,11.21,华泰证券股份有限公司南京分公司,华泰证券股份有限公司上海分公司,否
2024-10-21,剑桥科技,603083,31.32,350.78,11.2,机构专用,华泰证券股份有限公司上海分公司,否
2024-10-21,剑桥科技,603083,31.32,344.52,11,华泰证券股份有限公司南京分公司,华泰证券股份有限公司上海分公司,否
2024-10-21,剑桥科技,603083,31.32,344.52,11,华泰证券股份有限公司南京文澜路证券营业部,华泰证券股份有限公司上海分公司,否
2024-10-21,剑桥科技,603083,31.32,344.52,11,浙商证券股份有限公司台州环城东路证券营业部,华泰证券股份有限公司上海分公司,否
2024-10-21,剑桥科技,603083,31.32,313.2,10,国泰君安证券股份有限公司总部,华泰证券股份有限公司上海分公司,否
2024-10-21,剑桥科技,603083,31.32,234.9,7.5,东北证券股份有限公司深圳分公司,华泰证券股份有限公司上海分公司,否
2024-10-21,剑桥科技,603083,31.32,234.9,7.5,中国银河证券股份有限公司金华证券营业部,华泰证券股份有限公司上海分公司,否
2024-10-21,剑桥科技,603083,31.32,234.9,7.5,招商证券股份有限公司西安北大街证券营业部,华泰证券股份有限公司上海分公司,否
2024-10-21,剑桥科技,603083,31.32,223.31,7.13,机构专用,华泰证券股份有限公司上海分公司,否
2024-10-21,道通科技,688208,30.74,553.32,18,中信建投证券股份有限公司总部,中信建投证券股份有限公司北京京西分公司,否
2024-10-21,道通科技,688208,30.74,522.58,17,中信证券股份有限公司总部(非营业场所),中信建投证券股份有限公司北京京西分公司,否
2024-10-21,道通科技,688208,30.74,245.92,8,华泰证券股份有限公司广东分公司,中信建投证券股份有限公司北京京西分公司,否
2024-10-21,道通科技,688208,30.74,215.18,7,机构专用,中信建投证券股份有限公司北京京西分公司,否
2024-10-21,逸飞激光,688646,29.55,295.5,10,中信证券股份有限公司总部(非营业场所),中信建投证券股份有限公司武汉珞喻东路证券营业部,否
2024-10-21,剑桥科技,603083,29.36,587.2,20,华泰证券股份有限公司上海黄浦区黄陂南路证券营业部,华泰证券股份有限公司上海分公司,否
2024-10-21,科思科技,688788,26.37,799.8,30.33,长城证券股份有限公司昆山登云路证券营业部,中国银河证券股份有限公司庆元濛洲街证券营业部,否
2024-10-21,科思科技,688788,26.37,518.7,19.67,长城证券股份有限公司杭州南大街证券营业部,中国银河证券股份有限公司庆元濛洲街证券营业部,否
2024-10-21,工业富联,601138,26.2,524,20,华泰证券股份有限公司北京雍和宫证券营业部,国泰君安证券股份有限公司总部,否
2024-10-21,东芯股份,688110,26.12,444.04,17,中国中金财富证券有限公司福州五四路证券营业部,中国国际金融股份有限公司北京建国门外大街证券营业部,否
2024-10-21,中科软,603927,23.2,231.07,9.96,中信建投证券股份有限公司北京知春路证券营业部,中国银河证券股份有限公司北京安贞门证券营业部,否
2024-10-21,东威科技,688700,22.58,1354.8,60,高盛（中国）证券有限责任公司上海浦东新区世纪大道证券营业部,中信建投证券股份有限公司昆山长江中路证券营业部,否
2024-10-21,东威科技,688700,22.58,903.2,40,高盛（中国）证券有限责任公司上海浦东新区世纪大道证券营业部,中信建投证券股份有限公司昆山长江中路证券营业部,否
2024-10-21,东威科技,688700,22.58,677.4,30,机构专用,中信建投证券股份有限公司昆山长江中路证券营业部,否
2024-10-21,东威科技,688700,22.58,361.28,16,国都证券股份有限公司江苏分公司,中信建投证券股份有限公司昆山长江中路证券营业部,否
2024-10-21,东威科技,688700,22.58,241.72,10.71,中信证券股份有限公司总部(非营业场所),中信建投证券股份有限公司昆山长江中路证券营业部,否
2024-10-21,东威科技,688700,22.58,225.8,10,兴业证券股份有限公司福州五四路证券营业部,中信建投证券股份有限公司昆山长江中路证券营业部,否
2024-10-21,东威科技,688700,22.58,225.8,10,国信证券股份有限公司深圳泰然九路证券营业部,中信建投证券股份有限公司昆山长江中路证券营业部,否
2024-10-21,东威科技,688700,22.58,225.8,10,国金证券股份有限公司北京长椿街证券营业部,中信建投证券股份有限公司昆山长江中路证券营业部,否
2024-10-21,东威科技,688700,22.58,225.8,10,浙商证券股份有限公司上海浦东杨高南路证券营业部,中信建投证券股份有限公司昆山长江中路证券营业部,否
2024-10-21,东威科技,688700,22.58,225.8,10,浙商证券股份有限公司台州环城东路证券营业部,中信建投证券股份有限公司昆山长江中路证券营业部,否
2024-10-21,东威科技,688700,22.58,225.8,10,高盛（中国）证券有限责任公司上海浦东新区世纪大道证券营业部,中信建投证券股份有限公司昆山长江中路证券营业部,否
2024-10-21,东威科技,688700,22.58,203.22,9,国泰君安证券股份有限公司总部,中信建投证券股份有限公司昆山长江中路证券营业部,否
2024-10-21,东威科技,688700,22.58,203.22,9,机构专用,中信建投证券股份有限公司昆山长江中路证券营业部,否
2024-10-21,甬矽电子,688362,22.31,433.48,19.43,开源证券股份有限公司江苏分公司,中信证券股份有限公司杭州延安路证券营业部,否
2024-10-21,晶合集成,688249,20,1600,80,摩根大通证券（中国）有限公司上海银城中路证券营业部,中信证券华南股份有限公司佛山分公司,否
2024-10-21,晶合集成,688249,20,700,35,高盛（中国）证券有限责任公司上海浦东新区世纪大道证券营业部,中信证券华南股份有限公司佛山分公司,否
2024-10-21,航天晨光,600501,18.72,1029.6,55,平安证券股份有限公司深圳金田路证券营业部,中国国际金融股份有限公司北京建国门外大街证券营业部,否
2024-10-21,东航物流,601156,15.05,3010,200,机构专用,华福证券有限责任公司北京亦庄荣华南路证券营业部,否
2024-10-21,东航物流,601156,15.05,3010,200,机构专用,华福证券有限责任公司北京亦庄荣华南路证券营业部,否
2024-10-21,东航物流,601156,15.05,346.15,23,机构专用,华福证券有限责任公司北京亦庄荣华南路证券营业部,否
2024-10-21,东航物流,601156,15.05,301,20,申万宏源证券有限公司证券投资总部,华福证券有限责任公司北京亦庄荣华南路证券营业部,否
2024-10-21,东航物流,601156,15.05,240.8,16,中国国际金融股份有限公司上海分公司,华福证券有限责任公司北京亦庄荣华南路证券营业部,否
2024-10-21,东航物流,601156,15.05,225.75,15,摩根大通证券（中国）有限公司上海银城中路证券营业部,华福证券有限责任公司北京亦庄荣华南路证券营业部,否
2024-10-21,东航物流,601156,15.05,203.18,13.5,华泰证券股份有限公司广东分公司,华福证券有限责任公司北京亦庄荣华南路证券营业部,否
2024-10-21,信安世纪,688201,12.02,601,50,机构专用,东方财富证券股份有限公司上海分公司,否
2024-10-21,凯众股份,603037,11.7,1064.7,91,中国银河证券股份有限公司杭州未来科技城舒心路证券营业部,中国银河证券股份有限公司庆元濛洲街证券营业部,否
2024-10-21,凯众股份,603037,11.7,695.68,59.46,海通证券股份有限公司上海闵行区沪闵路证券营业部,中国银河证券股份有限公司庆元濛洲街证券营业部,否
2024-10-21,安迪苏,600299,11.02,771.4,70,平安证券股份有限公司深圳金田路证券营业部,中国国际金融股份有限公司北京建国门外大街证券营业部,否
2024-10-21,汇成股份,688403,9.57,478.5,50,方正证券股份有限公司安阳紫薇大道证券营业部,海通证券股份有限公司合肥黄山路证券营业部,否
2024-10-21,海通发展,603162,9.28,556.8,60,中信证券股份有限公司南京双龙大道证券营业部,兴业证券股份有限公司福州横屿路东泰禾证券营业部,否
2024-10-21,海通发展,603162,9.28,556.8,60,中国银河证券股份有限公司南京洪武路证券营业部,兴业证券股份有限公司福州横屿路东泰禾证券营业部,否
2024-10-21,海通发展,603162,9.28,464,50,中信证券股份有限公司总部(非营业场所),兴业证券股份有限公司福州横屿路东泰禾证券营业部,否
2024-10-21,海通发展,603162,9.28,464,50,华泰证券股份有限公司南京分公司,兴业证券股份有限公司福州横屿路东泰禾证券营业部,否
2024-10-21,海通发展,603162,9.28,408.32,44,中信证券股份有限公司总部(非营业场所),兴业证券股份有限公司福州横屿路东泰禾证券营业部,否
2024-10-21,海通发展,603162,9.28,352.64,38,华泰证券股份有限公司广东分公司,兴业证券股份有限公司福州横屿路东泰禾证券营业部,否
2024-10-21,海通发展,603162,9.28,343.36,37,华泰证券股份有限公司南京文澜路证券营业部,兴业证券股份有限公司福州横屿路东泰禾证券营业部,否
2024-10-21,海通发展,603162,9.28,343.36,37,国泰君安证券股份有限公司深圳红荔西路证券营业部,兴业证券股份有限公司福州横屿路东泰禾证券营业部,否
2024-10-21,海通发展,603162,9.28,343.36,37,广发证券股份有限公司广州临江大道证券营业部,兴业证券股份有限公司福州横屿路东泰禾证券营业部,否
2024-10-21,海通发展,603162,9.28,334.08,36,中国中金财富证券有限公司深圳分公司,兴业证券股份有限公司福州横屿路东泰禾证券营业部,否
2024-10-21,江盐集团,601065,8.25,233.39,28.29,机构专用,招商证券股份有限公司北京建国路证券营业部,否
2024-10-21,江盐集团,601065,8.25,206.25,25,中信证券股份有限公司北京京城大厦证券营业部,招商证券股份有限公司北京建国路证券营业部,否
2024-10-21,江盐集团,601065,8.25,206.25,25,中信证券股份有限公司天津南开证券营业部,招商证券股份有限公司北京建国路证券营业部,否
2024-10-21,新安股份,600596,7.89,631.2,80,平安证券股份有限公司深圳金田路证券营业部,中国国际金融股份有限公司北京建国门外大街证券营业部,否
2024-10-21,莱绅通灵,603900,6.1,228.75,37.5,东亚前海证券有限责任公司浙江分公司,华泰证券股份有限公司南京郑和中路证券营业部,否
2024-10-21,中国电建,601669,5.56,556,100,平安证券股份有限公司深圳金田路证券营业部,中国国际金融股份有限公司北京建国门外大街证券营业部,否
2024-10-21,芯联集成,688469,4.04,2464.4,610,国泰君安证券股份有限公司总部,海通证券股份有限公司嵊州高杨路证券营业部,否
2024-10-21,芯联集成,688469,4.04,808,200,摩根大通证券（中国）有限公司上海银城中路证券营业部,海通证券股份有限公司嵊州高杨路证券营业部,否
2024-10-21,科创芯片,588200,1.43,1236.21,866.91,中国国际金融股份有限公司北京建国门外大街证券营业部,华泰证券股份有限公司上海浦东新区世纪大道证券营业部,否
2024-10-21,新汽车,515030,1.18,472.4,400,华泰证券股份有限公司北京雍和宫证券营业部,中国国际金融股份有限公司北京建国门外大街证券营业部,否
2024-10-21,半导体,512480,1.01,471.28,468,华泰证券股份有限公司上海浦东新区世纪大道证券营业部,国联证券股份有限公司总部,否
2024-10-21,半导体,512480,1.01,201.4,200,华泰证券股份有限公司苏州干将西路证券营业部,国联证券股份有限公司总部,否
2024-10-21,光伏ETF,515790,0.8,400,500,华泰证券股份有限公司北京雍和宫证券营业部,中国国际金融股份有限公司北京建国门外大街证券营业部,否
2024-10-21,恒生科技,513130,0.6,2875.4,4768.49,瑞银证券有限责任公司上海花园石桥路证券营业部,国泰君安证券股份有限公司总部,否
2024-10-21,创新药,515120,0.55,219.2,400,华泰证券股份有限公司北京雍和宫证券营业部,中国国际金融股份有限公司北京建国门外大街证券营业部,否
2024-10-18,茂莱光学,688502,154.23,925.38,6,开源证券股份有限公司江苏分公司,国投证券股份有限公司南京华创路证券营业部,否
2024-10-18,奕瑞科技,688301,108.07,2917.89,27,机构专用,申万宏源证券有限公司海南分公司,否
2024-10-18,奕瑞科技,688301,108.07,2161.4,20,高盛（中国）证券有限责任公司上海浦东新区世纪大道证券营业部,申万宏源证券有限公司海南分公司,否
2024-10-18,奕瑞科技,688301,108.07,499.28,4.62,中信证券股份有限公司总部(非营业场所),申万宏源证券有限公司海南分公司,否
2024-10-18,奕瑞科技,688301,108.07,432.28,4,华泰证券股份有限公司南京文澜路证券营业部,申万宏源证券有限公司海南分公司,否
2024-10-18,奕瑞科技,688301,108.07,399.86,3.7,中信证券股份有限公司徐州建国西路证券营业部,申万宏源证券有限公司海南分公司,否
2024-10-18,奕瑞科技,688301,108.07,324.21,3,中信证券股份有限公司南京双龙大道证券营业部,申万宏源证券有限公司海南分公司,否
2024-10-18,奕瑞科技,688301,108.07,324.21,3,国都证券股份有限公司江苏分公司,申万宏源证券有限公司海南分公司,否
2024-10-18,奕瑞科技,688301,108.07,324.21,3,机构专用,申万宏源证券有限公司海南分公司,否
2024-10-18,奕瑞科技,688301,108.07,216.14,2,中国银河证券股份有限公司金华证券营业部,申万宏源证券有限公司海南分公司,否
2024-10-18,奕瑞科技,688301,108.07,216.14,2,广发证券股份有限公司南京水佑岗证券营业部,申万宏源证券有限公司海南分公司,否
2024-10-18,奕瑞科技,688301,108.07,201.01,1.86,国投证券股份有限公司佛山北滘证券营业部,申万宏源证券有限公司海南分公司,否
2024-10-18,中科飞测,688361,71.72,2030.44,28.31,华泰证券股份有限公司天津东丽开发区二纬路证券营业部,中国中金财富证券有限公司上海徐汇区淮海中路证券营业部,否
2024-10-18,精智达,688627,66.83,1002.45,15,机构专用,华泰证券股份有限公司北京分公司,否
2024-10-18,精智达,688627,66.15,1323,20,海通证券股份有限公司上海临港分公司,国投证券股份有限公司深圳深南中路证券营业部,否
2024-10-18,XD中国平,601318,57.18,5260.56,92,国泰君安证券股份有限公司总部,机构专用,否
2024-10-18,华勤技术,603296,56.64,4010.7,70.81,中信证券股份有限公司总部(非营业场所),中信证券股份有限公司北京国贸证券营业部,否
2024-10-18,华勤技术,603296,56.64,1653.3,29.19,中信证券股份有限公司总部(非营业场所),中信证券股份有限公司北京国贸证券营业部,否
2024-10-18,中科曙光,603019,55.22,260.09,4.71,中国中金财富证券有限公司福州五四路证券营业部,中国国际金融股份有限公司北京建国门外大街证券营业部,否
2024-10-18,艾力斯,688578,49.39,838.15,16.97,华金证券股份有限公司上海纪翟路证券营业部,中信证券股份有限公司上海分公司,否
2024-10-18,艾力斯,688578,49.39,396.6,8.03,华金证券股份有限公司上海纪翟路证券营业部,中信证券股份有限公司上海分公司,否
2024-10-18,艾力斯,688578,49.39,296.34,6,摩根大通证券（中国）有限公司上海银城中路证券营业部,中信证券股份有限公司上海分公司,否
2024-10-18,艾力斯,688578,49.39,202.5,4.1,长城证券股份有限公司总部,中信证券股份有限公司上海分公司,否
2024-10-18,赛微微电,688325,48.19,722.85,15,机构专用,华泰证券股份有限公司南京中华路证券营业部,否
2024-10-18,九号公司,689009,42.25,887.25,21,中信证券股份有限公司上海分公司,机构专用,否
2024-10-18,海天味业,603288,39.3,1697.76,43.2,平安证券股份有限公司佛山季华六路证券营业部,平安证券股份有限公司客户资产管理部,否
2024-10-18,招商银行,600036,39.05,3514.5,90,国泰君安证券股份有限公司总部,机构专用,否
2024-10-18,道通科技,688208,33.26,665.2,20,中信证券股份有限公司总部(非营业场所),华福证券有限责任公司深圳深南中路证券营业部,否
2024-10-18,云天励飞,688343,31.99,3199,100,机构专用,方正证券股份有限公司北京阜外大街证券营业部,否
2024-10-18,道通科技,688208,29.39,734.75,25,瑞银证券有限责任公司上海花园石桥路证券营业部,中信建投证券股份有限公司北京京西分公司,否
2024-10-18,道通科技,688208,29.39,293.9,10,摩根大通证券（中国）有限公司上海银城中路证券营业部,中信建投证券股份有限公司北京京西分公司,否
2024-10-18,道通科技,688208,29.39,220.43,7.5,国泰君安证券股份有限公司总部,中信建投证券股份有限公司北京京西分公司,否
2024-10-18,道通科技,688208,29.39,220.43,7.5,高盛（中国）证券有限责任公司上海浦东新区世纪大道证券营业部,中信建投证券股份有限公司北京京西分公司,否
2024-10-18,菱电电控,688667,28.88,1259.75,43.62,国信证券股份有限公司北京分公司,申万宏源西部证券有限公司霍尔果斯亚欧路证券营业部,否
2024-10-18,燕麦科技,688312,27.6,331.2,12,招商证券股份有限公司西安北大街证券营业部,中信证券股份有限公司北京金融大街证券营业部,否
2024-10-18,燕麦科技,688312,27.6,303.6,11,浙商证券股份有限公司台州环城东路证券营业部,中信证券股份有限公司北京金融大街证券营业部,否
2024-10-18,燕麦科技,688312,27.6,220.8,8,招商证券股份有限公司西安北大街证券营业部,中信证券股份有限公司北京金融大街证券营业部,否
2024-10-18,科思科技,688788,25.34,304.08,12,长江证券股份有限公司北京百万庄大街证券营业部,中国银河证券股份有限公司庆元濛洲街证券营业部,否
2024-10-18,科思科技,688788,25.34,202.72,8,东北证券股份有限公司深圳分公司,中国银河证券股份有限公司庆元濛洲街证券营业部,否
2024-10-18,科思科技,688788,25.34,202.72,8,东方财富证券股份有限公司拉萨团结路第一证券营业部,中国银河证券股份有限公司庆元濛洲街证券营业部,否
2024-10-18,科思科技,688788,25.34,202.72,8,中信证券股份有限公司徐州建国西路证券营业部,中国银河证券股份有限公司庆元濛洲街证券营业部,否
2024-10-18,科思科技,688788,25.34,202.72,8,华泰证券股份有限公司广州云城东路证券营业部,中国银河证券股份有限公司庆元濛洲街证券营业部,否
2024-10-18,甬矽电子,688362,21.92,293.51,13.39,兴业证券股份有限公司上海分公司,中信证券股份有限公司杭州延安路证券营业部,否
2024-10-18,东威科技,688700,20.73,704.82,34,华泰证券股份有限公司总部,中信建投证券股份有限公司昆山长江中路证券营业部,否
2024-10-18,东威科技,688700,20.73,621.9,30,高盛（中国）证券有限责任公司上海浦东新区世纪大道证券营业部,中信建投证券股份有限公司昆山长江中路证券营业部,否
2024-10-18,东威科技,688700,20.73,507.89,24.5,高盛（中国）证券有限责任公司上海浦东新区世纪大道证券营业部,中信建投证券股份有限公司昆山长江中路证券营业部,否
2024-10-18,东威科技,688700,20.73,414.6,20,高盛（中国）证券有限责任公司上海浦东新区世纪大道证券营业部,中信建投证券股份有限公司昆山长江中路证券营业部,否
2024-10-18,东威科技,688700,20.73,310.95,15,机构专用,中信建投证券股份有限公司昆山长江中路证券营业部,否
2024-10-18,东威科技,688700,20.73,310.95,15,机构专用,中信建投证券股份有限公司昆山长江中路证券营业部,否
2024-10-18,东威科技,688700,20.73,300.59,14.5,中信证券股份有限公司徐州建国西路证券营业部,中信建投证券股份有限公司昆山长江中路证券营业部,否
2024-10-18,东威科技,688700,20.73,248.76,12,华泰证券股份有限公司广东分公司,中信建投证券股份有限公司昆山长江中路证券营业部,否
2024-10-18,东威科技,688700,20.73,207.3,10,中信建投证券股份有限公司芜湖中山南路证券营业部,中信建投证券股份有限公司昆山长江中路证券营业部,否
2024-10-18,东威科技,688700,20.73,207.3,10,中信证券股份有限公司总部(非营业场所),中信建投证券股份有限公司昆山长江中路证券营业部,否
2024-10-18,东威科技,688700,20.73,207.3,10,国投证券股份有限公司连云港郁州北路证券营业部,中信建投证券股份有限公司昆山长江中路证券营业部,否
2024-10-18,东威科技,688700,20.73,207.3,10,摩根大通证券（中国）有限公司上海银城中路证券营业部,中信建投证券股份有限公司昆山长江中路证券营业部,否
2024-10-18,东威科技,688700,20.73,207.3,10,机构专用,中信建投证券股份有限公司昆山长江中路证券营业部,否
2024-10-18,东威科技,688700,20.73,207.3,10,海通证券股份有限公司哈尔滨果戈里大街证券营业部,中信建投证券股份有限公司昆山长江中路证券营业部,否
2024-10-18,华懋科技,603306,19.99,4711.44,235.69,华福证券有限责任公司厦门分公司,国投证券股份有限公司厦门民族路证券营业部,否
2024-10-18,华懋科技,603306,19.99,1975.81,98.84,华福证券有限责任公司厦门分公司,国投证券股份有限公司福州长乐中路证券营业部,否
2024-10-18,紫金矿业,601899,17.63,5465.3,310,国泰君安证券股份有限公司总部,机构专用,否
2024-10-18,东航物流,601156,15.05,2754.15,183,机构专用,华福证券有限责任公司北京亦庄荣华南路证券营业部,否
2024-10-18,东航物流,601156,15.05,2031.75,135,机构专用,华福证券有限责任公司北京亦庄荣华南路证券营业部,否
2024-10-18,东航物流,601156,15.05,1505,100,华泰证券股份有限公司总部,华福证券有限责任公司北京亦庄荣华南路证券营业部,否
2024-10-18,东航物流,601156,15.05,1505,100,国泰君安证券股份有限公司深圳红荔西路证券营业部,华福证券有限责任公司北京亦庄荣华南路证券营业部,否
2024-10-18,东航物流,601156,15.05,1505,100,高盛（中国）证券有限责任公司上海浦东新区世纪大道证券营业部,华福证券有限责任公司北京亦庄荣华南路证券营业部,否
2024-10-18,东航物流,601156,15.05,1053.5,70,摩根大通证券（中国）有限公司上海银城中路证券营业部,华福证券有限责任公司北京亦庄荣华南路证券营业部,否
2024-10-18,东航物流,601156,15.05,496.65,33,中信证券股份有限公司徐州建国西路证券营业部,华福证券有限责任公司北京亦庄荣华南路证券营业部,否
2024-10-18,东航物流,601156,15.05,421.4,28,浙商证券股份有限公司龙游荣昌大道证券营业部,华福证券有限责任公司北京亦庄荣华南路证券营业部,否
2024-10-18,东航物流,601156,15.05,376.25,25,高盛（中国）证券有限责任公司上海浦东新区世纪大道证券营业部,华福证券有限责任公司北京亦庄荣华南路证券营业部,否
2024-10-18,东航物流,601156,15.05,301,20,中国银河证券股份有限公司南京洪武路证券营业部,华福证券有限责任公司北京亦庄荣华南路证券营业部,否
2024-10-18,东航物流,601156,15.05,301,20,申万宏源证券有限公司证券投资总部,华福证券有限责任公司北京亦庄荣华南路证券营业部,否
2024-10-18,东航物流,601156,15.05,210.7,14,中国中金财富证券有限公司深圳分公司,华福证券有限责任公司北京亦庄荣华南路证券营业部,否
2024-10-18,东航物流,601156,15.05,210.7,14,国都证券股份有限公司江苏分公司,华福证券有限责任公司北京亦庄荣华南路证券营业部,否
2024-10-18,东航物流,601156,15.05,210.7,14,机构专用,华福证券有限责任公司北京亦庄荣华南路证券营业部,否
2024-10-18,东航物流,601156,15.05,200.01,13.29,国投证券股份有限公司连云港郁州北路证券营业部,华福证券有限责任公司北京亦庄荣华南路证券营业部,否
2024-10-18,东航物流,601156,15.05,200.01,13.29,国投证券股份有限公司连云港郁州北路证券营业部,华福证券有限责任公司北京亦庄荣华南路证券营业部,否
2024-10-18,XD海通证,600837,13.19,1319,100,西部证券股份有限公司西安东大街证券营业部,中信证券股份有限公司太原南中环街证券营业部,否
2024-10-18,九联科技,688609,13.05,783,60,机构专用,广发证券股份有限公司惠州仲恺陈江证券营业部,否
2024-10-18,汇成股份,688403,8.88,559.44,63,海通证券股份有限公司合肥黄山路证券营业部,海通证券股份有限公司合肥黄山路证券营业部,否
2024-10-18,江盐集团,601065,8.15,203.75,25,华泰证券股份有限公司广州云城东路证券营业部,招商证券股份有限公司北京建国路证券营业部,否
2024-10-18,江盐集团,601065,8.15,203.75,25,广发证券股份有限公司北京宣武门外大街证券营业部,招商证券股份有限公司北京建国路证券营业部,否
2024-10-18,江盐集团,601065,8.15,203.75,25,长江证券股份有限公司北京百万庄大街证券营业部,招商证券股份有限公司北京建国路证券营业部,否
2024-10-18,中巨芯,688549,7.23,1518.3,210,机构专用,招商证券股份有限公司潍坊北海路证券营业部,否
2024-10-18,中巨芯,688549,7.23,578.4,80,中信证券股份有限公司总部(非营业场所),招商证券股份有限公司潍坊北海路证券营业部,否
2024-10-18,宏达股份,600331,6.46,710.6,110,中信建投证券股份有限公司成都市南一环路证券营业部,中信建投证券股份有限公司成都市南一环路证券营业部,否
2024-10-18,盟科药业,688373,3.75,375,100,招商证券股份有限公司西安北大街证券营业部,华泰证券股份有限公司北京分公司,否
2024-10-18,盟科药业,688373,3.75,112.5,30,中国中金财富证券有限公司深圳分公司,华泰证券股份有限公司北京分公司,否
2024-10-18,康美药业,600518,1.77,3540,2000,机构专用,天风证券股份有限公司深圳后海证券营业部,否
2024-10-18,A500基金,563360,1,4614.76,4605.55,华泰证券股份有限公司深圳后海中心路证券营业部,申万宏源证券有限公司证券投资总部,否
2024-10-18,半导体,512480,0.97,645.29,668,国联证券股份有限公司总部,申万宏源证券有限公司证券投资总部,否
2024-10-18,恒生医疗,513060,0.37,73.2,200,华泰证券股份有限公司郑州经三路证券营业部,华泰证券股份有限公司郑州农业路证券营业部,否
2024-10-17,茂莱光学,688502,130.52,1174.68,9,方正证券股份有限公司总部,国投证券股份有限公司南京华创路证券营业部,否
2024-10-17,中科飞测,688361,65.79,1644.75,25,机构专用,中国中金财富证券有限公司上海徐汇区淮海中路证券营业部,否
2024-10-17,精智达,688627,58.78,1175.6,20,海通证券股份有限公司上海临港分公司,国投证券股份有限公司深圳深南中路证券营业部,否
2024-10-17,中国平安,601318,57,5358,94,国泰君安证券股份有限公司总部,国泰君安证券股份有限公司总部,否
2024-10-17,中国平安,601318,57,200.07,3.51,中信证券股份有限公司上海分公司,中信证券华南股份有限公司佛山分公司,否
2024-10-17,华勤技术,603296,55.16,1171.77,21.24,中信证券股份有限公司总部(非营业场所),中信证券股份有限公司北京国贸证券营业部,否
2024-10-17,华勤技术,603296,55.16,483.03,8.76,中信证券股份有限公司总部(非营业场所),中信证券股份有限公司北京国贸证券营业部,否
2024-10-17,艾力斯,688578,46.53,717.49,15.42,华金证券股份有限公司上海纪翟路证券营业部,中信证券股份有限公司上海分公司,否
2024-10-17,艾力斯,688578,46.53,213.11,4.58,华金证券股份有限公司上海纪翟路证券营业部,中信证券股份有限公司上海分公司,否
2024-10-17,招商银行,600036,38.49,4811.25,125,国泰君安证券股份有限公司总部,国泰君安证券股份有限公司总部,否
2024-10-17,XD逸飞激,688646,27.59,275.9,10,中信建投证券股份有限公司北京京西分公司,中信建投证券股份有限公司武汉珞喻东路证券营业部,否
2024-10-17,燕麦科技,688312,26.44,290.84,11,中信建投证券股份有限公司总部,中信证券股份有限公司北京金融大街证券营业部,否
2024-10-17,中信证券,600030,26.16,523.2,20,华泰证券股份有限公司北京雍和宫证券营业部,国泰君安证券股份有限公司总部,否
2024-10-17,鼎际得,603255,25.5,665.81,26.11,财通证券股份有限公司深圳分公司,东北证券股份有限公司上海北艾路证券营业部,否
2024-10-17,东威科技,688700,20.44,511,25,中信建投证券股份有限公司总部,中信建投证券股份有限公司昆山长江中路证券营业部,否
2024-10-17,东威科技,688700,20.44,306.6,15,粤开证券股份有限公司深圳深南大道证券营业部,中信建投证券股份有限公司昆山长江中路证券营业部,否
2024-10-17,东威科技,688700,20.44,204.4,10,东北证券股份有限公司深圳分公司,中信建投证券股份有限公司昆山长江中路证券营业部,否
2024-10-17,东威科技,688700,20.44,204.4,10,兴业证券股份有限公司福州五四路证券营业部,中信建投证券股份有限公司昆山长江中路证券营业部,否
2024-10-17,东威科技,688700,20.44,204.4,10,西南证券股份有限公司山西分公司,中信建投证券股份有限公司昆山长江中路证券营业部,否
2024-10-17,威迈斯,688612,19.89,200.09,10.06,华福证券有限责任公司广东分公司,华福证券有限责任公司广东分公司,否
2024-10-17,华懋科技,603306,19.82,2046.81,103.27,平安证券股份有限公司厦门金湖路证券营业部,国投证券股份有限公司福州长乐中路证券营业部,否
2024-10-17,兴业银行,601166,19.57,4892.5,250,国泰君安证券股份有限公司总部,机构专用,否
2024-10-17,思科瑞,688053,19.1,477.5,25,国信证券股份有限公司深圳泰然九路证券营业部,中航证券有限公司深圳华富路证券营业部,否
2024-10-17,紫金矿业,601899,17.14,4627.8,270,国泰君安证券股份有限公司总部,机构专用,否
2024-10-17,大地熊,688077,16.6,236.88,14.27,中信证券股份有限公司总部(非营业场所),中信证券股份有限公司唐山大里北路证券营业部,否
2024-10-17,井松智能,688251,16.42,213.46,13,中信证券股份有限公司总部(非营业场所),中泰证券股份有限公司江苏分公司,否
2024-10-17,东航物流,601156,14.94,1494,100,中信证券股份有限公司南京双龙大道证券营业部,华福证券有限责任公司北京亦庄荣华南路证券营业部,否
2024-10-17,东航物流,601156,14.94,1494,100,国泰君安证券股份有限公司深圳红荔西路证券营业部,华福证券有限责任公司北京亦庄荣华南路证券营业部,否
2024-10-17,东航物流,601156,14.94,1494,100,高盛（中国）证券有限责任公司上海浦东新区世纪大道证券营业部,华福证券有限责任公司北京亦庄荣华南路证券营业部,否
2024-10-17,东航物流,601156,14.94,1195.2,80,招商证券股份有限公司西安北大街证券营业部,华福证券有限责任公司北京亦庄荣华南路证券营业部,否
2024-10-17,东航物流,601156,14.94,896.4,60,海通证券股份有限公司南京常府街证券营业部,华福证券有限责任公司北京亦庄荣华南路证券营业部,否
2024-10-17,东航物流,601156,14.94,747,50,瑞银证券有限责任公司上海花园石桥路证券营业部,华福证券有限责任公司北京亦庄荣华南路证券营业部,否
2024-10-17,东航物流,601156,14.94,493.02,33,中信证券股份有限公司总部(非营业场所),华福证券有限责任公司北京亦庄荣华南路证券营业部,否
2024-10-17,东航物流,601156,14.94,448.2,30,兴业证券股份有限公司南京庐山路证券营业部,华福证券有限责任公司北京亦庄荣华南路证券营业部,否
2024-10-17,东航物流,601156,14.94,448.2,30,华泰证券股份有限公司南京大光路证券营业部,华福证券有限责任公司北京亦庄荣华南路证券营业部,否
2024-10-17,东航物流,601156,14.94,448.2,30,华泰证券股份有限公司南京文澜路证券营业部,华福证券有限责任公司北京亦庄荣华南路证券营业部,否
2024-10-17,东航物流,601156,14.94,448.2,30,华泰证券股份有限公司南京文澜路证券营业部,华福证券有限责任公司北京亦庄荣华南路证券营业部,否
2024-10-17,东航物流,601156,14.94,448.2,30,摩根大通证券（中国）有限公司上海银城中路证券营业部,华福证券有限责任公司北京亦庄荣华南路证券营业部,否
2024-10-17,东航物流,601156,14.94,448.2,30,浙商证券股份有限公司台州环城东路证券营业部,华福证券有限责任公司北京亦庄荣华南路证券营业部,否
2024-10-17,东航物流,601156,14.94,448.2,30,海通证券股份有限公司南京常府街证券营业部,华福证券有限责任公司北京亦庄荣华南路证券营业部,否
2024-10-17,东航物流,601156,14.94,448.2,30,海通证券股份有限公司南京常府街证券营业部,华福证券有限责任公司北京亦庄荣华南路证券营业部,否
2024-10-17,东航物流,601156,14.94,298.8,20,中国银河证券股份有限公司浙江分公司,华福证券有限责任公司北京亦庄荣华南路证券营业部,否
2024-10-17,东航物流,601156,14.94,298.8,20,华泰证券股份有限公司南京分公司,华福证券有限责任公司北京亦庄荣华南路证券营业部,否
2024-10-17,东航物流,601156,14.94,298.8,20,华泰证券股份有限公司南京分公司,华福证券有限责任公司北京亦庄荣华南路证券营业部,否
2024-10-17,东航物流,601156,14.94,298.8,20,国泰君安证券股份有限公司深圳红荔西路证券营业部,华福证券有限责任公司北京亦庄荣华南路证券营业部,否
2024-10-17,东航物流,601156,14.94,298.8,20,招商证券股份有限公司西安北大街证券营业部,华福证券有限责任公司北京亦庄荣华南路证券营业部,否
2024-10-17,东航物流,601156,14.94,298.8,20,招商证券股份有限公司西安北大街证券营业部,华福证券有限责任公司北京亦庄荣华南路证券营业部,否
2024-10-17,东航物流,601156,14.94,298.8,20,机构专用,华福证券有限责任公司北京亦庄荣华南路证券营业部,否
2024-10-17,东航物流,601156,14.94,298.8,20,浙商证券股份有限公司金华分公司,华福证券有限责任公司北京亦庄荣华南路证券营业部,否
2024-10-17,东航物流,601156,14.94,268.92,18,华鑫证券有限责任公司深圳财富大厦证券营业部,华福证券有限责任公司北京亦庄荣华南路证券营业部,否
2024-10-17,东航物流,601156,14.94,224.1,15,中信证券股份有限公司南京双龙大道证券营业部,华福证券有限责任公司北京亦庄荣华南路证券营业部,否
2024-10-17,东航物流,601156,14.94,224.1,15,华泰证券股份有限公司深圳后海中心路证券营业部,华福证券有限责任公司北京亦庄荣华南路证券营业部,否
2024-10-17,东航物流,601156,14.94,224.1,15,机构专用,华福证券有限责任公司北京亦庄荣华南路证券营业部,否
2024-10-17,东航物流,601156,14.94,224.1,15,浙商证券股份有限公司绍兴分公司,华福证券有限责任公司北京亦庄荣华南路证券营业部,否
2024-10-17,东航物流,601156,14.94,209.16,14,国联证券股份有限公司上海飞虹路证券营业部,华福证券有限责任公司北京亦庄荣华南路证券营业部,否
2024-10-17,东航物流,601156,14.94,201.69,13.5,华泰证券股份有限公司北京雍和宫证券营业部,华福证券有限责任公司北京亦庄荣华南路证券营业部,否
2024-10-17,东航物流,601156,14.94,201.69,13.5,国投证券股份有限公司佛山北滘证券营业部,华福证券有限责任公司北京亦庄荣华南路证券营业部,否
2024-10-17,东航物流,601156,14.94,201.69,13.5,国泰君安证券股份有限公司总部,华福证券有限责任公司北京亦庄荣华南路证券营业部,否
2024-10-17,东航物流,601156,14.94,201.69,13.5,广发证券股份有限公司总部,华福证券有限责任公司北京亦庄荣华南路证券营业部,否
2024-10-17,东航物流,601156,14.94,200.2,13.4,民生证券股份有限公司苏州分公司,华福证券有限责任公司北京亦庄荣华南路证券营业部,否
2024-10-17,九联科技,688609,12.89,902.3,70,机构专用,广发证券股份有限公司惠州仲恺陈江证券营业部,否
2024-10-17,海通证券,600837,12.45,3533.17,283.79,中信证券股份有限公司总部(非营业场所),中信证券股份有限公司太原南中环街证券营业部,否
2024-10-17,汇宇制药,688553,11.71,9344.58,798,国盛证券有限责任公司南昌金融大街证券营业部,兴业证券股份有限公司南昌洪城路证券营业部,否
2024-10-17,信安世纪,688201,10.26,513,50,机构专用,东方财富证券股份有限公司上海分公司,否
2024-10-17,万通发展,600246,7.7,795.41,103.3,民生证券股份有限公司郑州郑汴路证券营业部,联储证券股份有限公司河南分公司,否
2024-10-17,汇成股份,688403,7.06,296.52,42,招商证券股份有限公司扬州汶河北路证券营业部,海通证券股份有限公司合肥黄山路证券营业部,否
2024-10-17,中巨芯,688549,6.58,1513.4,230,机构专用,招商证券股份有限公司潍坊北海路证券营业部,否
2024-10-17,芯片ETF,512760,0.98,1730.16,1765.47,国信证券股份有限公司深圳泰然九路证券营业部,中国国际金融股份有限公司北京建国门外大街证券营业部,否
2024-10-17,科创50,588000,0.93,370.39,399.99,华泰证券股份有限公司苏州干将西路证券营业部,国信证券股份有限公司北京分公司,否
2024-10-17,光伏ETF,515790,0.74,221.7,300,华泰证券股份有限公司北京月坛南街证券营业部,中国国际金融股份有限公司北京建国门外大街证券营业部,否
2024-10-17,恒生科技,513130,0.54,107.4,200,华泰证券股份有限公司郑州经三路证券营业部,华泰证券股份有限公司郑州农业路证券营业部,否
2024-10-17,医药ETF,512010,0.36,216,600,华泰证券股份有限公司北京月坛南街证券营业部,中国国际金融股份有限公司北京建国门外大街证券营业部,否
2024-10-16,贵州茅台,600519,1522.5,761.25,0.5,华林证券股份有限公司河南分公司,国泰君安证券股份有限公司总部,否
2024-10-16,恒瑞医药,600276,49.18,2409.82,49,国泰君安证券股份有限公司总部,海通证券股份有限公司国际部,否
2024-10-16,中科曙光,603019,49.01,240.15,4.9,中国中金财富证券有限公司福州五四路证券营业部,中国国际金融股份有限公司北京建国门外大街证券营业部,否
2024-10-16,艾力斯,688578,46.5,2046,44,国泰君安证券股份有限公司广州东风中路证券营业部,中信证券股份有限公司上海分公司,否
2024-10-16,艾力斯,688578,46.5,1166.22,25.08,国泰君安证券股份有限公司广州东风中路证券营业部,中信证券股份有限公司上海分公司,否
2024-10-16,艾力斯,688578,46.5,1162.5,25,华金证券股份有限公司上海纪翟路证券营业部,中信证券股份有限公司上海分公司,否
2024-10-16,艾力斯,688578,46.5,833.28,17.92,国泰君安证券股份有限公司广州东风中路证券营业部,中信证券股份有限公司上海分公司,否
2024-10-16,艾力斯,688578,46.5,465,10,机构专用,中信证券股份有限公司上海分公司,否
2024-10-16,艾力斯,688578,46.5,232.5,5,华泰证券股份有限公司上海黄浦区黄陂南路证券营业部,中信证券股份有限公司上海分公司,否
2024-10-16,艾力斯,688578,46.5,232.5,5,瑞银证券有限责任公司上海花园石桥路证券营业部,中信证券股份有限公司上海分公司,否
2024-10-16,艾力斯,688578,46.5,202.28,4.35,华泰证券股份有限公司广州云城东路证券营业部,中信证券股份有限公司上海分公司,否
2024-10-16,艾力斯,688578,46.5,202.28,4.35,长江证券股份有限公司北京百万庄大街证券营业部,中信证券股份有限公司上海分公司,否
2024-10-16,九号公司,689009,41.1,822,20,高盛（中国）证券有限责任公司上海浦东新区世纪大道证券营业部,机构专用,否
2024-10-16,九号公司,689009,41.1,493.2,12,机构专用,机构专用,否
2024-10-16,九号公司,689009,41.1,486.5,11.84,高盛（中国）证券有限责任公司上海浦东新区世纪大道证券营业部,机构专用,否
2024-10-16,九号公司,689009,41.1,411,10,高盛（中国）证券有限责任公司上海浦东新区世纪大道证券营业部,机构专用,否
2024-10-16,九号公司,689009,41.1,205.5,5,华泰证券股份有限公司广东分公司,机构专用,否
2024-10-16,招商银行,600036,39.5,3792,96,国泰君安证券股份有限公司总部,国泰君安证券股份有限公司总部,否
2024-10-16,倍轻松,688793,31.88,4517.4,141.7,中信证券股份有限公司总部(非营业场所),兴业证券股份有限公司山西分公司,否
2024-10-16,倍轻松,688793,31.88,2406.94,75.5,中信证券股份有限公司总部(非营业场所),长城证券股份有限公司福建分公司,否
2024-10-16,倍轻松,688793,31.88,1996.83,62.64,中信证券股份有限公司总部(非营业场所),光大证券股份有限公司厦门展鸿路金融中心大厦证券营业部,否
2024-10-16,中信证券,600030,26.41,950.76,36,国泰君安证券股份有限公司总部,国泰君安证券股份有限公司常州延陵中路证券营业部,否
2024-10-16,世运电路,603920,21.74,1430.25,65.79,机构专用,国泰君安证券股份有限公司总部,否
2024-10-16,世运电路,603920,21.74,286.05,13.16,机构专用,国泰君安证券股份有限公司总部,否
2024-10-16,东威科技,688700,20.22,303.3,15,中信证券股份有限公司总部(非营业场所),中信建投证券股份有限公司昆山长江中路证券营业部,否
2024-10-16,东威科技,688700,20.22,202.2,10,广发证券股份有限公司广州黄埔大道证券营业部,中信建投证券股份有限公司昆山长江中路证券营业部,否
2024-10-16,东威科技,688700,20.22,202.2,10,机构专用,中信建投证券股份有限公司昆山长江中路证券营业部,否
2024-10-16,兴业银行,601166,19.96,3792.4,190,国泰君安证券股份有限公司总部,国泰君安证券股份有限公司总部,否
2024-10-16,华懋科技,603306,19.47,4185.66,214.98,兴业证券股份有限公司厦门杏林湾路证券营业部,国投证券股份有限公司厦门民族路证券营业部,否
2024-10-16,思科瑞,688053,18.3,969.9,53,国信证券股份有限公司深圳泰然九路证券营业部,中航证券有限公司深圳华富路证券营业部,否
2024-10-16,赤峰黄金,600988,18.26,212.73,11.65,长江证券股份有限公司济南经十路证券营业部,湘财证券股份有限公司山东分公司,否
2024-10-16,紫金矿业,601899,17.45,3664.5,210,国泰君安证券股份有限公司总部,国泰君安证券股份有限公司总部,否
2024-10-16,德邦股份,603056,13.38,1649.44,123.28,华泰证券股份有限公司南京长江路证券营业部,中信证券股份有限公司上海张江园区证券营业部,否
2024-10-16,九联科技,688609,12.24,734.4,60,机构专用,广发证券股份有限公司惠州仲恺陈江证券营业部,否
2024-10-16,海通证券,600837,11.51,3453,300,中信证券股份有限公司总部(非营业场所),中信证券股份有限公司太原南中环街证券营业部,否
2024-10-16,湘电股份,600416,11,326.04,29.64,财通证券股份有限公司洞头霞光大道证券营业部,国融证券股份有限公司湖北分公司,否
2024-10-16,西藏珠峰,600338,10.38,2989.44,288,华福证券有限责任公司杭州市心中路证券营业部,恒泰证券股份有限公司上海徐家汇路证券营业部,否
2024-10-16,万盛股份,603010,9,1216.71,135.19,国盛证券有限责任公司台州开发大道证券营业部,金元证券股份有限公司临海鹿城路证券营业部,否
2024-10-16,四川路桥,600039,8.29,215.87,26.04,中国中金财富证券有限公司福州五四路证券营业部,中国国际金融股份有限公司北京建国门外大街证券营业部,否
2024-10-16,中巨芯,688549,6.61,1520.3,230,机构专用,招商证券股份有限公司潍坊北海路证券营业部,否
2024-10-16,兴业证券,601377,6.18,237.87,38.49,国泰君安证券股份有限公司总部,国泰君安证券股份有限公司北京鲁谷路证券营业部,否
2024-10-16,兴业证券,601377,6.18,185.77,30.06,国泰君安证券股份有限公司总部,国泰君安证券股份有限公司北京鲁谷路证券营业部,否
2024-10-16,苏交REIT,508066,6.17,176.55,28.6,兴业证券股份有限公司宁波分公司,机构专用,否
2024-10-16,银龙股份,603969,5.2,973.96,187.3,财通证券股份有限公司洞头霞光大道证券营业部,国融证券股份有限公司湖北分公司,否
2024-10-16,中交REIT,508018,4.94,46.9,9.5,兴业证券股份有限公司宁波分公司,机构专用,否
2024-10-16,华铁应急,603300,4.7,14724.02,3132.77,国泰君安证券股份有限公司总部,德邦证券股份有限公司上海乍浦路营业部,否
2024-10-16,灵康药业,603669,4.14,828,200,机构专用,国信证券股份有限公司杭州向往街证券营业部,否
2024-10-16,300ETF,510300,3.91,23436,6000,财通证券股份有限公司义乌江滨西路证券营业部,华泰证券股份有限公司总部,否
2024-10-16,首创水务,508006,3.67,98.25,26.8,兴业证券股份有限公司宁波分公司,机构专用,否
2024-10-16,厦门安居,508058,3.14,103.69,33,兴业证券股份有限公司宁波分公司,机构专用,否
2024-10-16,京保REIT,508068,3.13,137.49,43.9,兴业证券股份有限公司宁波分公司,机构专用,否
2024-10-16,广东榕泰,600589,2.87,200.67,69.92,浙商证券股份有限公司深圳前海证券营业部,中银国际证券股份有限公司北京宣外大街证券营业部,否
2024-10-16,50ETF,510050,2.75,11016,4000,财通证券股份有限公司义乌江滨西路证券营业部,华泰证券股份有限公司总部,否
2024-10-16,华润有巢,508077,2.6,142.21,54.8,兴业证券股份有限公司宁波分公司,机构专用,否
2024-10-16,西宁特钢,600117,2.49,415.62,166.92,中信证券股份有限公司北京万柳证券营业部,华泰证券股份有限公司西宁新宁路证券营业部,否
2024-10-16,红豆股份,600400,2.25,3037.5,1350,方正证券股份有限公司上海杨高南路证券营业部,申万宏源证券有限公司证券投资总部,否
2024-10-16,1000ETF,512100,2.24,15194.77,6771.29,财通证券股份有限公司义乌江滨西路证券营业部,广发证券股份有限公司总部,否
2024-10-16,康美药业,600518,1.77,2832,1600,机构专用,天风证券股份有限公司深圳后海证券营业部,否
2024-10-16,证券ETF,512880,1.12,15666,14000,中信证券股份有限公司上海分公司,国泰君安证券股份有限公司总部,否
2024-10-16,证券ETF,512880,1.09,1094,1000,华泰证券股份有限公司上海浦东新区世纪大道证券营业部,中国国际金融股份有限公司北京建国门外大街证券营业部,否
2024-10-16,证券ETF,512880,1.09,328.2,300,华泰证券股份有限公司苏州干将西路证券营业部,中国国际金融股份有限公司北京建国门外大街证券营业部,否
2024-10-16,军工ETF,512660,0.99,246.75,250,中信证券股份有限公司泉州温陵北路证券营业部,中国国际金融股份有限公司北京建国门外大街证券营业部,否
2024-10-16,光伏ETF,515790,0.75,234.48,312.64,机构专用,瑞银证券有限责任公司上海花园石桥路证券营业部,否
2024-10-15,贵州茅台,600519,1554.25,1554.25,1,华林证券股份有限公司河南分公司,国泰君安证券股份有限公司总部,否
2024-10-15,贵州茅台,600519,1554.25,777.13,0.5,华林证券股份有限公司河南分公司,国泰君安证券股份有限公司总部,否
2024-10-15,茂莱光学,688502,122.55,1102.95,9,方正证券股份有限公司总部,国投证券股份有限公司南京华创路证券营业部,否
2024-10-15,奕瑞科技,688301,110.04,2200.8,20,机构专用,申万宏源证券有限公司海南分公司,否
2024-10-15,奕瑞科技,688301,110.04,1650.6,15,机构专用,申万宏源证券有限公司海南分公司,否
2024-10-15,奕瑞科技,688301,110.04,1650.6,15,机构专用,申万宏源证券有限公司海南分公司,否
2024-10-15,奕瑞科技,688301,110.04,1100.4,10,机构专用,申万宏源证券有限公司海南分公司,否
2024-10-15,奕瑞科技,688301,110.04,1100.4,10,机构专用,申万宏源证券有限公司海南分公司,否
2024-10-15,奕瑞科技,688301,110.04,1100.4,10,机构专用,申万宏源证券有限公司海南分公司,否
2024-10-15,奕瑞科技,688301,110.04,1100.4,10,高盛（中国）证券有限责任公司上海浦东新区世纪大道证券营业部,申万宏源证券有限公司海南分公司,否
2024-10-15,奕瑞科技,688301,110.04,880.32,8,中信证券股份有限公司南京双龙大道证券营业部,申万宏源证券有限公司海南分公司,否
2024-10-15,奕瑞科技,688301,110.04,550.2,5,机构专用,申万宏源证券有限公司海南分公司,否
2024-10-15,奕瑞科技,688301,110.04,440.16,4,平安证券股份有限公司广州华夏路证券营业部,申万宏源证券有限公司海南分公司,否
2024-10-15,奕瑞科技,688301,110.04,330.12,3,中信证券股份有限公司徐州建国西路证券营业部,申万宏源证券有限公司海南分公司,否
2024-10-15,奕瑞科技,688301,110.04,330.12,3,机构专用,申万宏源证券有限公司海南分公司,否
2024-10-15,奕瑞科技,688301,110.04,330.12,3,机构专用,申万宏源证券有限公司海南分公司,否
2024-10-15,奕瑞科技,688301,110.04,275.1,2.5,瑞银证券有限责任公司上海花园石桥路证券营业部,申万宏源证券有限公司海南分公司,否
2024-10-15,奕瑞科技,688301,110.04,220.08,2,华泰证券股份有限公司南京分公司,申万宏源证券有限公司海南分公司,否
2024-10-15,奕瑞科技,688301,110.04,220.08,2,华泰证券股份有限公司南京分公司,申万宏源证券有限公司海南分公司,否
2024-10-15,奕瑞科技,688301,110.04,220.08,2,国泰君安证券股份有限公司总部,申万宏源证券有限公司海南分公司,否
2024-10-15,奕瑞科技,688301,110.04,220.08,2,招商证券股份有限公司西安北大街证券营业部,申万宏源证券有限公司海南分公司,否
2024-10-15,奕瑞科技,688301,110.04,220.08,2,招商证券股份有限公司西安北大街证券营业部,申万宏源证券有限公司海南分公司,否
2024-10-15,奕瑞科技,688301,110.04,220.08,2,机构专用,申万宏源证券有限公司海南分公司,否
2024-10-15,奕瑞科技,688301,110.04,220.08,2,长城证券股份有限公司总部,申万宏源证券有限公司海南分公司,否
2024-10-15,奕瑞科技,688301,110.04,200.27,1.82,中国中金财富证券有限公司深圳分公司,申万宏源证券有限公司海南分公司,否
2024-10-15,奕瑞科技,688301,110.04,200.27,1.82,华泰证券股份有限公司北京雍和宫证券营业部,申万宏源证券有限公司海南分公司,否
2024-10-15,奕瑞科技,688301,110.04,200.27,1.82,国投证券股份有限公司连云港郁州北路证券营业部,申万宏源证券有限公司海南分公司,否
2024-10-15,奕瑞科技,688301,110.04,200.27,1.82,国投证券股份有限公司连云港郁州北路证券营业部,申万宏源证券有限公司海南分公司,否
2024-10-15,奕瑞科技,688301,110.04,200.27,1.82,机构专用,申万宏源证券有限公司海南分公司,否
2024-10-15,奕瑞科技,688301,110.04,200.27,1.82,民生证券股份有限公司苏州分公司,申万宏源证券有限公司海南分公司,否
2024-10-15,奕瑞科技,688301,110.04,200.27,1.82,民生证券股份有限公司苏州分公司,申万宏源证券有限公司海南分公司,否
2024-10-15,中科飞测,688361,77,539,7,万联证券股份有限公司苏州南园北路证券营业部,中泰证券股份有限公司青岛香港中路证券营业部,否
2024-10-15,逸飞激光,688646,28.13,562.6,20,东兴证券股份有限公司成都都江堰市迎宾路证券营业部,中信建投证券股份有限公司武汉珞喻东路证券营业部,否
2024-10-15,九丰能源,605090,25.43,11443.5,450,机构专用,中国中金财富证券有限公司广州分公司,否
2024-10-15,士兰微,600460,25,281.25,11.25,中国中金财富证券有限公司福州五四路证券营业部,中国国际金融股份有限公司北京建国门外大街证券营业部,否
2024-10-15,路维光电,688401,22.68,3515.4,155,海通证券股份有限公司上海临港分公司,国泰君安证券股份有限公司深圳福田中心区华融大厦证券营业部,否
2024-10-15,路维光电,688401,22.68,3311.28,146,长江证券股份有限公司上海都市路证券营业部,国泰君安证券股份有限公司深圳福田中心区华融大厦证券营业部,否
2024-10-15,路维光电,688401,22.68,340.2,15,中信建投证券股份有限公司北京东三环中路证券营业部,国泰君安证券股份有限公司深圳福田中心区华融大厦证券营业部,否
2024-10-15,至纯科技,603690,21.98,1830.93,83.3,中信建投证券股份有限公司上海市华灵路证券营业部,中信建投证券股份有限公司上海市徐家汇路证券营业部,否
2024-10-15,思科瑞,688053,18.74,712.12,38,国信证券股份有限公司深圳宝安兴华一路证券营业部,中航证券有限公司深圳华富路证券营业部,否
2024-10-15,思科瑞,688053,18.74,356.06,19,国信证券股份有限公司深圳泰然九路证券营业部,中航证券有限公司深圳华富路证券营业部,否
2024-10-15,紫金矿业,601899,17.13,1157.3,67.56,国泰君安证券股份有限公司总部,中国中金财富证券有限公司北京北三环东路证券营业部,否
2024-10-15,紫金矿业,601899,17.13,513.9,30,国泰君安证券股份有限公司总部,华泰证券股份有限公司北京苏州街证券营业部,否
2024-10-15,紫金矿业,601899,17.13,428.25,25,国泰君安证券股份有限公司总部,中国银河证券股份有限公司沈阳三经街证券营业部,否
2024-10-15,紫金矿业,601899,17.13,223.38,13.04,国泰君安证券股份有限公司总部,中国中金财富证券有限公司北京北三环东路证券营业部,否
2024-10-15,湘电股份,600416,12.2,970.02,79.51,财通证券股份有限公司洞头霞光大道证券营业部,国投证券股份有限公司广州新港东路证券营业部,否
2024-10-15,九联科技,688609,12.1,1367.3,113,机构专用,中国中金财富证券有限公司广州分公司,否
2024-10-15,海通证券,600837,10.7,1070,100,中信证券股份有限公司总部(非营业场所),中信证券股份有限公司太原南中环街证券营业部,否
2024-10-15,京能光伏,508096,10.5,143.81,13.7,兴业证券股份有限公司宁波分公司,机构专用,否
2024-10-15,国家电投,508028,10.06,204.12,20.3,兴业证券股份有限公司宁波分公司,机构专用,否
2024-10-15,万盛股份,603010,9,1350,150,国盛证券有限责任公司台州开发大道证券营业部,金元证券股份有限公司临海鹿城路证券营业部,否
2024-10-15,汇成股份,688403,8.86,549.32,62,海通证券股份有限公司合肥黄山路证券营业部,海通证券股份有限公司合肥黄山路证券营业部,否
2024-10-15,建设银行,601939,8.22,205.5,25,华泰证券股份有限公司总部,国投证券股份有限公司总部,否
2024-10-15,明阳REIT,508015,7.55,21.14,2.8,兴业证券股份有限公司宁波分公司,机构专用,否
2024-10-15,交通银行,601328,7.28,6252.52,858.86,中信证券股份有限公司总部(非营业场所),中信证券股份有限公司太原南中环街证券营业部,否
2024-10-15,国检集团,603060,6.83,1845.85,270.26,华安证券股份有限公司北京东三环中路证券营业部,中国国际金融股份有限公司北京建国门外大街证券营业部,否
2024-10-15,中巨芯,688549,6.66,1332,200,机构专用,招商证券股份有限公司潍坊北海路证券营业部,否
2024-10-15,大秦铁路,601006,6.64,232.4,35,华泰证券股份有限公司总部,国投证券股份有限公司总部,否
2024-10-15,上港集团,600018,6.18,988.8,160,东兴证券股份有限公司三明列东街证券营业部,海通证券股份有限公司上海嘉定区洪德路证券营业部,否
2024-10-15,齐鲁银行,601665,5.07,4233.04,834.92,申万宏源证券有限公司证券投资总部,申万宏源证券有限公司重庆小新街证券营业部,否
2024-10-15,临港REIT,508021,4.32,33.7,7.8,兴业证券股份有限公司宁波分公司,机构专用,否
2024-10-15,东吴苏园,508027,3.48,157.13,45.1,兴业证券股份有限公司宁波分公司,机构专用,否
2024-10-15,东久REIT,508088,3.24,231.62,71.4,兴业证券股份有限公司宁波分公司,机构专用,否
2024-10-15,厦门安居,508058,3.14,854.48,272.3,中信建投证券股份有限公司总部,中国国际金融股份有限公司北京建国门外大街证券营业部,否
2024-10-15,京东仓储,508098,2.66,60.94,22.9,兴业证券股份有限公司宁波分公司,机构专用,否
2024-10-15,物美消费,508011,2.65,21.42,8.1,兴业证券股份有限公司宁波分公司,机构专用,否
2024-10-15,海泰发展,600082,2.46,1181.8,480.4,中信证券股份有限公司天津分公司,中信证券股份有限公司天津分公司,否
2024-10-15,湖北科投,508019,2.34,135.48,57.8,兴业证券股份有限公司宁波分公司,机构专用,否
2024-10-15,康美药业,600518,1.79,2864,1600,机构专用,天风证券股份有限公司深圳后海证券营业部,否
2024-10-15,海航控股,600221,1.28,4220.42,3297.2,中信证券华南股份有限公司海南分公司,中国中金财富证券有限公司北京建国门外大街证券营业部,否
2024-10-15,军工龙头,512710,0.61,122.8,200,华泰证券股份有限公司上海浦东新区世纪大道证券营业部,中国国际金融股份有限公司北京建国门外大街证券营业部,否
2024-10-15,医药ETF,512010,0.37,259,700,兴业证券股份有限公司福州湖东路证券营业部,中国银河证券股份有限公司总部,否
2024-10-15,医药ETF,512010,0.37,259,700,华泰证券股份有限公司上海浦东新区世纪大道证券营业部,中国银河证券股份有限公司总部,否
2024-10-15,医药ETF,512010,0.37,222,600,东方证券股份有限公司公司总部,兴业证券股份有限公司福州湖东路证券营业部,否
2024-10-15,医药ETF,512010,0.37,111,300,华泰证券股份有限公司深圳后海中心路证券营业部,中国银河证券股份有限公司总部,否
2024-10-14,百利天恒,688506,200,200,1,平安证券股份有限公司济南解放路证券营业部,平安证券股份有限公司济南解放路证券营业部,否
2024-10-14,茂莱光学,688502,118.87,1069.83,9,中信证券股份有限公司总部(非营业场所),国投证券股份有限公司南京华创路证券营业部,否
2024-10-14,南微医学,688029,69.82,778.49,11.15,中国国际金融股份有限公司北京建国门外大街证券营业部,平安证券股份有限公司深圳金田路证券营业部,否
2024-10-14,药明康德,603259,51.9,217.98,4.2,华泰证券股份有限公司总部,中信证券股份有限公司上海分公司,否
2024-10-14,艾力斯,688578,47.74,238.7,5,平安证券股份有限公司广州华夏路证券营业部,中信证券股份有限公司上海分公司,否
2024-10-14,艾力斯,688578,47.74,205.28,4.3,机构专用,中信证券股份有限公司上海分公司,否
2024-10-14,艾力斯,688578,47.74,205.28,4.3,民生证券股份有限公司苏州分公司,中信证券股份有限公司上海分公司,否
2024-10-14,口子窖,603589,43.12,215.6,5,华泰证券股份有限公司总部,中信证券股份有限公司上海分公司,否
2024-10-14,口子窖,603589,43.12,215.6,5,华泰证券股份有限公司总部,中信证券股份有限公司上海分公司,否
2024-10-14,四方光电,688665,32.24,506.17,15.7,东方证券股份有限公司上海青浦区五厍浜路证券营业部,湘财证券股份有限公司深圳分公司,否
2024-10-14,昊华科技,600378,29.52,779.33,26.4,中国国际金融股份有限公司北京建国门外大街证券营业部,平安证券股份有限公司深圳金田路证券营业部,否
2024-10-14,逸飞激光,688646,28.89,288.9,10,中信证券股份有限公司总部(非营业场所),中信建投证券股份有限公司武汉珞喻东路证券营业部,否
2024-10-14,九丰能源,605090,27.34,218.72,8,华泰证券股份有限公司总部,中信证券股份有限公司上海分公司,否
2024-10-14,中船防务,600685,26.24,236.16,9,华泰证券股份有限公司总部,中信证券股份有限公司上海分公司,否
2024-10-14,燕麦科技,688312,26,312,12,华泰证券股份有限公司南京文澜路证券营业部,中信证券股份有限公司北京金融大街证券营业部,否
2024-10-14,燕麦科技,688312,26,312,12,招商证券股份有限公司西安北大街证券营业部,中信证券股份有限公司北京金融大街证券营业部,否
2024-10-14,燕麦科技,688312,26,301.6,11.6,中信证券股份有限公司徐州建国西路证券营业部,中信证券股份有限公司北京金融大街证券营业部,否
2024-10-14,燕麦科技,688312,26,208,8,机构专用,中信证券股份有限公司北京金融大街证券营业部,否
2024-10-14,九丰能源,605090,25.62,5124,200,机构专用,中国中金财富证券有限公司广州分公司,否
2024-10-14,新华网,603888,22.94,229.4,10,华泰证券股份有限公司总部,中信证券股份有限公司上海分公司,否
2024-10-14,至纯科技,603690,21.98,219.8,10,华泰证券股份有限公司总部,中信证券股份有限公司上海分公司,否
2024-10-14,正泰电器,601877,21.66,216.6,10,华泰证券股份有限公司总部,中信证券股份有限公司上海分公司,否
2024-10-14,易德龙,603380,20.31,203.1,10,中信证券股份有限公司南京双龙大道证券营业部,南京证券股份有限公司苏州南天成路证券营业部,否
2024-10-14,甬金股份,603995,19.95,400.4,20.07,中国国际金融股份有限公司北京建国门外大街证券营业部,平安证券股份有限公司深圳金田路证券营业部,否
2024-10-14,金博股份,688598,18.16,200.23,11.03,平安证券股份有限公司银川凤凰北街证券营业部,平安证券股份有限公司佛山季华六路证券营业部,否
2024-10-14,思科瑞,688053,18.14,399.08,22,国信证券股份有限公司深圳宝安兴华一路证券营业部,中航证券有限公司深圳华富路证券营业部,否
2024-10-14,思科瑞,688053,18.14,399.08,22,国信证券股份有限公司深圳泰然九路证券营业部,中航证券有限公司深圳华富路证券营业部,否
2024-10-14,思科瑞,688053,18.14,362.8,20,国信证券股份有限公司深圳宝安兴华一路证券营业部,中航证券有限公司深圳华富路证券营业部,否
2024-10-14,沐邦高科,603398,17.38,2535.05,145.86,兴业证券股份有限公司上海锦康路证券营业部,国金证券股份有限公司上海静安区南京西路证券营业部,否
2024-10-14,宝丰能源,600989,16.85,1745.49,103.59,中国国际金融股份有限公司北京建国门外大街证券营业部,平安证券股份有限公司深圳金田路证券营业部,否
2024-10-14,井松智能,688251,16.59,248.85,15,中信证券股份有限公司总部(非营业场所),中泰证券股份有限公司江苏分公司,否
2024-10-14,潞安环能,601699,16.59,215.67,13,华泰证券股份有限公司总部,中信证券股份有限公司上海分公司,否
2024-10-14,东航物流,601156,15.7,6955.1,443,国联证券股份有限公司上海飞虹路证券营业部,中信证券股份有限公司上海分公司,否
2024-10-14,东航物流,601156,15.7,502.4,32,中信建投证券股份有限公司总部,中信证券股份有限公司上海分公司,否
2024-10-14,东航物流,601156,15.7,283.86,18.08,华泰证券股份有限公司南京文澜路证券营业部,中信证券股份有限公司上海分公司,否
2024-10-14,东航物流,601156,15.7,207.24,13.2,华泰证券股份有限公司广东分公司,中信证券股份有限公司上海分公司,否
2024-10-14,东航物流,601156,15.7,207.24,13.2,机构专用,中信证券股份有限公司上海分公司,否
2024-10-14,东航物流,601156,15.7,207.24,13.2,民生证券股份有限公司苏州分公司,中信证券股份有限公司上海分公司,否
2024-10-14,永安期货,600927,15.07,226.05,15,华泰证券股份有限公司总部,中信证券股份有限公司上海分公司,否
2024-10-14,恒力石化,600346,14.96,684.87,45.78,中国国际金融股份有限公司北京建国门外大街证券营业部,平安证券股份有限公司深圳金田路证券营业部,否
2024-10-14,中金黄金,600489,14.45,1486.04,102.84,中国国际金融股份有限公司北京建国门外大街证券营业部,平安证券股份有限公司深圳金田路证券营业部,否
2024-10-14,中金黄金,600489,14.45,219.64,15.2,华泰证券股份有限公司总部,中信证券股份有限公司上海分公司,否
2024-10-14,明泰铝业,601677,14.4,1374.05,95.42,中国国际金融股份有限公司北京建国门外大街证券营业部,平安证券股份有限公司深圳金田路证券营业部,否
2024-10-14,厦门空港,600897,14.23,213.45,15,华泰证券股份有限公司总部,中信证券股份有限公司上海分公司,否
2024-10-14,璞泰来,603659,13.97,223.52,16,华泰证券股份有限公司总部,中信证券股份有限公司上海分公司,否
2024-10-14,德邦股份,603056,13.74,2995.32,218,中国中金财富证券有限公司深圳深业上城证券营业部,中信证券股份有限公司上海张江园区证券营业部,否
2024-10-14,九联科技,688609,12.82,1564.04,122,机构专用,中国中金财富证券有限公司广州分公司,否
2024-10-14,三安光电,600703,12.59,214.03,17,华泰证券股份有限公司总部,中信证券股份有限公司上海分公司,否
2024-10-14,应流股份,603308,12.31,221.58,18,华泰证券股份有限公司总部,中信证券股份有限公司上海分公司,否
2024-10-14,应流股份,603308,12.31,221.58,18,华泰证券股份有限公司总部,中信证券股份有限公司上海分公司,否
2024-10-14,汇宇制药,688553,12.13,4997.56,412,国盛证券有限责任公司南昌金融大街证券营业部,兴业证券股份有限公司南昌洪城路证券营业部,否
2024-10-14,凯众股份,603037,11.49,2453.57,213.54,海通证券股份有限公司上海闵行区沪闵路证券营业部,中国银河证券股份有限公司庆元濛洲街证券营业部,否
2024-10-14,用友网络,600588,11.3,214.7,19,华泰证券股份有限公司总部,中信证券股份有限公司上海分公司,否
2024-10-14,东方证券,600958,10.69,213.8,20,华泰证券股份有限公司总部,中信证券股份有限公司上海分公司,否
2024-10-14,涪陵电力,600452,10.01,220.22,22,华泰证券股份有限公司总部,中信证券股份有限公司上海分公司,否
2024-10-14,恒润股份,603985,10,500,50,中信建投证券股份有限公司总部,招商证券股份有限公司江阴虹桥南路证券营业部,否
2024-10-14,恒润股份,603985,10,200,20,国泰君安证券股份有限公司总部,招商证券股份有限公司江阴虹桥南路证券营业部,否
2024-10-14,恒润股份,603985,10,200,20,广发证券股份有限公司广州黄埔大道证券营业部,招商证券股份有限公司江阴虹桥南路证券营业部,否
2024-10-14,恒润股份,603985,10,200,20,机构专用,招商证券股份有限公司江阴虹桥南路证券营业部,否
2024-10-14,恒润股份,603985,10,200,20,海通证券股份有限公司哈尔滨果戈里大街证券营业部,招商证券股份有限公司江阴虹桥南路证券营业部,否
2024-10-14,万盛股份,603010,9,900,100,浙商证券股份有限公司临海崇和路证券营业部,金元证券股份有限公司临海鹿城路证券营业部,否
2024-10-14,中国石油,601857,8.75,218.75,25,华泰证券股份有限公司总部,中信证券股份有限公司上海分公司,否
2024-10-14,古越龙山,600059,8.68,1267.63,146.04,中国国际金融股份有限公司北京建国门外大街证券营业部,平安证券股份有限公司深圳金田路证券营业部,否
2024-10-14,三六零,601360,8.47,220.22,26,华泰证券股份有限公司总部,中信证券股份有限公司上海分公司,否
2024-10-14,交通银行,601328,7.44,5952,800,中信证券股份有限公司总部(非营业场所),中信证券股份有限公司太原南中环街证券营业部,否
2024-10-14,四川路桥,600039,7.38,243.54,33,华泰证券股份有限公司总部,中信证券股份有限公司上海分公司,否
2024-10-14,复洁环保,688335,7.2,746.09,103.62,中信证券股份有限公司南京双龙大道证券营业部,五矿证券有限公司浙江分公司,否
2024-10-14,中巨芯,688549,6.96,835.2,120,机构专用,海通证券股份有限公司上海浦东分公司,否
2024-10-14,中巨芯,688549,6.92,1038,150,机构专用,招商证券股份有限公司潍坊北海路证券营业部,否
2024-10-14,天富能源,600509,5.71,216.98,38,华泰证券股份有限公司总部,中信证券股份有限公司上海分公司,否
2024-10-14,中国电建,601669,5.63,1006.31,178.74,中国国际金融股份有限公司北京建国门外大街证券营业部,平安证券股份有限公司深圳金田路证券营业部,否
2024-10-14,华铁应急,603300,5.21,208.4,40,华泰证券股份有限公司总部,中信证券股份有限公司上海分公司,否
2024-10-14,方大炭素,600516,5.17,2993.43,579,瑞银证券有限责任公司上海花园石桥路证券营业部,瑞银证券有限责任公司上海花园石桥路证券营业部,否
2024-10-14,浙江东方,600120,4.57,228.5,50,华泰证券股份有限公司总部,中信证券股份有限公司上海分公司,否
2024-10-14,南山铝业,600219,4.23,8146.98,1926,财通证券股份有限公司深圳分公司,光大证券股份有限公司青岛香港西路证券营业部,否
2024-10-14,南山铝业,600219,4.23,7013.34,1658,中信建投证券股份有限公司北京玉泉路证券营业部,光大证券股份有限公司青岛香港西路证券营业部,否
2024-10-14,盟科药业,688373,3.75,300,80,中信证券股份有限公司总部(非营业场所),华泰证券股份有限公司北京分公司,否
2024-10-14,盟科药业,688373,3.75,225,60,中信建投证券股份有限公司北京望京证券营业部,华泰证券股份有限公司北京分公司,否
2024-10-14,盟科药业,688373,3.75,187.5,50,机构专用,华泰证券股份有限公司北京分公司,否
2024-10-14,盟科药业,688373,3.75,112.5,30,中信证券股份有限公司徐州建国西路证券营业部,华泰证券股份有限公司北京分公司,否
2024-10-14,厦门安居,508058,3.14,854.21,272.3,中国国际金融股份有限公司北京建国门外大街证券营业部,国信证券股份有限公司公司总部,否
2024-10-14,厦门安居,508058,3.14,853.93,272.3,国信证券股份有限公司公司总部,中信建投证券股份有限公司总部,否
2024-10-14,城投宽庭,508031,3.12,299.52,96,广发证券股份有限公司上海漕溪北路证券营业部,广发证券股份有限公司慈溪浒山路证券营业部,否
2024-10-14,山鹰国际,600567,1.6,1192.73,745.45,国投证券股份有限公司福州分公司,中信证券股份有限公司上海普陀区常德路证券营业部,否
2024-10-14,半导体,512480,0.91,1314.18,1445.74,国信证券股份有限公司深圳泰然九路证券营业部,中国国际金融股份有限公司北京建国门外大街证券营业部,否
2024-10-14,半导体,512480,0.91,454.5,500,华泰证券股份有限公司上海浦东新区世纪大道证券营业部,中国国际金融股份有限公司北京建国门外大街证券营业部,否
2024-10-14,半导体,512480,0.91,454.5,500,华泰证券股份有限公司苏州干将西路证券营业部,中国国际金融股份有限公司北京建国门外大街证券营业部,否
2024-10-14,医药ETF,512010,0.38,114.6,300,兴业证券股份有限公司福州湖东路证券营业部,中国银河证券股份有限公司总部,否
